instrument_id,name,acronym,owner,owner_normalised,owner_category,year_established,year_established_detail,year_source_url,status,geographic_scope,instrument_type,bindingness,adoption_driver,trust_stack_layer,interoperability_posture,problem_domain,harm_family,harm_family_confidence,sector_family,sector_family_confidence,sector_detail,cluster,object_attributes,public_harm_addressed,wito_relevance,references_builds_on,adoption_penetration,adoption_figure_found,effectiveness_verified,effectiveness_evidence_found,compliance_cost,compliance_cost_found,source_url,source_note
1,Drug Supply Chain Security Act,DSCSA,US FDA (Title II of the Drug Quality and Security Act),US FDA,public,2013,2013,,phased-in,national,binding-regulation,mandatory,mandate-driven,mandating-regulation,mutual-recognition,Product integrity,Counterfeiting & falsification,high,Pharmaceuticals & medical devices,high,pharmaceuticals,Pharma & Medical,"identity, authenticity-anti-counterfeit, chain-of-custody",counterfeit/diverted prescription drugs in the US supply chain,mandate-owner to recognize,GS1 system,"US federal mandate covering essentially all human, finished, prescription drugs across the domestic supply chain (manufacturers, repackagers, wholesale distributors, dispensers). Enhanced interoperable, electronic, package-level traceability requirements became effective 27 Nov 2023; FDA issued a one-year stabilization exemption to 27 Nov 2024, with further phased dispenser timelines into 2025 (FDA).",1,"inconclusive: No rigorous peer-reviewed outcome evaluation establishes that serialization/track-and-trace (EU FMD, operational 2019; US DSCSA) has reduced falsified-medicine incidence. WHO reports that substandard/falsified products concentrate in low- and middle-income countries (~1 in 10 medicines) and in informal markets and unauthorized online sales - channels largely outside the regulated supply chains these systems secure - and lists track-and-trace as only one enabling tool among many. Legal-supply-chain baseline incidence in the EU/US was already very low, so a measurable incidence reduction attributable to serialization has not been demonstrated.",1,No published compliance-cost figure identified,0,https://www.fda.gov/drugs/drug-supply-chain-integrity/drug-supply-chain-security-act-dscsa,FDA page confirms 2013 enactment and package-level interoperable electronic trace goal phased over ten years.
2,Falsified Medicines Directive,FMD (2011/62/EU),EU Parliament and Council (amends Dir 2001/83/EC),European Union,public,2011,2011,,in force,regional,binding-regulation,mandatory,mandate-driven,mandating-regulation,mutual-recognition,Product integrity,Counterfeiting & falsification,high,Pharmaceuticals & medical devices,high,pharmaceuticals,Pharma & Medical,"authenticity-anti-counterfeit, safety, identity",falsified medicines entering the legal supply chain,mandate-owner to recognize,GS1 system,"Mandatory across 30 European countries (all EU Member States plus the EEA and Switzerland) operating the verification system it requires; safety features on prescription-medicine packs live since 9 Feb 2019 (EMVO system description, 2019). [https://health.ec.europa.eu/document/download/59efb019-57a1-4161-99a2-9b5cc63d3d26_en?filename=trends_medicinal-products-falsification_study_en.pdf]",1,limited - the EU Commission study supporting its report to the European Parliament (2024) concluded 'conclusions can hardly be drawn about its overall effectiveness'; only a handful of falsifications were detected in the legal supply chain (EMA confirmed cases fell from 24 in 2017 to 3 in 2022) and 2023 Q2 decommissioning averaged only 75.4%. [https://health.ec.europa.eu/document/download/59efb019-57a1-4161-99a2-9b5cc63d3d26_en?filename=trends_medicinal-products-falsification_study_en.pdf],1,No published compliance-cost figure identified,0,https://eur-lex.europa.eu/legal-content/EN/TXT/?uri=celex:32011L0062,EUR-Lex confirms Directive 2011/62/EU of 8 June 2011 on preventing falsified medicinal products.
3,Delegated Regulation on safety features,EU 2016/161,European Commission,European Union,public,2016,2016,,in force,regional,binding-regulation,mandatory,mandate-driven,identifier,mutual-recognition,Product integrity,Counterfeiting & falsification,high,Pharmaceuticals & medical devices,high,pharmaceuticals,Pharma & Medical,"authenticity-anti-counterfeit, identity, safety",verification of medicine authenticity at dispensing,mandate-owner to recognize,Commission Delegated Regulation implementing the Falsified Medicines Directive 2011/62/EU (defines the unique identifier and anti-tampering device).,Applies in the 30 EMVS countries; requires a unique identifier (2D Data Matrix) plus an anti-tampering device on prescription packs from 9 Feb 2019 (Italy and Greece on a six-year extended timeline). [https://health.ec.europa.eu/document/download/59efb019-57a1-4161-99a2-9b5cc63d3d26_en?filename=trends_medicinal-products-falsification_study_en.pdf],1,"limited - the same EU Commission 2024 study found the safety-features system detected only a few falsified medicines in the legal supply chain and that overall effectiveness could not be established, partly due to incomplete implementation and low decommissioning rates. [https://health.ec.europa.eu/document/download/59efb019-57a1-4161-99a2-9b5cc63d3d26_en?filename=trends_medicinal-products-falsification_study_en.pdf]",1,No published compliance-cost figure identified,0,https://eur-lex.europa.eu/eli/reg_del/2016/161/oj/eng,EUR-Lex ELI confirms Delegated Reg (EU) 2016/161 detailing the unique identifier and anti-tampering safety features; applied 9 Feb 2019.
4,European Medicines Verification System / Organisation,EMVS / EMVO,European Medicines Verification Organisation (industry stakeholder non-profit),European Medicines Verification Organisation,hybrid,2015,2015,,in force,regional,NGO-multistakeholder-scheme,de-facto-required-for-market-access,mandate-driven,traceability-exchange-protocol,mutual-recognition,Product integrity,Counterfeiting & falsification,high,Pharmaceuticals & medical devices,high,pharmaceuticals,Pharma & Medical,"authenticity-anti-counterfeit, identity",falsified medicines reaching patients,sectoral scheme/standard,Legal basis: Falsified Medicines Directive 2011/62/EU and Delegated Regulation (EU) 2016/161 on safety features.,"30 participating countries; ~2,800 pharmaceutical companies onboarded to the EU Hub and 120,000+ connected end-users (110,000+ pharmacies, 6,000+ hospital pharmacies, 4,000+ wholesalers); operational since 9 Feb 2019 (EMVO 'EMVS Explained'). [https://emvo-medicines.eu/wp-content/uploads/The-European-Medicines-Verification-System-Explained.pdf]",1,limited - EU Commission 2024 study concluded the system has contributed to detecting only a few falsification cases and that its overall effectiveness could not be demonstrated. [https://emvo-medicines.eu/wp-content/uploads/The-European-Medicines-Verification-System-Explained.pdf],1,No published compliance-cost figure identified,0,https://emvo-medicines.eu/about/,EMVO site confirms 2015 founding and operation of the European Hub / EMVS mandated by the FMD.
5,GDSN for Healthcare,GDSN,GS1 (certified data pools),GS1,NGO-multistakeholder,2004,2004,,in force,global-multilateral,voluntary-consensus-standard,voluntary,market-driven,data-credential-model,mutual-recognition,Product integrity,Unsafe or non-compliant products,high,Pharmaceuticals & medical devices,high,medical devices and pharmaceuticals,Pharma & Medical,"identity, composition, safety",inaccurate product master data affecting patient safety,sectoral scheme/standard,GS1,"Nearly 1 million healthcare items registered in the GDSN (growth driven largely by the US FDA UDI rule); GDSN overall used by 25,000+ companies across more than 150 countries (GS1 UK). [https://www.gs1uk.org/insights/news/gdsn-now-holds-global-data-on-almost-1-million-healthcare-items]",1,No published outcome evaluation identified,0,No published compliance-cost figure identified,0,https://www.gs1.org/industries/healthcare/share-data/gdsn,GS1 healthcare page confirms GDSN shares trusted master product data across partners as a global standard.
6,FDA Unique Device Identification,UDI (21 CFR 830),US FDA,US FDA,public,2013,2013,,phased-in,national,binding-regulation,mandatory,mandate-driven,mandating-regulation,mutual-recognition,Product integrity,Unsafe or non-compliant products,high,Pharmaceuticals & medical devices,high,medical devices,Pharma & Medical,"identity, safety, authenticity-anti-counterfeit",inability to identify/trace and recall unsafe or counterfeit devices,mandate-owner to recognize,GS1,"5,152,799 device identifier records in the GUDID full release dated 3 July 2026 (AccessGUDID/NLM); 7,681 US labelers per FDA GUDID data trends (data current 8 Dec 2025). [https://accessgudid.nlm.nih.gov/download]",1,No published outcome evaluation identified,0,No published compliance-cost figure identified,0,https://www.fda.gov/medical-devices/device-advice-comprehensive-regulatory-assistance/unique-device-identification-system-udi-system,"FDA page confirms 2013 final rule, mandatory UDI, GUDID submission, and use of issuing agencies GS1/HIBCC/ICCBBA."
7,EU MDR UDI system / EUDAMED,MDR 2017/745 UDI,European Commission and national competent authorities,European Union,public,2017,2017,,phased-in,regional,binding-regulation,mandatory,mandate-driven,mandating-regulation,mutual-recognition,Product integrity,Unsafe or non-compliant products,high,Pharmaceuticals & medical devices,high,medical devices,Pharma & Medical,"identity, safety, chain-of-custody",weak traceability and post-market surveillance of devices,mandate-owner to recognize,Implements Regulation (EU) 2017/745 (MDR) and Regulation (EU) 2017/746 (IVDR); operational framework set by Commission Implementing Regulation (EU) 2021/2078; its UDI model aligns with the IMDRF UDI System Application Guide.,"The EUDAMED Actor registration, UDI/Device registration, Notified Bodies & Certificates, and Market Surveillance modules become mandatory EU-wide on 28 May 2026 (per the European Commission); two further modules — Post-Market Surveillance/Vigilance and Clinical Investigation/Performance Studies — remain under development with no set mandatory date. [https://health.ec.europa.eu/medical-devices-eudamed/overview_en]",1,No published evaluation identified (checked),0,No published compliance-cost figure identified,0,https://eur-lex.europa.eu/eli/reg/2017/745/2020-04-24/eng,"EUR-Lex confirms Reg (EU) 2017/745 (5 Apr 2017); Basic UDI-DI/UDI-DI/PI with EUDAMED registration, device module mandatory from 2026."
8,IMDRF UDI System / Application Guide,IMDRF UDI,International Medical Device Regulators Forum,International Medical Device Regulators Forum,public,2013,2013,,in force,global-multilateral,govt-referenced-standard,voluntary,mandate-driven,governance-mutual-recognition,mutual-recognition,System interoperability,Interoperability & fragmentation failure,high,Pharmaceuticals & medical devices,high,medical devices,Pharma & Medical,"identity, safety","fragmented, non-interoperable national device identification",peer framework,"The Application Guide recognizes three accredited UDI issuing agencies as conformant device-identification systems: GS1, HIBCC, and ICCBBA.","Founding IMDRF regulatory members (US FDA, EU, Japan's PMDA, Health Canada, Australia's TGA, Brazil's ANVISA, and the Asian Harmonization Working Party) aligned on the UDI approach from the guide's inception; China's regulator joined IMDRF as a full member in March 2013 and adopted the UDI framework. [https://www.raps.org/resource/imdrf-issues-major-guidance-outlining-udi-framewor.html]",1,No published evaluation identified (checked),0,No published compliance-cost figure identified,0,https://www.imdrf.org/working-groups/unique-device-identification-udi-application-guide,IMDRF working-group listing confirms it issues the harmonized regulator UDI Application Guide.
9,WHO Global Surveillance and Monitoring System,WHO GSMS,World Health Organization,World Health Organization,public,2013,2013,,in force,global-multilateral,govt-referenced-standard,voluntary,mandate-driven,governance-mutual-recognition,mutual-recognition,Product integrity,Counterfeiting & falsification,high,Pharmaceuticals & medical devices,high,"pharmaceuticals, vaccines, diagnostics",Pharma & Medical,"authenticity-anti-counterfeit, safety, compliance-conformity",undetected substandard and falsified medical products,peer framework,(no explicit dependency identified),"1,500 reports of substandard or falsified medical products received since the system was set up in 2013 (WHO, 2017); WHO estimates about 1 in 10 (10.5%) medical products in low- and middle-income countries are substandard or falsified. [https://www.who.int/news/item/28-11-2017-1-in-10-medical-products-in-developing-countries-is-substandard-or-falsified]",1,No published outcome evaluation identified,0,No published compliance-cost figure identified,0,https://www.who.int/news-room/fact-sheets/detail/substandard-and-falsified-medical-products,WHO fact sheet confirms GSMS launched 2013 as a reporting portal for national regulators.
10,WHO Member State Mechanism on SF products,WHO MSM,World Health Organization (World Health Assembly),World Health Organization,public,2012,2012,,in force,global-multilateral,govt-referenced-standard,voluntary,mandate-driven,governance-mutual-recognition,mutual-recognition,Product integrity,Counterfeiting & falsification,high,Pharmaceuticals & medical devices,high,pharmaceuticals and medical products,Pharma & Medical,"authenticity-anti-counterfeit, safety",lack of coordinated global response to SF medical products,peer framework,"Complements the WHO Global Surveillance and Monitoring System (GSMS) for substandard/falsified medical products, launched July 2013; WHO estimates at least 1 in 10 medicines in low- and middle-income countries are substandard or falsified, costing an estimated US$30.5 billion/year.","As of 2025, 45 of 47 WHO African Region countries have nominated National Focal Points integrated into WHO's surveillance system — up from only 5 countries when the situation was reported to WHO's Executive Board in January 2025 — generating 39 regional alerts between 2020 and 2025. [https://healthpolicy-watch.news/who-delays-falsified-medicine-mechanism-reform-amid-health-crisis/]",1,"mixed — WHO's independent 2024 evaluation of the Member State Mechanism found it remains 'a vital platform' but is hindered by inadequate sustainable funding and inconsistent member-state engagement, per WHO Assistant Director-General Dr Chikwe Ihekweazu. [https://healthpolicy-watch.news/who-delays-falsified-medicine-mechanism-reform-amid-health-crisis/]",1,No published compliance-cost figure identified,0,https://www.who.int/news-room/fact-sheets/detail/substandard-and-falsified-medical-products,WHO fact sheet confirms a Member State mechanism for collaboration on SF products.
11,Turkey Pharmaceutical Track and Trace System,ITS,Turkish Ministry of Health (TITCK),Turkish Ministry of Health,public,2010,2010,,in force,national,binding-regulation,mandatory,mandate-driven,mandating-regulation,mutual-recognition,Product integrity,Counterfeiting & falsification,high,Pharmaceuticals & medical devices,high,pharmaceuticals,Pharma & Medical,"authenticity-anti-counterfeit, identity, chain-of-custody",falsified and reimbursement-fraud medicines,mandate-owner to recognize,OECD Due Diligence Guidance for Minerals,"Covers effectively the whole retail market - the single-payer SGK reimburses ~95% of pharmaceutical sales; full track-and-trace operational since 2012; pharmacy inspector needs fell from ~3,000 to ~100 after rollout (peer-reviewed GHS:SP evaluation, 2020). [https://www.ghspjournal.org/content/8/3/431]",1,"mixed - the peer-reviewed evaluation (Global Health: Science and Practice, 2020) found reimbursement fraud, previously estimated at ~US$1 billion/year, is now 'highly unlikely,' but the authors state quantitative data on the system's detection of falsified/poor-quality medicines are not available. [https://www.ghspjournal.org/content/8/3/431]",1,No published compliance-cost figure identified,0,https://www.ghspjournal.org/content/8/3/431,"Peer-reviewed article confirms ITS as the first full pharma track-and-trace, mandatory, MoH-operated, GS1 DataMatrix based."
12,Brazil National Medicines Control System,SNCM,ANVISA,ANVISA,public,2009,2009,,phased-in,national,binding-regulation,mandatory,mandate-driven,mandating-regulation,mutual-recognition,Product integrity,Counterfeiting & falsification,high,Pharmaceuticals & medical devices,high,pharmaceuticals,Pharma & Medical,"authenticity-anti-counterfeit, identity, chain-of-custody",falsified and diverted medicines in Brazil,mandate-owner to recognize,Uses two-dimensional barcode serialization on medicine packaging administered by ANVISA; ANVISA cites alignment with other countries' serialized track-and-trace regimes as a rationale for keeping the model.,"Established by Law 11.903/2009; implementation deadlines set by Law 13.410/2016 (through 28 April 2022). ANVISA invested R$4.9 million with Hospital das Clínicas/USP and contracted R$47.8 million with Dataprev to build the 2D-barcode serialization system, before a 2022 legislative bill (PL 3.846) moved to revoke mandatory serialization, prompting ANVISA to publicly oppose the rollback. [https://www.gov.br/anvisa/pt-br/assuntos/noticias-anvisa/2022/anvisa-propoe-rediscussao-rastreabilidade]",1,No published evaluation identified (checked),0,No published compliance-cost figure identified,0,https://www.gov.br/anvisa/pt-br/assuntos/fiscalizacao-e-monitoramento/rastreabilidade,"ANVISA page confirms SNCM created by Lei 11.903/2009 (amended 13.410/2016), DataMatrix-based tracking."
13,Saudi Arabia SFDA Track-and-Trace,RSD,Saudi Food and Drug Authority,Saudi Food and Drug Authority,public,2018,2018,,in force,national,binding-regulation,mandatory,mandate-driven,mandating-regulation,mutual-recognition,Product integrity,Counterfeiting & falsification,high,Pharmaceuticals & medical devices,high,pharmaceuticals,Pharma & Medical,"authenticity-anti-counterfeit, identity, chain-of-custody",counterfeit/diverted human pharmaceuticals,mandate-owner to recognize,GS1,"Test version launched 2018; live operation from 2019. 6,000+ stakeholders registered between January 2019 and end-2021; the system covers all human pharmaceutical products manufactured in or imported into Saudi Arabia. [https://www.sfda.gov.sa/en/node/87600]",1,reduced-harm — SFDA reports over 15 million medication boxes recalled through the system and more than 3 billion operation transactions recorded by end-2021. [https://www.sfda.gov.sa/en/node/87600],1,No published compliance-cost figure identified,0,https://www.sfda.gov.sa/en/node/87600,"SFDA page confirms RSD tracks all human pharmaceuticals production-to-consumption on GS1 standards, deployed end-2018."
14,India QR/bar code on notified drug brands,Schedule H2,"CDSCO, Ministry of Health and Family Welfare",CDSCO,public,2022,2022,,in force,national,binding-regulation,mandatory,mandate-driven,identifier,standalone-silo,Product integrity,Counterfeiting & falsification,high,Pharmaceuticals & medical devices,high,pharmaceuticals,Pharma & Medical,"authenticity-anti-counterfeit, identity",counterfeit/spurious medicines among top brands,mandate-owner to recognize,"Added as Schedule H2 to the Drugs Rules, 1945 via the Drugs (Eighth Amendment) Rules, 2022; brands identified by the NPPA on the Drugs Technical Advisory Board's recommendation.",300 top-selling drug brands required to carry a bar code or QR code on the primary (or secondary) package label from 1 August 2023 (Union Health Ministry notification). [https://medicaldialogues.in/news/industry/pharma/union-health-ministry-notifies-300-drug-brands-under-schedule-h2-details-102657],1,No published outcome evaluation identified,0,No published compliance-cost figure identified,0,https://drugscontrol.org/news-detail.php?newsid=36049,Regulatory media confirms CDSCO requirement for QR/bar codes on 300 notified drug brands from 1 Aug 2023.
15,China Drug Traceability Code system,NMPA Drug Traceability Code,National Medical Products Administration,National Medical Products Administration,public,2019,2019,,phased-in,national,binding-regulation,mandatory,mandate-driven,identifier,standalone-silo,Product integrity,Counterfeiting & falsification,high,Pharmaceuticals & medical devices,high,pharmaceuticals,Pharma & Medical,"authenticity-anti-counterfeit, identity, chain-of-custody",falsified and unsafe drugs; recall control,mandate-owner to recognize,"Jointly administered by NHSA, NMPA, the National Health Commission, and the Ministry of Human Resources and Social Security; uses a 20-digit code applied at large/medium/small packaging levels, intended to prevent counterfeit and diverted ('回流药') drugs.","A joint National Healthcare Security Administration (NHSA)/NMPA/health-ministry notice (March 2025) mandated nationwide code collection and scanning by 30 June 2025. In Fujian province alone, over 8.3 billion traceability-code records had been accumulated and 25,371 designated medical institutions integrated with the system by end-June 2025. [https://www.news.cn/politics/20241206/080257c8d0b148788f5d669530fa78c3/c.html]",1,No published evaluation identified (checked),0,No published compliance-cost figure identified,0,https://baipharm.chemlinked.com/regulatorydb/view/113,Regulatory database confirms the NMPA Identification Specification for Drug Traceability Code (2022).
16,EU Cosmetic Products Notification Portal,CPNP,European Commission (DG GROW),European Union,public,2011,2011,,in force,regional,binding-regulation,mandatory,mandate-driven,data-credential-model,mutual-recognition,Product integrity,Unsafe or non-compliant products,high,Consumer & manufactured products,high,cosmetics,Pharma & Medical,"composition, safety, compliance-conformity",unnotified/unsafe cosmetics; poison-centre response,mandate-owner to recognize,Implements Regulation (EC) No 1223/2009 (EU Cosmetics Regulation) — Article 13 for general product notification and Article 16 for products containing nanomaterials.,Use of CPNP has been mandatory EU-wide since 2013 for placing any cosmetic product on the market. [https://single-market-economy.ec.europa.eu/sectors/cosmetics/cosmetic-product-notification-portal_en],1,No published evaluation identified (checked),0,No published compliance-cost figure identified,0,https://single-market-economy.ec.europa.eu/sectors/cosmetics/cosmetic-product-notification-portal_en,EC page confirms CPNP as the mandatory notification system under Reg (EC) 1223/2009.
17,Health Industry Bar Code / HIBCC,HIBC,Health Industry Business Communications Council,Health Industry Business Communications Council,NGO-multistakeholder,1983,1983,,in force,global-multilateral,accreditation-or-mutual-recognition-arrangement,voluntary,hybrid,identifier,mutual-recognition,Product integrity,Counterfeiting & falsification,high,Pharmaceuticals & medical devices,high,medical devices and healthcare supply chain,Pharma & Medical,"identity, authenticity-anti-counterfeit",non-standard device/product identification,peer framework,ISO/IEC 17011,"Founded in 1983. HIBCC remains one of only three FDA-accredited UDI issuing agencies for the US medical-device UDI system today, alongside GS1 and ICCBBA, per FDA's current issuing-agency listing. [https://www.fda.gov/medical-devices/unique-device-identification-system-udi-system/contact-fda-accredited-issuing-agency]",1,No published evaluation identified (checked),0,No published compliance-cost figure identified,0,https://www.hibcc.org/,HIBCC site confirms it is an accredited healthcare SDO providing UDI-compliant Auto-ID standards and the Health Industry Number.
18,FSMA Section 204 Food Traceability Rule,FSMA 204,US FDA,US FDA,public,2022,2022,,phased-in,national,binding-regulation,mandatory,mandate-driven,mandating-regulation,standalone-silo,Product integrity,Unsafe or non-compliant products,high,"Food, agriculture & beverages",high,food (Food Traceability List),"Food, Agriculture & Seafood","identity, chain-of-custody, safety, origin-provenance",slow tracing of contaminated food during outbreaks,mandate-owner to recognize,(no explicit dependency identified),"FDA estimates the rule affects approximately 323,000 domestic businesses across roughly 484,100 establishments (about 12,000 farms/aquaculture operations and about 443,000 retail food establishments and restaurants). The compliance deadline was delayed from 20 January 2026 to 20 July 2028, with Congress directing non-enforcement before that date (November 2025). [https://www.fda.gov/food/food-safety-modernization-act-fsma/fsma-final-rule-requirements-additional-traceability-records-certain-foods]",1,No published evaluation identified (checked),0,No published compliance-cost figure identified,0,https://www.fda.gov/food/food-safety-modernization-act-fsma/fsma-final-rule-requirements-additional-traceability-records-certain-foods,"FDA confirms 2022 rule (21 CFR Part 1 Subpart S), Critical Tracking Events/KDEs; compliance extended to 20 Jul 2028."
19,"General Food Law, Article 18 (Traceability)",Reg (EC) 178/2002,EU Parliament and Council,European Union,public,2002,2002,,in force,regional,binding-regulation,mandatory,mandate-driven,mandating-regulation,mutual-recognition,Product integrity,Unsafe or non-compliant products,high,"Food, agriculture & beverages",high,food and feed,"Food, Agriculture & Seafood","identity, chain-of-custody, safety",inability to withdraw/recall unsafe food and feed,mandate-owner to recognize,(no explicit dependency identified),"In force EU-wide since 2002. Article 18 requires that traceability of food, feed, food-producing animals, and any substance intended for incorporation into food or feed 'be established at all stages of production, processing and distribution,' with operators required to identify suppliers and track downstream distribution (Recitals 28-29). [https://eur-lex.europa.eu/legal-content/EN/TXT/HTML/?uri=CELEX:32002R0178]",1,No published evaluation identified (checked),0,No published compliance-cost figure identified,0,https://eur-lex.europa.eu/eli/reg/2002/178/oj/eng,EUR-Lex confirms Reg (EC) 178/2002 (28 Jan 2002); Article 18 one-step-back/one-step-forward traceability.
20,Codex traceability/product tracing principles,CXG 60-2006,Codex Alimentarius Commission (FAO/WHO),Codex Alimentarius Commission,public,2006,2006,,in force,global-multilateral,govt-referenced-standard,voluntary,mandate-driven,governance-mutual-recognition,mutual-recognition,System interoperability,Interoperability & fragmentation failure,high,"Food, agriculture & beverages",high,food inspection and certification,"Food, Agriculture & Seafood","chain-of-custody, safety, compliance-conformity","inconsistent, trade-restrictive national traceability rules",peer framework,Codex Alimentarius,Adopted by the Codex Alimentarius Commission in 2006. [https://www.fao.org/fao-who-codexalimentarius/sh-proxy/tr/?lnk=1&url=https%3A%2F%2Fworkspace.fao.org%2Fsites%2Fcodex%2FStandards%2FCXG+60-2006%2FCXG_060e.pdf],1,No published evaluation identified (checked),0,No published compliance-cost figure identified,0,https://www.fao.org/fao-who-codexalimentarius/sh-proxy/en/?lnk=1&url=https%253A%252F%252Fworkspace.fao.org%252Fsites%252Fcodex%252FStandards%252FCXG%2B60-2006%252FCXG_060e.pdf,Confirmed 2006 adoption and voluntary traceability principles within food inspection/certification.
21,Traceability in the feed and food chain,ISO 22005:2007,ISO (TC 34),ISO / IEC,NGO-multistakeholder,2007,2007,,in force,global-multilateral,voluntary-consensus-standard,voluntary,market-driven,traceability-exchange-protocol,mutual-recognition,System interoperability,Interoperability & fragmentation failure,high,"Food, agriculture & beverages",high,feed and food chain,"Food, Agriculture & Seafood","chain-of-custody, identity, safety",fragmented traceability system design,sectoral scheme/standard,"Positioned alongside ISO 9001 (Quality Management) and ISO 22000 (Food Safety Management Systems) — organizations pursuing ISO 22000 certification are expected to have a traceability system in place, for which ISO 22005 provides design and implementation guidance.",Published by ISO in 2007 and currently listed as an active standard in the ISO catalogue (ISO/TC 34). [https://www.iso.org/standard/36297.html],1,No published evaluation identified (checked),0,No published compliance-cost figure identified,0,https://committee.iso.org/standard/36297.html,ISO confirms ISO 22005:2007 general principles for feed/food chain traceability system design (confirmed 2022).
22,Global Food Safety Initiative,GFSI,The Consumer Goods Forum,The Consumer Goods Forum,private,2000,2000,,in force,global-multilateral,accreditation-or-mutual-recognition-arrangement,de-facto-required-for-market-access,market-driven,governance-mutual-recognition,mutual-recognition,System interoperability,Interoperability & fragmentation failure,high,"Food, agriculture & beverages",high,food and consumer goods,"Food, Agriculture & Seafood","safety, compliance-conformity",duplicative audits and inconsistent scheme credibility,peer framework,ISO/IEC 17065,"13 GFSI-recognised certification programme owners under the Version 2020 Benchmarking Requirements (BRCGS, CanadaGAP, Freshcare, FSSC 22000, Global Red Meat Standard, Global Seafood Alliance, GLOBALG.A.P., GRMA, IFS, Japan Food Safety Management Association, PrimusGFS, SQF). [https://mygfsi.com/how-to-implement/recognition/certification-programme-owners/]",1,No published outcome evaluation identified,0,No published compliance-cost figure identified,0,https://mygfsi.com/how-to-implement/recognition/certification-programme-owners,"GFSI (CGF) benchmarks/recognises food safety schemes (once certified, recognised everywhere)."
23,BRCGS Global Standard for Food Safety,BRCGS,BRCGS (LGC Group),BRCGS,private,1998,1998,,in force,global-multilateral,private-industry-scheme,de-facto-required-for-market-access,market-driven,conformity-assessment-certification,mutual-recognition,Product integrity,Unsafe or non-compliant products,high,"Food, agriculture & beverages",high,food manufacturing,"Food, Agriculture & Seafood","safety, compliance-conformity, authenticity-anti-counterfeit",unsafe manufactured food reaching retail,sectoral scheme/standard,ISO/IEC 17065,"Over 28,000 certificated supplier sites in over 100 countries (BRCGS Directory of certified sites, current). [https://www.brcgs.com/about-brcgs/faqs/specifiers/]",1,No published outcome evaluation identified,0,No published compliance-cost figure identified,0,https://mygfsi.com/how-to-implement/recognition/certification-programme-owners,GFSI CPO listing confirms BRCGS Food Safety (issue 9) as GFSI-recognised; ownership LGC/BRC Trading Ltd.
24,SQF (Safe Quality Food) Program,SQF,SQF Institute (division of FMI),SQF Institute,private,1994,1994,,in force,global-multilateral,private-industry-scheme,de-facto-required-for-market-access,market-driven,conformity-assessment-certification,mutual-recognition,Product integrity,Unsafe or non-compliant products,high,"Food, agriculture & beverages",high,food (farm to retail),"Food, Agriculture & Seafood","safety, compliance-conformity",unverified food safety/quality management,sectoral scheme/standard,ISO/IEC 17065,"14,000+ certified sites in over 40 countries across 6 continents (SQF Institute, current). [https://www.sqfi.com/our-program/what-is-sqf]",1,No published outcome evaluation identified,0,No published compliance-cost figure identified,0,https://www.sqfi.com/our-program/what-is-sqf,"SQFI confirms administration by SQF Institute (FMI, 2003), GFSI-benchmarked, 13 industry codes."
25,FSSC 22000 Certification Scheme,FSSC 22000,Foundation FSSC,Foundation FSSC,private,2009,2009,,in force,global-multilateral,private-industry-scheme,de-facto-required-for-market-access,market-driven,conformity-assessment-certification,mutual-recognition,Product integrity,Unsafe or non-compliant products,high,"Food, agriculture & beverages",high,food manufacturing,"Food, Agriculture & Seafood","safety, compliance-conformity",uncontrolled food safety hazards,sectoral scheme/standard,ISO/IEC 17021,"More than 40,000 organizations FSSC 22000 certified worldwide (Foundation FSSC announcement, 18 December 2025). [https://www.fssc.com/insights/fssc-announces-40000-organizations-fssc-22000-certified/]",1,No published outcome evaluation identified,0,No published compliance-cost figure identified,0,https://www.fssc.com/scheme/,"Foundation FSSC confirms an ISO 22000-based food safety management certification scheme, GFSI-recognised (v6)."
26,IFS Food Standard,IFS Food,IFS Management GmbH,IFS Management GmbH,private,2003,2003,,in force,global-multilateral,private-industry-scheme,de-facto-required-for-market-access,market-driven,conformity-assessment-certification,mutual-recognition,Product integrity,Unsafe or non-compliant products,high,"Food, agriculture & beverages",high,food processing,"Food, Agriculture & Seafood","safety, compliance-conformity",inconsistent supplier food safety for private label,sectoral scheme/standard,GFSI,"Over 30,000 IFS certificates and Letters of Compliance issued (IFS, current). [https://www.ifs-certification.com/en/]",1,No published outcome evaluation identified,0,No published compliance-cost figure identified,0,https://www.ifs-certification.com/en/about-ifs,"IFS confirms IFS Food originated 2003 (HDE/FCD), administered by IFS Management GmbH; GFSI-recognised (v8)."
27,GLOBALG.A.P. Integrated Farm Assurance,GLOBALG.A.P.,Agraya GmbH (formerly FoodPLUS),Agraya GmbH,private,2007,2007,,in force,global-multilateral,private-industry-scheme,de-facto-required-for-market-access,market-driven,conformity-assessment-certification,mutual-recognition,Product integrity,Unsafe or non-compliant products,high,"Food, agriculture & beverages",high,"agriculture, aquaculture, floriculture","Food, Agriculture & Seafood","safety, compliance-conformity, chain-of-custody, sustainability-carbon",unsafe/irresponsible on-farm production,sectoral scheme/standard,GFSI,"195,000+ certified producers in 130+ countries; 4.5 million+ hectares of certified plant production annually (GLOBALG.A.P., current figures). [https://globalgap.org/about/]",1,"mixed: Case evidence on GLOBALG.A.P. adoption among Peruvian mango producers (AgEcon Search) finds selective rather than broad inclusion: some smallholders participate through exporter-financed contract farming that covers technical guidance and certification costs, but access is conditional on geographic proximity to the exporter, demonstrated reliability, and short-notice delivery capacity, and participation is often short-lived (up to ~3 years). Consistent with the wider literature, private food-safety standards tend to favor larger or better-connected farmers, with smallholder inclusion depending heavily on intermediary/exporter support - a partial, conditional inclusion outcome rather than uniform exclusion or inclusion.",1,No published compliance-cost figure identified,0,https://www.globalgap.org/who-we-are/about-us/history/,GLOBALG.A.P. confirms EurepGAP (1997) renamed 2007; applied in 130+ countries; GFSI-recognised via HPSS.
28,EU Organic Production and Labelling,Reg (EU) 2018/848,EU Parliament and Council (DG AGRI),European Union,public,2018,2018,,in force,regional,binding-regulation,mandatory,hybrid,mandating-regulation,mutual-recognition,Product integrity,Counterfeiting & falsification,high,"Food, agriculture & beverages",high,organic agriculture and food,"Food, Agriculture & Seafood","composition, compliance-conformity, authenticity-anti-counterfeit, sustainability-carbon",fraudulent or inconsistent organic claims,mandate-owner to recognize,(no explicit dependency identified),"16.9 million hectares under organic farming in the EU in 2022, representing 10.5% of total EU agricultural area (Eurostat). [https://ec.europa.eu/eurostat/web/products-eurostat-news/w/ddn-20240619-3]",1,No published outcome evaluation identified,0,No published compliance-cost figure identified,0,https://eur-lex.europa.eu/eli/reg/2018/848/oj/eng,"EUR-Lex confirms Reg (EU) 2018/848 (30 May 2018) on organic production/labelling, repealing 834/2007."
29,USDA National Organic Program,NOP,USDA Agricultural Marketing Service,USDA Agricultural Marketing Service,public,2000,2000,,in force,national,binding-regulation,mandatory,hybrid,mandating-regulation,mutual-recognition,Product integrity,Counterfeiting & falsification,high,"Food, agriculture & beverages",high,organic agriculture and food,"Food, Agriculture & Seafood","composition, compliance-conformity, authenticity-anti-counterfeit",fraudulent organic claims,mandate-owner to recognize,ISO/IEC 17065,"45,578 certified organic operations worldwide in 2020, of which 28,454 (more than 62%) in the United States (USDA AMS annual count from the Organic INTEGRITY Database). [https://content.govdelivery.com/accounts/USDAAMS/bulletins/2ba210e]",1,No published outcome evaluation identified,0,No published compliance-cost figure identified,0,https://www.ams.usda.gov/about-ams/programs-offices/national-organic-program,"USDA/AMS confirms NOP under the Organic Foods Production Act, accredits certifiers, regulates the USDA Organic Seal."
30,EU Geographical Indications (PDO/PGI/TSG),EU GI; Reg (EU) 2024/1143,European Commission (DG AGRI); EUIPO,European Union,public,2024,2024,,in force,regional,binding-regulation,mandatory,mandate-driven,mandating-regulation,mutual-recognition,Product integrity,Counterfeiting & falsification,high,"Food, agriculture & beverages",high,"food, wine, spirits","Food, Agriculture & Seafood","origin-provenance, authenticity-anti-counterfeit, composition",counterfeiting and misuse of origin-linked names,mandate-owner to recognize,(no explicit dependency identified),"About 3,500 EU geographical indications registered (as of February 2023); EU GI products had a sales value of EUR 74.76 billion in 2017 (European Commission). [https://agriculture.ec.europa.eu/media/news/protecting-local-food-and-drinks-3-500-geographical-indications-registered-2023-02-23_lt]",1,No published outcome evaluation identified,0,No published compliance-cost figure identified,0,https://agriculture.ec.europa.eu/farming/geographical-indications-and-quality-schemes/geographical-indications-and-quality-schemes-explained_en,EC confirms PDO/PGI/TSG and that Reg (EU) 2024/1143 (in force 13 May 2024) unifies GI rules.
31,EU IUU Fishing Regulation,Reg 1005/2008,Council of the EU (DG MARE),Council of the EU,public,2008,2008,,in force,regional,binding-regulation,de-facto-required-for-market-access,mandate-driven,mandating-regulation,mutual-recognition,Product integrity,Illegal or misrepresented origin & sourcing,high,Seafood & fisheries,high,seafood / capture fisheries,"Food, Agriculture & Seafood","origin-provenance, chain-of-custody, compliance-conformity",illegally caught fish entering the EU market,mandate-owner to recognize,(no explicit dependency identified),The EU catch certification scheme has been in force since 2010 under Council Regulation (EC) No 1005/2008. [https://www.iuuwatch.eu/wp-content/uploads/2022/11/Member-States-Write-up-EN-1.pdf],1,"mixed/limited — a 2022 analysis of official EU Member State implementation data (IUU Watch coalition, including WWF, Oceana and ClientEarth) found inconsistent enforcement: e.g., Spain checked 100% of catch certificates vs. Lithuania only 72% (2019); 12 Member States applied no risk-based approach to imports; and verification requests to non-EU exporting countries declined from 2014/15 to 2018/19 despite persistent IUU risk. [https://www.iuuwatch.eu/wp-content/uploads/2022/11/Member-States-Write-up-EN-1.pdf]",1,No published compliance-cost figure identified,0,https://eur-lex.europa.eu/eli/reg/2008/1005/oj/eng,EUR-Lex confirms Council Reg (EC) 1005/2008 (IUU) with the import catch certification scheme.
32,FAO Agreement on Port State Measures,PSMA,Food and Agriculture Organization of the UN,Food and Agriculture Organization of the UN,public,2009,2009,,in force,global-multilateral,treaty-instrument,mandatory,mandate-driven,mandating-regulation,mutual-recognition,Product integrity,Illegal or misrepresented origin & sourcing,high,Seafood & fisheries,high,seafood / capture fisheries,"Food, Agriculture & Seafood","compliance-conformity, chain-of-custody, origin-provenance",IUU-caught fish landed and entering trade,mandate-owner to recognize,(no explicit dependency identified),"86 Parties to the Agreement, counting the EU as a single Member Organization Party (thereby covering 100+ States) (FAO). [https://www.fao.org/port-state-measures/background/parties-psma/en/]",1,No published outcome evaluation identified,0,No published compliance-cost figure identified,0,https://www.fao.org/port-state-measures/en,"FAO confirms PSMA is the first binding international agreement against IUU fishing, in force June 2016."
33,FAO Global Record of Fishing Vessels,FAO Global Record,Food and Agriculture Organization of the UN,Food and Agriculture Organization of the UN,public,2017,2017,,phased-in,global-multilateral,govt-referenced-standard,voluntary,mandate-driven,identifier,mutual-recognition,Product integrity,Illegal or misrepresented origin & sourcing,high,Seafood & fisheries,high,seafood / capture fisheries (vessels),"Food, Agriculture & Seafood","identity, chain-of-custody",anonymous/untraceable vessels enabling IUU fishing,sectoral scheme/standard,(no explicit dependency identified),"Close to 12,000 fishing and fishing-related vessels included, with data provided by 66 FAO Members (FAO). [https://www.fao.org/global-record/news-events/detail/en/c/1603118/]",1,No published outcome evaluation identified,0,No published compliance-cost figure identified,0,https://www.fao.org/global-record/en/,FAO confirms the Global Record uses IMO Numbers as unique vessel identifiers to combat IUU fishing.
34,GDST Standard for Interoperable Seafood Traceability,GDST,Global Dialogue on Seafood Traceability,Global Dialogue on Seafood Traceability,NGO-multistakeholder,2020,2020,,in force,global-multilateral,NGO-multistakeholder-scheme,voluntary,market-driven,traceability-exchange-protocol,mutual-recognition,System interoperability,Interoperability & fragmentation failure,high,Seafood & fisheries,high,seafood,"Food, Agriculture & Seafood","origin-provenance, chain-of-custody, identity, authenticity-anti-counterfeit","fragmented, non-interoperable seafood traceability data",sectoral scheme/standard,"Built on GS1 standards — GDST 1.1 adopted the GS1 Digital Link protocol for computer-to-computer data exchange, and GDST 1.2 aligned with the updated GS1 EPCIS data standard, moving from XML to JSON-LD.","As of April 2024, more than 60 businesses stood publicly committed to implementing GDST's interoperable seafood traceability standard. [https://thegdst.org/tracing-progress-towards-traceability-in-2024/]",1,No published evaluation identified (checked),0,No published compliance-cost figure identified,0,https://thegdst.org/,GDST confirms a non-profit common standard for interoperable digital seafood traceability (KDEs/CTEs).
35,MSC Fisheries Standard,MSC,Marine Stewardship Council,Marine Stewardship Council,NGO-multistakeholder,1997,1997,,in force,global-multilateral,NGO-multistakeholder-scheme,voluntary,market-driven,conformity-assessment-certification,mutual-recognition,Product integrity,Illegal or misrepresented origin & sourcing,high,Seafood & fisheries,high,seafood / wild-capture,"Food, Agriculture & Seafood","sustainability-carbon, compliance-conformity",overfishing and unsustainable fishing,sectoral scheme/standard,(no explicit dependency identified),"18.9% of global marine wild catch is MSC certified (20.6% engaged with the program); 592 fisheries certified of 738 engaged, as of 31 March 2025 (MSC Annual Report 2024-25). [https://www.msc.org/docs/default-source/default-document-library/about-the-msc/msc-annual-report-2024-2025.pdf]",1,"mixed: MSC-affiliated authors (Frontiers in Marine Science 2022), using the independent RAM Legacy Stock Assessment Database (82 MSC vs. 95 non-MSC stocks, 2014-2018), find MSC-targeted stocks had higher relative biomass (median ~1.28-1.38 of B at maximum sustainable yield vs. ~0.80-0.84 for non-MSC) and far fewer overfished stocks (9% vs. 26-33%). This shows MSC-certified stocks are healthier, but the design is associational and confounded by selection (already well-managed fisheries self-select into certification) and by a disclosed certifier-affiliation conflict of interest, so a causal harm-reduction claim is not established.",1,No published compliance-cost figure identified,0,https://www.msc.org/what-we-are-doing/our-approach/what-does-the-blue-msc-label-mean,MSC confirms the Fisheries Standard (three principles) for sustainable wild-capture fishing.
36,MSC Chain of Custody Standard,MSC CoC,Marine Stewardship Council,Marine Stewardship Council,NGO-multistakeholder,1999,1999,,in force,global-multilateral,NGO-multistakeholder-scheme,voluntary,market-driven,conformity-assessment-certification,mutual-recognition,Product integrity,Counterfeiting & falsification,high,Seafood & fisheries,high,seafood supply chain,"Food, Agriculture & Seafood","chain-of-custody, authenticity-anti-counterfeit, sustainability-carbon",mislabeling/substitution of certified seafood,sectoral scheme/standard,(no explicit dependency identified),"51,260 sites hold MSC Chain of Custody certification and 21,859 MSC-labelled products were available to consumers in 2024-25 (up from 9,359 products in 2014-15) (MSC Annual Report 2024-25). [https://www.msc.org/docs/default-source/default-document-library/about-the-msc/msc-annual-report-2024-2025.pdf]",1,No published outcome evaluation identified,0,No published compliance-cost figure identified,0,https://www.msc.org/what-we-are-doing/our-approach/what-does-the-blue-msc-label-mean,MSC confirms the CoC standard segregates and correctly labels certified seafood through the chain.
37,ASC Farm Standards and Chain of Custody,ASC,Aquaculture Stewardship Council,Aquaculture Stewardship Council,NGO-multistakeholder,2010,2010,,in force,global-multilateral,NGO-multistakeholder-scheme,voluntary,market-driven,conformity-assessment-certification,mutual-recognition,Product integrity,Other / social & labor harm,high,Seafood & fisheries,high,seafood / aquaculture,"Food, Agriculture & Seafood","sustainability-carbon, chain-of-custody, compliance-conformity, safety",environmental and social harms of aquaculture,sectoral scheme/standard,W3C Verifiable Credentials,"2,640 ASC-certified farm sites and 120 certified feed mills; ASC-labelled products available to consumers in 121 countries (ASC, current figures). [https://asc-aqua.org/]",1,No published outcome evaluation identified,0,No published compliance-cost figure identified,0,https://asc-aqua.org/what-we-do/our-standards/,ASC confirms leading farmed-seafood certification plus a Chain of Custody standard; founded 2010.
38,Fairtrade Standards and the FAIRTRADE Mark,Fairtrade International,Fairtrade International (certification by FLOCERT),Fairtrade International,NGO-multistakeholder,1997,1997,,in force,global-multilateral,NGO-multistakeholder-scheme,voluntary,market-driven,conformity-assessment-certification,standalone-silo,Product integrity,Other / social & labor harm,high,"Food, agriculture & beverages",high,"agriculture (coffee, cocoa, bananas, etc.)","Food, Agriculture & Seafood","origin-provenance, chain-of-custody, sustainability-carbon, compliance-conformity",unfair prices/conditions for smallholders and workers,sectoral scheme/standard,(no explicit dependency identified),"Approximately 2 million Fairtrade farmers and workers in about 1,900 producer organizations across 70 countries (Fairtrade International). [https://www.fairtrade.net/en/why-fairtrade/impact/key-figures-at-a-glance.html]",1,No published outcome evaluation identified,0,No published compliance-cost figure identified,0,https://www.fairtrade.net/about/how-fairtrade-works,Fairtrade International confirms it sets Fairtrade Standards with independent certification by FLOCERT.
39,Rainforest Alliance 2020 Sustainable Agriculture Standard,Rainforest Alliance,Rainforest Alliance,Rainforest Alliance,NGO-multistakeholder,2020,2020,,in force,global-multilateral,NGO-multistakeholder-scheme,voluntary,market-driven,conformity-assessment-certification,standalone-silo,Product integrity,Illegal or misrepresented origin & sourcing,high,"Food, agriculture & beverages",high,"agriculture (coffee, cocoa, tea, bananas)","Food, Agriculture & Seafood","sustainability-carbon, origin-provenance, chain-of-custody, compliance-conformity","deforestation, human rights abuses, unsustainable farming",sectoral scheme/standard,(no explicit dependency identified),7.5 million+ farmers and workers on certified farms; 5.7 million+ hectares certified across 62 countries in 2023; 51% of all cocoa and 17% of all coffee produced worldwide is Rainforest Alliance Certified (2023 Annual Report). [https://www.rainforest-alliance.org/annual_report/2023/],1,No published outcome evaluation identified,0,No published compliance-cost figure identified,0,https://www.rainforest-alliance.org/press-releases/rainforest-alliance-announces-enhanced-certification-program-and-standard/,Rainforest Alliance confirms the 2020 Standard with traceability/transparency; merged with UTZ in 2018.
40,ISO 22000 Food Safety Management Systems,ISO 22000:2018,ISO (TC 34/SC 17),ISO / IEC,NGO-multistakeholder,2005,2005,,in force,global-multilateral,voluntary-consensus-standard,voluntary,market-driven,conformity-assessment-certification,mutual-recognition,Product integrity,Unsafe or non-compliant products,high,"Food, agriculture & beverages",high,food chain,"Food, Agriculture & Seafood","safety, compliance-conformity",uncontrolled food safety hazards,sectoral scheme/standard,Codex Alimentarius,"ISO does not publish an ISO 22000 count on its open pages; the ISO Survey certificate count now sits on IAF CertSearch (captcha-gated dataset, not accessible). Best accessible proxy: FSSC 22000, the certification scheme built on ISO 22000, reports 42,349 certified organizations (FSSC, accessed Jul 2026).",1,No published outcome evaluation identified,0,No published compliance-cost figure identified,0,https://www.iso.org/iso-22000-food-safety-management.html,"ISO confirms ISO 22000:2018 food safety management system, basis of FSSC 22000."
41,Global Sustainable Seafood Initiative Benchmark,GSSI,Global Sustainable Seafood Initiative,Global Sustainable Seafood Initiative,hybrid,2013,2013,,in force,global-multilateral,accreditation-or-mutual-recognition-arrangement,voluntary,market-driven,governance-mutual-recognition,mutual-recognition,System interoperability,Interoperability & fragmentation failure,high,Seafood & fisheries,high,seafood (wild and farmed),"Food, Agriculture & Seafood","sustainability-carbon, compliance-conformity",inconsistent credibility of seafood certification schemes,peer framework,ISO/IEC 17011,"7 certification schemes recognized as aligned with the GSSI Global Benchmark Tool (CSI, Iceland Responsible Fisheries, MSC, MEL-Japan, BAP, GLOBALG.A.P., ASC) (GSSI). [https://ourgssi.org/gssi-recognized-certifcation/]",1,No published outcome evaluation identified,0,No published compliance-cost figure identified,0,https://ourgssi.org/,GSSI confirms a public-private Global Benchmark Tool (built on FAO Guidelines) recognising seafood schemes.
42,Best Aquaculture Practices Certification,BAP,Global Seafood Alliance,Global Seafood Alliance,private,1997,1997,,in force,global-multilateral,private-industry-scheme,voluntary,market-driven,conformity-assessment-certification,mutual-recognition,Product integrity,Unsafe or non-compliant products,high,Seafood & fisheries,high,seafood / aquaculture,"Food, Agriculture & Seafood","sustainability-carbon, safety, chain-of-custody, compliance-conformity","environmental, social and food safety risks in aquaculture",sectoral scheme/standard,(no explicit dependency identified),"3,959 BAP-certified facilities (processing plants, farms, hatcheries, feed mills) across 43 countries at the end of 2023, an 18% increase over 2022 (Global Seafood Alliance 2023 Annual Report). [https://www.globalseafood.org/blog/2023-annual-report/]",1,No published outcome evaluation identified,0,No published compliance-cost figure identified,0,https://www.globalseafood.org/blog/gssi-recognition-of-bap-renewed/,GSA confirms BAP covers farm/feed/processing and was the first GSSI-recognised aquaculture programme.
43,OECD Due Diligence Guidance (Minerals),OECD DDG,OECD (Council Recommendation),OECD,public,2011,2011,,in force,global-multilateral,govt-referenced-standard,voluntary,hybrid,governance-mutual-recognition,mutual-recognition,Product integrity,Illegal or misrepresented origin & sourcing,high,"Minerals, metals & responsible sourcing",high,minerals and metals,Responsible Sourcing,"origin-provenance, chain-of-custody, compliance-conformity",conflict finance and human rights abuse in mineral chains,peer framework,OECD guidance,"As of 2025, 313 smelters/refiners are assessed as 'conformant' under the Responsible Minerals Assurance Process (RMAP) — up from just 2 facilities in 2010 — including 91 gold and 54 cobalt facilities; RMAP was the first due-diligence scheme recognized by the European Commission as compliant with the EU Conflict Minerals Regulation. [https://www.semi.org/sites/semi.org/files/2025-07/RMI%20Overview%20July%202025%20-%20SEMI.pdf]",1,No published evaluation identified (checked),0,No published compliance-cost figure identified,0,https://legalinstruments.oecd.org/public/doc/268/268.en.pdf,"OECD legal instrument confirms the five-step guidance, Council Recommendation of 25 May 2011 (gold suppl. 2012)."
44,EU Conflict Minerals Regulation,Reg (EU) 2017/821,EU Parliament and Council,European Union,public,2017,2017,,in force,regional,binding-regulation,mandatory,mandate-driven,mandating-regulation,mutual-recognition,Product integrity,Illegal or misrepresented origin & sourcing,high,"Minerals, metals & responsible sourcing",high,minerals (3TG),Responsible Sourcing,"origin-provenance, compliance-conformity, chain-of-custody",financing of armed conflict via mineral imports,mandate-owner to recognize,OECD Due Diligence Guidance for Minerals,"8,286 EU Union importers of tin/tantalum/tungsten/gold (3TG) identified in 2022; only 477 (6%) exceeded the volume thresholds triggering full due-diligence obligations; total EU 3TG imports valued €18.3bn in 2023 (71% gold ores/concentrates by value). Direct imports from conflict-affected/high-risk areas (CAHRAs) were small shares (e.g. 4.83% of gold ores, 1.46% of tin). [https://eur-lex.europa.eu/legal-content/EN/TXT/PDF/?uri=CELEX:52024DC0415]",1,"limited — European Commission's first mandatory review (COM(2024) 415, June 2024) found 'limited impacts among local stakeholders that could be attributed directly to the Regulation,' with 'generally low' awareness of the Regulation found in field research in DRC and Colombia, only ~2 years after due-diligence obligations began applying (2021). [https://eur-lex.europa.eu/legal-content/EN/TXT/PDF/?uri=CELEX:52024DC0415]",1,No published compliance-cost figure identified,0,https://eur-lex.europa.eu/eli/reg/2017/821/oj/eng,EUR-Lex confirms Reg (EU) 2017/821 (17 May 2017) on 3TG importer due diligence; obligations from 1 Jan 2021.
45,Dodd-Frank Act Section 1502 (Conflict Minerals),Dodd-Frank 1502,US Congress; SEC (Form SD),US Congress; SEC,public,2010,2010,,in force,national,binding-regulation,mandatory,mandate-driven,mandating-regulation,mutual-recognition,Product integrity,Illegal or misrepresented origin & sourcing,high,"Minerals, metals & responsible sourcing",high,minerals (3TG) in products,Responsible Sourcing,"origin-provenance, compliance-conformity, chain-of-custody",conflict finance to armed groups in the DRC region,mandate-owner to recognize,OECD Due Diligence Guidance for Minerals,"In 2023 SEC filings, an estimated 62% of companies that conducted due diligence were ultimately unable to determine whether their conflict minerals originated in covered countries; only ~15% could determine whether minerals benefitted or financed armed groups (GAO, 2024). [https://files.gao.gov/reports/GAO-25-107018/index.html]",1,"Counterproductive/limited: US GAO (2024, GAO-25-107018) found 'no empirical evidence that the rule has decreased the occurrence or level of violence in the eastern DRC' and concluded the SEC disclosure rule 'has not reduced violence' and 'has not improved peace and security' in the DRC. [https://files.gao.gov/reports/GAO-25-107018/index.html]",1,No published compliance-cost figure identified,0,https://www.sec.gov/newsroom/press-releases/2012-2012-163-related-materials,SEC fact sheet (2012) confirms the rule implements Sec. 1502 with Form SD disclosure and country-of-origin inquiry.
46,Responsible Minerals Assurance Process,RMAP,Responsible Minerals Initiative (RBA),Responsible Minerals Initiative,private,2008,2008,,in force,global-multilateral,private-industry-scheme,de-facto-required-for-market-access,market-driven,conformity-assessment-certification,mutual-recognition,Product integrity,Illegal or misrepresented origin & sourcing,high,"Minerals, metals & responsible sourcing",high,minerals and metals (3TG+),Responsible Sourcing,"origin-provenance, chain-of-custody, compliance-conformity",conflict-linked/abusive minerals at smelters/refiners,sectoral scheme/standard,OECD Due Diligence Guidance for Minerals,"313 conformant smelters & refiners across RMI due-diligence programs (RMI Overview, 2025). [https://www.semi.org/sites/semi.org/files/2025-07/RMI%20Overview%20July%202025%20-%20SEMI.pdf]",1,No published outcome evaluation identified,0,No published compliance-cost figure identified,0,https://www.responsiblemineralsinitiative.org/responsible-minerals-assurance-process/,RMI confirms RMAP third-party smelter/refiner assessment; first scheme recognised by the EC under the CMR (2025).
47,LBMA Responsible Sourcing / Good Delivery,LBMA RSP,London Bullion Market Association,London Bullion Market Association,private,2012,2012,,in force,global-multilateral,private-industry-scheme,de-facto-required-for-market-access,market-driven,conformity-assessment-certification,mutual-recognition,Financial integrity,"Financial crime, AML & mispriced risk",high,"Minerals, metals & responsible sourcing",high,"precious metals (gold, silver)",Responsible Sourcing,"origin-provenance, chain-of-custody, compliance-conformity, authenticity-anti-counterfeit",money laundering and abuse in bullion chains,sectoral scheme/standard,OECD guidance,"66 gold refiners on the LBMA Good Delivery List (current list, 2024), all required to adhere to the LBMA Responsible Sourcing Programme. [https://www.lbma.org.uk/good-delivery/gold-current-list]",1,No published outcome evaluation identified,0,No published compliance-cost figure identified,0,https://www.lbma.org.uk/responsible-sourcing,LBMA confirms Good Delivery refiners must pass annual OECD-based due diligence audits or be removed.
48,Responsible Jewellery Council Standards,RJC COP / CoC,Responsible Jewellery Council,Responsible Jewellery Council,NGO-multistakeholder,2005,2005,,in force,global-multilateral,NGO-multistakeholder-scheme,voluntary,market-driven,conformity-assessment-certification,mutual-recognition,Product integrity,Illegal or misrepresented origin & sourcing,high,"Minerals, metals & responsible sourcing",high,jewellery and watch supply chain,Responsible Sourcing,"origin-provenance, chain-of-custody, compliance-conformity",unethical/conflict-linked/non-traceable materials,sectoral scheme/standard,(no explicit dependency identified),"1,828 members worldwide operating across 71 countries by end of 2023 (up from 14 founding members), per RJC's 2024 Annual Report. [https://jewellerymonthly.co.uk/responsible-jewellery-council-unveils-2024-annual-report/]",1,No published outcome evaluation identified,0,No published compliance-cost figure identified,0,https://www.responsiblejewellery.com/standards/,RJC confirms the Code of Practices and Chain of Custody Standard with member third-party audit.
49,Aluminium Stewardship Initiative Standards,ASI,Aluminium Stewardship Initiative,Aluminium Stewardship Initiative,NGO-multistakeholder,2012,2012,,in force,global-multilateral,NGO-multistakeholder-scheme,voluntary,market-driven,conformity-assessment-certification,mutual-recognition,Product integrity,Illegal or misrepresented origin & sourcing,high,"Minerals, metals & responsible sourcing",high,aluminium value chain,Responsible Sourcing,"sustainability-carbon, origin-provenance, chain-of-custody, compliance-conformity",environmental and social harms in aluminium,sectoral scheme/standard,(no explicit dependency identified),232 certifications issued (165 Performance Standard V2 + 67 Chain of Custody V1) as of 31 December 2022; ~44% year-on-year growth in Performance Standard certifications (ASI). [https://aluminium-stewardship.org/asi-certification-growth-trends],1,"reduced-harm: In contrast to the null deforestation result, Zwerts et al. (Nature 2024), a large camera-trap study across logging concessions in western equatorial Africa, finds FSC-certified concessions had ~1.5x higher mammal encounter rates and ~4.5x higher faunal biomass than non-FSC concessions, with the largest gains for big-bodied species (mammals 10-30 kg ~3.5x; >100 kg ~2.7x) and critically endangered species (~2.7x; forest elephants ~2.5x), attributed to better anti-poaching enforcement. Evidence of a real biodiversity co-benefit of certification even where deforestation effects are unproven.",1,No published compliance-cost figure identified,0,https://aluminium-stewardship.org/asi-standards/overview,ASI confirms a Performance Standard and a Chain of Custody Standard across the aluminium value chain.
50,The Copper Mark,Copper Mark,The Copper Mark,The Copper Mark,private,2019,2019,,in force,global-multilateral,private-industry-scheme,voluntary,market-driven,conformity-assessment-certification,mutual-recognition,Product integrity,Greenwashing & ESG/climate misrepresentation,high,"Minerals, metals & responsible sourcing",high,"copper, molybdenum, nickel, zinc",Responsible Sourcing,"origin-provenance, compliance-conformity, sustainability-carbon, chain-of-custody",ESG harms in metal production,sectoral scheme/standard,OECD Due Diligence Guidance for Minerals,"Over 25% of global mined copper produced by Copper Mark-awarded sites; 39 sites awarded and 51 participating sites (Copper Mark, March 2023). By July 2024 this reached 100 participating sites, 77 awarded, and more than one-third of the world's mined copper (Copper Mark milestone reported by Global Mining Review). [https://coppermark.org/over-25-of-global-mined-copper-now-produced-by-copper-mark-awarded-sites/]",1,No published outcome evaluation identified,0,No published compliance-cost figure identified,0,https://coppermark.org/standards/,Copper Mark confirms site-level assurance via a Risk Readiness Assessment plus OECD-aligned Joint Due Diligence Standard.
51,IRMA Standard for Responsible Mining,IRMA,Initiative for Responsible Mining Assurance,Initiative for Responsible Mining Assurance,NGO-multistakeholder,2018,2018,,in force,global-multilateral,NGO-multistakeholder-scheme,voluntary,market-driven,conformity-assessment-certification,mutual-recognition,Product integrity,Other / social & labor harm,high,"Minerals, metals & responsible sourcing",high,industrial-scale mining,Responsible Sourcing,"origin-provenance, compliance-conformity, sustainability-carbon, chain-of-custody",environmental and social/human rights harm at mine sites,sectoral scheme/standard,(no explicit dependency identified),"As of March 2024, 82 mining companies engaged representing 104 sites across 30 countries; 61 sites self-assessing; 6 sites had completed an independent IRMA audit (results published for operations in Zimbabwe, Mexico and Chile). [https://responsiblemining.net/2024/03/27/irma-mining-engagement-update-mar-2024/]",1,No published outcome evaluation identified,0,No published compliance-cost figure identified,0,https://responsiblemining.net/what-we-do/standard/irma-mining-standard/,IRMA confirms a 2018 multi-stakeholder mining standard (400+ requirements) with third-party assessment.
52,Kimberley Process Certification Scheme,KPCS,Kimberley Process (tripartite; UN-mandated),Kimberley Process,hybrid,2003,2003,,in force,global-multilateral,govt-referenced-standard,mandatory,mandate-driven,conformity-assessment-certification,mutual-recognition,Product integrity,Illegal or misrepresented origin & sourcing,high,"Minerals, metals & responsible sourcing",high,rough diamonds,Responsible Sourcing,"origin-provenance, chain-of-custody, compliance-conformity, authenticity-anti-counterfeit",conflict/blood diamonds financing rebel movements,sectoral scheme/standard,OECD Due Diligence Guidance for Minerals,60 participants representing 86 countries (EU counted as one); participants 'actively prevent 99.8% of the worldwide trade' in conflict rough diamonds (Kimberley Process). [https://www.kimberleyprocess.com/participants],1,"Limited/counterproductive: Global Witness (a KP co-founder) withdrew from the scheme in 2011, concluding it failed to stop conflict diamonds and had become 'an accomplice to diamond laundering' (see https://www.globalwitness.org/en/archive/global-witness-leaves-kimberley-process-calls-diamond-trade-be-held-accountable/). [https://www.kimberleyprocess.com/participants]",1,No published compliance-cost figure identified,0,https://www.kimberleyprocess.com/about/what-is-kp,"KP confirms scheme in force 2003, KP certificate required for cross-border rough diamond trade, national-law enforcement."
53,Forest Stewardship Council,FSC,Forest Stewardship Council,Forest Stewardship Council,NGO-multistakeholder,1993,1993,,in force,global-multilateral,NGO-multistakeholder-scheme,voluntary,market-driven,conformity-assessment-certification,mutual-recognition,Product integrity,Illegal or misrepresented origin & sourcing,high,Forestry & timber,high,forestry and wood products,Responsible Sourcing,"origin-provenance, chain-of-custody, sustainability-carbon, compliance-conformity","unsustainable forestry, deforestation, forced labour",sectoral scheme/standard,ISO/IEC 17065,"173,870,727 certified hectares; 69,787 Chain of Custody certificates; members in 89 countries (FSC Facts & Figures, current mid-2026). [https://uk.fsc.org/what-is-fsc/facts-and-figures]",1,"Reduced-harm with regional variation: FSC-collated 2024 peer-reviewed studies find FSC certification 'likely reduced deforestation in three regions of the Brazilian Amazon' (Rana et al. 2024) and greater mammal abundance/biodiversity in FSC concessions (Zwerts et al. 2024), though deforestation effects vary by governance context (see https://connect.fsc.org/monitoring-and-evaluation/impact-evaluations). [https://uk.fsc.org/what-is-fsc/facts-and-figures]",1,No published compliance-cost figure identified,0,https://fsc.org/en/chain-of-custody,FSC confirms multi-stakeholder governance with third-party certifiers and forest-to-shelf chain of custody.
54,Programme for the Endorsement of Forest Certification,PEFC,PEFC International,PEFC International,NGO-multistakeholder,1999,1999,,in force,global-multilateral,NGO-multistakeholder-scheme,voluntary,market-driven,conformity-assessment-certification,mutual-recognition,Product integrity,Illegal or misrepresented origin & sourcing,high,Forestry & timber,high,forestry and wood products,Responsible Sourcing,"origin-provenance, chain-of-custody, sustainability-carbon, compliance-conformity","unsustainable forestry, illegal/non-traceable timber",sectoral scheme/standard,ISO/IEC 17065,"Almost 300 million hectares of PEFC-certified forest; more than 29,800 chain-of-custody certificate holders; 48 endorsed national/regional systems covering 52 countries, with chain-of-custody in 80+ countries (PEFC Facts & Figures). [https://pefc.org/discover-pefc/facts-and-figures]",1,No published outcome evaluation identified,0,No published compliance-cost figure identified,0,https://pefc.org/discover-pefc/what-is-pefc/history,"PEFC confirms establishment 30 June 1999, endorsing national certification systems with chain-of-custody labelling."
55,EU Timber Regulation,EUTR (995/2010),EU Parliament and Council,European Union,public,2010,2010,,in force,regional,binding-regulation,mandatory,mandate-driven,mandating-regulation,mutual-recognition,Product integrity,Illegal or misrepresented origin & sourcing,high,Forestry & timber,high,timber and timber products,Responsible Sourcing,"origin-provenance, compliance-conformity, chain-of-custody",illegally harvested timber on the EU market,mandate-owner to recognize,"Implements the EU FLEGT (Forest Law Enforcement, Governance and Trade) Action Plan (2003) and underpins FLEGT Voluntary Partnership Agreements; later replaced by the EUDR (2023/1115).","By the 2013–2015 evaluation period: 27 of 28 Member States had designated Competent Authorities (Spain the exception), 26 reported check plans in place, 19 had imposed remedial actions/penalties, and 9 Monitoring Organisations were recognised by the Commission. [https://eur-lex.europa.eu/legal-content/EN/TXT/HTML/?uri=CELEX:52016DC0074]",1,"inconclusive — the European Commission's 2016 evaluation (COM(2016) 74 / SWD(2016) 34) stated the evaluation 'could not quantify the impact of the Regulation on the trade in illegal timber' and 'no conclusion could be drawn' on the prohibition's effectiveness, citing insufficient enforcement experience and uneven due-diligence implementation, though it noted the Regulation raised awareness and influenced similar laws in Australia and Switzerland. [https://eur-lex.europa.eu/legal-content/EN/TXT/HTML/?uri=CELEX:52016DC0074]",1,No published compliance-cost figure identified,0,https://eur-lex.europa.eu/legal-content/EN/TXT/?uri=celex:32010R0995,EUR-Lex confirms Reg (EU) 995/2010; illegal-timber prohibition and operator due diligence; being replaced by EUDR.
56,EU Deforestation-free Products Regulation,EUDR (2023/1115),EU Parliament and Council (DG ENV),European Union,public,2023,2023,,phased-in,regional,binding-regulation,mandatory,mandate-driven,mandating-regulation,mutual-recognition,Product integrity,Illegal or misrepresented origin & sourcing,high,"Minerals, metals & responsible sourcing",high,"cattle, cocoa, coffee, palm oil, rubber, soya, wood",Responsible Sourcing,"origin-provenance, sustainability-carbon, chain-of-custody, compliance-conformity",deforestation embedded in commodity imports,mandate-owner to recognize,Replaces the EU Timber Regulation (995/2010); the Commission's confirmed 2020-cutoff deforestation-free requirement builds on the FLEGT/EUTR due-diligence model.,"Entered into force June 2023; covers 8 commodities (cattle, cocoa, coffee, palm oil, rubber, soy, wood, and derived products) per the European Commission's official implementation page. Enforcement/compliance begins 30 December 2026 for large/medium companies (per the Commission's confirmed timeline) and 30 June 2027 for SMEs. [https://green-forum.ec.europa.eu/nature-and-biodiversity/deforestation-regulation-implementation_en]",1,"not yet assessable — compliance deadlines have not yet passed, so no published outcome findings exist yet per the Commission's own implementation page. [https://green-forum.ec.europa.eu/nature-and-biodiversity/deforestation-regulation-implementation_en]",0,No published compliance-cost figure identified,0,https://eur-lex.europa.eu/eli/reg/2023/1115/oj/eng,EUR-Lex confirms Reg (EU) 2023/1115 (31 May 2023); due diligence with geolocation traceability; repeals 995/2010.
57,Lacey Act (2008 plant/timber amendment),Lacey Act,US government (APHIS; FWS; DOJ),US government,public,2008,2008,,in force,national,binding-regulation,mandatory,mandate-driven,mandating-regulation,standalone-silo,Product integrity,Illegal or misrepresented origin & sourcing,high,Forestry & timber,high,"wildlife, plants and timber",Responsible Sourcing,"origin-provenance, compliance-conformity, chain-of-custody",trade in illegally harvested plants/timber,mandate-owner to recognize,Amends the original Lacey Act of 1900 (16 U.S.C. § 3371 et seq.) to extend its illegal-take/trafficking prohibitions to plants and plant products.,"Regulates a U.S. market in which illegal wood-product imports were still estimated at $2.8 billion in 2013 despite the amendment; China's sourcing of logs/sawn wood from high-risk countries fell from 80% (2007) to 45% (2013), per the 2015 Forest Trends/WRI assessment cited by the Union of Concerned Scientists. [https://www.srs.fs.usda.gov/news/578]",1,"reduced-harm — USDA Forest Service Southern Research Station research (Jeff Prestemon, published in Forest Policy and Economics, 2014/2015) found prices of lumber/hardwood plywood imports from suspected illegal-wood-source countries rose and quantities fell after the 2008 amendment; a companion trade-data analysis found imports of illegal wood into the U.S. declined by an estimated 32–44% since the amendments took effect, concluding 'the amendment has met at least some of its advocates' objectives.' [https://www.srs.fs.usda.gov/news/578]",1,No published compliance-cost figure identified,0,https://www.cbp.gov/trade/entry-summary/public-laws-impacting-trade/public-law-110-246/amended-lacey-act/lacey-act,CBP confirms the 2008 amendment extended the Act to plants/timber with an import declaration requirement.
58,ISO 38200 Chain of custody of wood,ISO 38200,ISO,ISO / IEC,NGO-multistakeholder,2018,2018,,in force,global-multilateral,voluntary-consensus-standard,voluntary,market-driven,traceability-exchange-protocol,mutual-recognition,Product integrity,Illegal or misrepresented origin & sourcing,high,Forestry & timber,high,"wood, cork, bamboo, lignocellulosic",Responsible Sourcing,"chain-of-custody, origin-provenance",unverifiable custody/origin claims for wood products,sectoral scheme/standard,(no explicit dependency identified),No published figure identified (checked),0,No published evaluation identified (checked),0,No published compliance-cost figure identified,0,https://www.iso.org/standard/70179.html,ISO confirms ISO 38200:2018 chain-of-custody control system (reconfirmed 2024).
59,ResponsibleSteel International Standard,ResponsibleSteel,ResponsibleSteel,ResponsibleSteel,NGO-multistakeholder,2016,2016,,in force,global-multilateral,NGO-multistakeholder-scheme,voluntary,market-driven,conformity-assessment-certification,mutual-recognition,Product integrity,Illegal or misrepresented origin & sourcing,high,"Minerals, metals & responsible sourcing",high,steel production and inputs,Responsible Sourcing,"sustainability-carbon, origin-provenance, chain-of-custody, compliance-conformity",high-carbon and socially harmful steel,sectoral scheme/standard,(no explicit dependency identified),"70 certified sites (22 steelmaking, 4 upstream, 38 downstream) across 14 countries; 150+ member companies; certified sites represent 124 million tonnes ~ 6.4% of global steel production (ResponsibleSteel Progress Report, Feb 2024). [https://responsible-steel.shorthandstories.com/progress-report-2024/index.html]",1,No published outcome evaluation identified,0,No published compliance-cost figure identified,0,https://www.responsiblesteel.org/standards,"ResponsibleSteel confirms a multi-stakeholder Production Standard covering sourcing and production (v2.1.1, 2024)."
60,Extractive Industries Transparency Initiative,EITI,"EITI (Board; Secretariat, Oslo)",EITI,hybrid,2003,2003,,in force,global-multilateral,NGO-multistakeholder-scheme,voluntary,hybrid,governance-mutual-recognition,mutual-recognition,Product integrity,Illegal or misrepresented origin & sourcing,high,"Minerals, metals & responsible sourcing",high,"oil, gas and mining",Responsible Sourcing,compliance-conformity,corruption and opacity in extractive revenues,peer framework,(no explicit dependency identified),55 implementing countries; USD 3.3 trillion of revenues reported through the EITI in open format (EITI Progress Report 2025). [https://eiti.org/eiti-progress-report-2025],1,"Mixed/inconclusive: a CMI review of EITI evaluations (Lujala, Rustad & Le Billon, 2017) found EITI succeeded in institutionalizing transparency as a global norm but that there is 'little evidence that the EITI has contributed to improvement in development outcomes,' with impact on corruption/development remaining an open question (https://www.cmi.no/publications/6300-has-the-eiti-been-successful). [https://eiti.org/eiti-progress-report-2025]",1,No published compliance-cost figure identified,0,https://eiti.org/history,"EITI confirms establishment 2003, multi-stakeholder governance, disclosure of extractive payments/revenues."
61,World Gold Council Responsible Gold Mining Principles,RGMPs,World Gold Council,World Gold Council,private,2019,2019,,in force,global-multilateral,private-industry-scheme,voluntary,market-driven,conformity-assessment-certification,mutual-recognition,Product integrity,Greenwashing & ESG/climate misrepresentation,high,"Minerals, metals & responsible sourcing",high,gold mining,Responsible Sourcing,"origin-provenance, compliance-conformity, sustainability-carbon",ESG harms in gold mining,sectoral scheme/standard,(no explicit dependency identified),"Conformance with the RGMPs is a membership requirement for all World Gold Council members (29 member companies as of 2024-25); the 33 members with operating mines collectively produce c.1,300 tonnes of gold per year (a majority of large-scale gold production), per WGC (Sept 2023). Members must publicly disclose conformance. [https://www.gold.org/about-us]",1,No published outcome evaluation identified,0,No published compliance-cost figure identified,0,https://www.gold.org/industry-standards/responsible-gold-mining,WGC confirms the 2019 RGMP framework with external third-party assurance and public conformance disclosure.
62,ICMM Mining Principles,ICMM Mining Principles,International Council on Mining and Metals,International Council on Mining and Metals,private,2020,2020,,in force,global-multilateral,private-industry-scheme,mandatory,market-driven,conformity-assessment-certification,mutual-recognition,Product integrity,Greenwashing & ESG/climate misrepresentation,high,"Minerals, metals & responsible sourcing",high,mining and metals,Responsible Sourcing,"compliance-conformity, sustainability-carbon, origin-provenance",ESG and governance harms across member operations,sectoral scheme/standard,(no explicit dependency identified),"27 corporate members and 47 association members; ICMM members represent about one-third of the global metals and mining industry, and conformance with the Mining Principles is a condition of membership (ICMM). [https://www.icmm.com/en-gb/our-story/our-members]",1,No published outcome evaluation identified,0,No published compliance-cost figure identified,0,https://www.icmm.com/mining-principles,ICMM confirms Performance Expectations mandatory for members with three-year third-party site validation.
63,ITSCI Programme (3T minerals),ITSCI,International Tin Association and T.I.C. (with Pact),International Tin Association and T.I.C,private,2010,2010,,in force,regional,private-industry-scheme,de-facto-required-for-market-access,hybrid,traceability-exchange-protocol,mutual-recognition,Product integrity,Illegal or misrepresented origin & sourcing,high,"Minerals, metals & responsible sourcing",high,"tin, tantalum, tungsten",Responsible Sourcing,"origin-provenance, chain-of-custody, compliance-conformity",conflict finance and abuse in upstream 3T chains,sectoral scheme/standard,OECD guidance,"2,958 monitored mine sites and 88,367 artisanal & small-scale miners; 25,716 tonnes of 3T minerals exported and 654,085 tags used in 2024; supply chains across 45+ countries, with field implementation in Burundi, DRC, Rwanda and Uganda (ITSCI 2024 Annual Review). [https://www.itsci.org/wp-content/uploads/2025/06/ITSCI-2024-Annual-Review_EN.pdf]",1,No published outcome evaluation identified,0,No published compliance-cost figure identified,0,https://www.itsci.org/purpose/,"ITSCI confirms a not-for-profit upstream traceability/due-diligence programme in four African countries, OECD-aligned."
64,Fairmined Standard,Fairmined,Alliance for Responsible Mining,Alliance for Responsible Mining,NGO-multistakeholder,2014,2014,,in force,global-multilateral,NGO-multistakeholder-scheme,voluntary,market-driven,conformity-assessment-certification,mutual-recognition,Product integrity,Illegal or misrepresented origin & sourcing,high,"Minerals, metals & responsible sourcing",high,artisanal and small-scale gold mining,Responsible Sourcing,"origin-provenance, chain-of-custody, compliance-conformity, sustainability-carbon",informal/unsafe ASM practices and market access,sectoral scheme/standard,(no explicit dependency identified),"Since 2014, USD 8 million in Fairmined Premium paid to certified mining organizations; more than 430 businesses in 40 countries work with Fairmined gold; certified artisanal/small-scale mining organizations currently in 2 countries (Colombia and Peru) (Fairmined). [https://fairmined.org/our-impact/]",1,No published outcome evaluation identified,0,No published compliance-cost figure identified,0,https://fairmined.org/the-fairmined-standard/,"Fairmined confirms an ARM-owned standard (v2.0, 2014) for ASM gold with traceability and premiums."
65,Fairtrade Gold Standard,Fairtrade Gold,Fairtrade International,Fairtrade International,NGO-multistakeholder,2011,2011,,in force,global-multilateral,NGO-multistakeholder-scheme,voluntary,market-driven,conformity-assessment-certification,mutual-recognition,Product integrity,Other / social & labor harm,high,"Minerals, metals & responsible sourcing",high,ASM gold and precious metals,Responsible Sourcing,"origin-provenance, chain-of-custody, compliance-conformity",poor conditions/market access for ASM gold miners,sectoral scheme/standard,(no explicit dependency identified),"1,283 kg of gold exported under Fairtrade terms in 2024; over 6.2 tonnes exported under Fairtrade terms cumulatively over the past 10 years (Fairtrade International). [https://www.fairtrade.net/en/products/Fairtrade_products/gold.html]",1,No published outcome evaluation identified,0,No published compliance-cost figure identified,0,https://www.fairtrade.net/en/why-fairtrade/how-we-do-it/standards/who-we-have-standards-for/gold-standard-and-associated-precious-metals-standard.html,Fairtrade International confirms the Gold and Associated Precious Metals Standard for ASM organisations.
66,FLEGT Licensing Scheme for timber,FLEGT (2173/2005),Council of the EU (VPAs; European Commission),Council of the EU,public,2005,2005,,in force,regional,binding-regulation,mandatory,mandate-driven,mandating-regulation,mutual-recognition,Product integrity,Illegal or misrepresented origin & sourcing,high,Forestry & timber,high,timber and timber products,Responsible Sourcing,"origin-provenance, compliance-conformity, chain-of-custody",illegal logging and governance failures,mandate-owner to recognize,(no explicit dependency identified),"Indonesia became the first (and to date only) country to issue FLEGT licences, starting November 2016 (VPA signed 2011); FLEGT IMM surveys of EU importers and Competent Authorities indicate the licensing system 'has worked effectively and efficiently.' [https://flegtimm.eu/country-profiles/indonesia/]",1,No published outcome evaluation identified,0,No published compliance-cost figure identified,0,https://eur-lex.europa.eu/legal-content/EN/TXT/?uri=celex:32005R2173,EUR-Lex confirms Reg (EC) 2173/2005 establishing FLEGT licensing via Voluntary Partnership Agreements.
67,Ecodesign for Sustainable Products Regulation,ESPR (2024/1781),EU Parliament and Council (DG GROW/ENV),European Union,public,2024,2024,,in force,regional,binding-regulation,de-facto-required-for-market-access,mandate-driven,mandating-regulation,mutual-recognition,Product integrity,Greenwashing & ESG/climate misrepresentation,high,Consumer & manufactured products,high,nearly all physical goods,Manufactured & Consumer Products,"sustainability-carbon, composition, compliance-conformity, origin-provenance","environmental harm from unsustainable, non-circular products",mandate-owner to recognize,Replaces the 2009 Ecodesign Directive (2009/125/EC); establishes the legal basis for the EU Digital Product Passport.,"Entered into force 18 July 2024, applying to 'nearly all physical goods sold in the EU.' The Commission's first Ecodesign and Digital Product Passport Working Plan 2025–2030 (COM(2025) 187, adopted 16 April 2025) prioritises textiles, furniture, tyres, mattresses, iron & steel, aluminium, and several energy-related products (washing machines, dryers, dishwashers, TVs). EU Central DPP Registry deadline set for 19 July 2026. [https://eur-lex.europa.eu/legal-content/EN/TXT/PDF/?uri=OJ%3AL_202401781]",1,"not yet assessable — sector-specific delegated acts are only expected from early 2027, so no published outcome findings exist yet. [https://eur-lex.europa.eu/legal-content/EN/TXT/PDF/?uri=OJ%3AL_202401781]",0,No published compliance-cost figure identified,0,https://eur-lex.europa.eu/eli/reg/2024/1781/oj/eng,EUR-Lex confirms Reg (EU) 2024/1781 (13 Jun 2024) establishing the ecodesign framework and DPP.
68,EU Digital Product Passport,DPP,European Commission (under ESPR),European Union,public,2024,2024,,phased-in,regional,binding-regulation,de-facto-required-for-market-access,mandate-driven,data-credential-model,mutual-recognition,Product integrity,Greenwashing & ESG/climate misrepresentation,high,Consumer & manufactured products,high,manufactured products (batteries first),Manufactured & Consumer Products,"identity, origin-provenance, composition, sustainability-carbon, compliance-conformity","information asymmetry blocking repair, reuse, recycling",mandate-owner to recognize,W3C Verifiable Credentials and Decentralized Identifiers,"Established under ESPR (2024/1781); EU Central DPP Registry deadline 19 July 2026, with first sector-specific delegated acts (textiles, furniture, tyres, mattresses, iron/steel, aluminium, and priority energy-related products) expected from early 2027 per the Commission's 2025–2030 Working Plan (COM(2025) 187, April 2025); batteries subsector registration obligation begins 18 February 2027. [https://eur-lex.europa.eu/legal-content/EN/TXT/PDF/?uri=OJ%3AL_202401781]",1,"not yet assessable — rollout has not yet begun, so no published outcome findings exist yet. [https://eur-lex.europa.eu/legal-content/EN/TXT/PDF/?uri=OJ%3AL_202401781]",0,No published compliance-cost figure identified,0,https://single-market-economy.ec.europa.eu/single-market/digital-product-passport_en,"EC confirms the DPP under ESPR, accessed via data carrier; batteries mandatory from 18 Feb 2027."
69,Batteries and Waste Batteries Regulation,Reg (EU) 2023/1542,EU Parliament and Council,European Union,public,2023,2023,,phased-in,regional,binding-regulation,mandatory,mandate-driven,mandating-regulation,mutual-recognition,Product integrity,Other / social & labor harm,high,Consumer & manufactured products,high,batteries,Manufactured & Consumer Products,"composition, sustainability-carbon, origin-provenance, chain-of-custody, safety, compliance-conformity",environmental and social harms across the battery lifecycle,mandate-owner to recognize,Repeals Directive 2006/66/EC (the earlier EU Batteries Directive).,"Entered into force 17 August 2023 with a phased compliance schedule: safety/performance requirements from 18 Aug 2024; carbon-footprint declarations for EV batteries from 18 Feb 2025; supply-chain due-diligence and waste-management obligations from 18 Aug 2025; carbon-footprint requirements for industrial batteries from 18 Feb 2026; battery passports and removability/replaceability rules from 18 Feb 2027; recycled-content requirements from 18 Aug 2028. Applies to 5 battery categories (portable, SLI, light-transport, industrial, EV). [https://www.tuv.com/landingpage/en/eu-new-battery-regulation-eu-2023-1542/]",1,"not yet assessable — the phased compliance schedule runs through 2028, so no published outcome findings exist yet. [https://www.tuv.com/landingpage/en/eu-new-battery-regulation-eu-2023-1542/]",0,No published compliance-cost figure identified,0,https://eur-lex.europa.eu/eli/reg/2023/1542/oj,"EUR-Lex confirms Reg (EU) 2023/1542 (12 Jul 2023), in force 17 Aug 2023, repealing Dir 2006/66/EC."
70,EU Battery Passport,EU Battery Passport,European Commission (Reg 2023/1542 Art 77),European Union,public,2023,2023,,phased-in,regional,binding-regulation,de-facto-required-for-market-access,mandate-driven,data-credential-model,mutual-recognition,Digital systems and data,"Data, research & assurance integrity failure",high,Consumer & manufactured products,high,"batteries (EV, LMT, industrial)",Manufactured & Consumer Products,"identity, composition, sustainability-carbon, chain-of-custody, compliance-conformity",unverifiable lifecycle/material data hindering circularity,mandate-owner to recognize,Implements Article 77 and Annex XIII of the Batteries and Waste Batteries Regulation (EU) 2023/1542.,"Mandatory from 18 February 2027 for EV, light-means-of-transport, and industrial batteries with capacity >2 kWh (per Battery Regulation Annex XIII). A proof-of-concept pilot launched 18 January 2023 at WEF Davos under the Global Battery Alliance, with Audi (VW Group) and Tesla publicly demonstrating passports and founding members including BASF, CATL, Eurasian Resources Group, Glencore, LG Energy Solution, and Umicore. [https://www.globalbattery.org/press-releases/global-battery-alliance-launches-world%E2%80%99s-first-battery-passport-proof-of-concept/]",1,"inconclusive — the GBA pilot disclosed that 'the quality of the data presented in the proof-of-concept battery passports has not been fully verified and was partially complemented with reasonable data estimates,' covering only select raw-material supply chains rather than full battery inputs. [https://www.globalbattery.org/press-releases/global-battery-alliance-launches-world%E2%80%99s-first-battery-passport-proof-of-concept/]",1,No published compliance-cost figure identified,0,https://single-market-economy.ec.europa.eu/single-market/digital-product-passport_en,EC confirms the battery passport becomes mandatory 18 Feb 2027 as the first DPP application.
71,Global Battery Alliance Battery Passport,GBA Battery Passport,Global Battery Alliance (WEF-affiliated),Global Battery Alliance,NGO-multistakeholder,2023,2023,,proposed,global-multilateral,NGO-multistakeholder-scheme,voluntary,hybrid,data-credential-model,mutual-recognition,Product integrity,Greenwashing & ESG/climate misrepresentation,high,"Minerals, metals & responsible sourcing",high,batteries (EV value chain),Manufactured & Consumer Products,"sustainability-carbon, origin-provenance, chain-of-custody, composition",unverified ESG performance in battery chains,sectoral scheme/standard,(no explicit dependency identified),"The world-first Battery Passport proof of concept was launched January 2023 at the World Economic Forum in Davos; prototype passports were piloted and publicly shared by Audi (Volkswagen AG) and Tesla, with the framework developed collaboratively by 130+ organizations across the battery value chain (miners, cell makers, recyclers, NGOs, governments). [https://www.globalbattery.org/press-releases/global-battery-alliance-launches-world%E2%80%99s-first-battery-passport-proof-of-concept/]",1,No published outcome evaluation identified,0,No published compliance-cost figure identified,0,https://www.globalbattery.org/battery-passport-mvp-pilots/,GBA confirms the Battery Passport proof of concept (Davos 2023) with a certification scheme targeted for 2027.
72,UN/CEFACT Recommendation 46 (garment/footwear traceability),UN/CEFACT Rec 46,UNECE / UN/CEFACT,UNECE / UN/CEFACT,public,2021,2021,,in force,global-multilateral,voluntary-consensus-standard,voluntary,market-driven,traceability-exchange-protocol,mutual-recognition,Product integrity,Illegal or misrepresented origin & sourcing,high,Consumer & manufactured products,high,garment and footwear (textiles/leather),Manufactured & Consumer Products,"origin-provenance, sustainability-carbon, chain-of-custody, compliance-conformity",supply-chain opacity enabling unethical production,sectoral scheme/standard,Part of UN/CEFACT's broader traceability and transparency recommendations framework for sustainable value chains.,"As of February 2024, the UNECE Sustainability Pledge (the implementation vehicle for Rec 46's traceability/transparency framework) had 105 pledges from 97 actors across 27 countries and 5 continents, with 800+ partners involved; Europe accounted for 55.6% of pledging organisations. [https://unece.org/sites/default/files/2024-06/SustainabilityPledge-3yrsMonitoringReport_0.pdf]",1,"mixed — UNECE's 3-year monitoring report (June 2024) found 84% of surveyed pledgers (62 pledges monitored Feb–May 2024) reported being 'on track' with objectives, but only 16% added new KPIs after initial disclosure (66% disclosed KPIs initially), indicating limited evolution in measurement rigor. [https://unece.org/sites/default/files/2024-06/SustainabilityPledge-3yrsMonitoringReport_0.pdf]",1,No published compliance-cost figure identified,0,https://unece.org/trade/traceability-sustainable-garment-and-footwear,"UNECE confirms Rec 46 (ECE/TRADE/463) adopted at the 27th UN/CEFACT Plenary, Feb 2021."
73,Textile Exchange Content Claim Standard,CCS,Textile Exchange,Textile Exchange,NGO-multistakeholder,2013,2013,,in force,global-multilateral,NGO-multistakeholder-scheme,voluntary,market-driven,conformity-assessment-certification,mutual-recognition,Product integrity,Counterfeiting & falsification,high,Consumer & manufactured products,high,textiles/apparel,Manufactured & Consumer Products,"chain-of-custody, composition, authenticity-anti-counterfeit",unverifiable raw-material content claims,sectoral scheme/standard,"Requires certification bodies to hold ISO/IEC 17065:2012 accreditation ('Conformity assessment — Requirements for bodies certifying products, processes and services') 'at the same time as or prior to' obtaining accreditation to any Textile Exchange standard, per Textile Exchange's own Accreditation and Certification Procedures (ASR-101 V2.1).",No verified certified-site/facility adoption figures were found from an authoritative primary source. [https://textileexchange.org/app/uploads/2021/02/ASR-101-V2.1-Accreditation-Certification-Procedures-for-Textile-Exchange-Standards.pdf],0,No verified published effectiveness/outcome findings were found from an authoritative primary source. [https://textileexchange.org/app/uploads/2021/02/ASR-101-V2.1-Accreditation-Certification-Procedures-for-Textile-Exchange-Standards.pdf],0,No published compliance-cost figure identified,0,https://textileexchange.org/standards/,Textile Exchange confirms the CCS as its foundational chain-of-custody standard for input claims.
74,Global Recycled Standard,GRS,Textile Exchange,Textile Exchange,NGO-multistakeholder,2011,2011,,in force,global-multilateral,NGO-multistakeholder-scheme,voluntary,market-driven,conformity-assessment-certification,mutual-recognition,Product integrity,Greenwashing & ESG/climate misrepresentation,high,Consumer & manufactured products,high,textiles and recycled-content products,Manufactured & Consumer Products,"composition, chain-of-custody, sustainability-carbon",false recycled-content claims,sectoral scheme/standard,"GRS certification bodies operate under ISO/IEC 17065 (product certification) and ISO/IEC 17011 (accreditation), and the standard references EU REACH (Reg. (EC) No 1907/2006) — Article 57 / Annex XIV substances of very high concern — for chemical restrictions.","Over 10,000 active GRS certificates reported (Textile Exchange GRS factsheet compiled by the EU Sustcert4Biobased project, 2024). [https://sustcert4biobased.eu/wp-content/uploads/2024/06/Textile-Exchange-GRS_factsheet.pdf]",1,No published outcome evaluation identified,0,No published compliance-cost figure identified,0,https://textileexchange.org/standards/,Textile Exchange confirms GRS verifies recycled content plus processing conditions (with RCS/OCS siblings).
75,Leather Working Group Certification,LWG,Leather Working Group,Leather Working Group,NGO-multistakeholder,2005,2005,,in force,global-multilateral,private-industry-scheme,voluntary,market-driven,conformity-assessment-certification,mutual-recognition,Product integrity,Illegal or misrepresented origin & sourcing,high,Consumer & manufactured products,high,leather,Manufactured & Consumer Products,"sustainability-carbon, chain-of-custody, origin-provenance, compliance-conformity",environmental harm and untraceable leather sourcing,sectoral scheme/standard,(no explicit dependency identified),"Over 2,000 LWG-certified suppliers were engaged globally in 2024, with 600+ brand partners and operations in more than 60 countries; LWG passed the 1,000-certified-manufacturer milestone in 2022. [https://www.leatherworkinggroup.com/learn-more/features/2024-highlights-leather-working-group/]",1,No published outcome evaluation identified,0,No published compliance-cost figure identified,0,https://www.leatherworkinggroup.com/our-impact/standards-certification/,LWG confirms audit standards (launched 2005) covering environmental performance and traceability.
76,ZDHC Manufacturing Restricted Substances List,ZDHC MRSL,Stichting ZDHC Foundation,Stichting ZDHC Foundation,NGO-multistakeholder,2011,2011,,in force,global-multilateral,NGO-multistakeholder-scheme,voluntary,market-driven,conformity-assessment-certification,mutual-recognition,Product integrity,Unsafe or non-compliant products,high,Consumer & manufactured products,high,"textile, leather, footwear (chemical inputs)",Manufactured & Consumer Products,"composition, safety, compliance-conformity",discharge of hazardous chemicals into water/products,sectoral scheme/standard,(no explicit dependency identified),"The ZDHC Gateway (described by ZDHC as the world's largest database of safer chemical products for the fashion industry) had 8,741 suppliers enrolled and 17,360 Performance InCheck reports created by 2022; as of December 2023 ZDHC counted 58 chemical-formulator signatories, 41 brand/retailer signatories and 46 supplier signatories. In 2022, 98% of published Gateway wastewater test reports met ZDHC MRSL guidelines. [https://www.roadmaptozero.com/impact-report-2023]",1,No published outcome evaluation identified,0,No published compliance-cost figure identified,0,https://www.roadmaptozero.com/about,ZDHC confirms a multi-stakeholder initiative and MRSL managing input chemistry.
77,OEKO-TEX STANDARD 100,OEKO-TEX 100,OEKO-TEX Association,OEKO-TEX Association,private,1992,1992,,in force,global-multilateral,private-industry-scheme,voluntary,market-driven,conformity-assessment-certification,mutual-recognition,Product integrity,Unsafe or non-compliant products,high,Consumer & manufactured products,high,textiles,Manufactured & Consumer Products,"safety, composition, compliance-conformity",harmful substances in textiles reaching consumers,sectoral scheme/standard,(no explicit dependency identified),"Over 25,000 STANDARD 100 certificates were issued in financial year 2021/22 (the first time that threshold was passed), part of 36,084 total OEKO-TEX certificates/labels that year (+14% vs. 31,696 the prior year). Across all OEKO-TEX standards, 50,000+ valid certifications were reached in FY 2023/24 (+22%), with more than 35,000 textile and leather companies relying on them. [https://www.oeko-tex.com/en/news/press-releases/oeko-texr-annual-report-2021-2022]",1,No published outcome evaluation identified,0,No published compliance-cost figure identified,0,https://www.oeko-tex.com/en/our-standards/oeko-tex-standard-100/,"OEKO-TEX confirms STANDARD 100 tests components against 1,000+ harmful substances; 1992 origin."
78,Catena-X Automotive Network,Catena-X,Catena-X Automotive Network e.V.,Catena-X Automotive Network e.V,private,2021,2021,,in force,global-multilateral,private-industry-scheme,voluntary,market-driven,traceability-exchange-protocol,mutual-recognition,System interoperability,Interoperability & fragmentation failure,high,Consumer & manufactured products,high,automotive,Manufactured & Consumer Products,"chain-of-custody, sustainability-carbon, compliance-conformity, origin-provenance","fragmented, non-sovereign supply-chain data",sectoral scheme/standard,W3C Verifiable Credentials and Decentralized Identifiers,"Approximately 200+ member organizations are listed in the Catena-X Automotive Network e.V. member roster (dated March 2025), spanning OEMs, tier suppliers, technology and consulting firms, research institutes and industry associations. [https://catena-x.net/wp-content/uploads/2025/04/Catena-X_List-of-Members.pdf]",1,No published outcome evaluation identified,0,No published compliance-cost figure identified,0,https://catena-x.net/about-us/,Catena-X confirms an open automotive data ecosystem developing standards/certification with global hubs.
79,AS9100 Aerospace Quality Management,AS9100,SAE International (with IAQG),SAE International,private,1999,1999,,in force,global-multilateral,voluntary-consensus-standard,de-facto-required-for-market-access,market-driven,conformity-assessment-certification,mutual-recognition,Product integrity,Unsafe or non-compliant products,high,Consumer & manufactured products,high,aerospace/aviation/space/defense,Manufactured & Consumer Products,"compliance-conformity, safety, authenticity-anti-counterfeit",unsafe or nonconforming aerospace parts,sectoral scheme/standard,ISO 9001,"Per the IAQG OASIS supplier directory (as compiled May 2025), there were 10,592 AS9100-certified sites in the United States and 29,224 total aerospace certifications worldwide across AS9100/AS9110/AS9120 combined, up ~18% since April 2023. [https://www.simpleque.com/2025-review-of-as9100-as9110-and-as9120-certifications-worldwide/]",1,No published outcome evaluation identified,0,No published compliance-cost figure identified,0,https://www.nqa.com/en-us/certification/standards/as9100,Accredited body (NQA) confirms AS9100 is an ISO 9001-based aerospace QMS prepared by IAQG/SAE.
80,AS5553 Counterfeit Electronic Parts,AS5553,SAE International (G-19),SAE International,hybrid,2009,2009,,in force,global-multilateral,govt-referenced-standard,de-facto-required-for-market-access,hybrid,conformity-assessment-certification,mutual-recognition,Product integrity,Counterfeiting & falsification,high,Consumer & manufactured products,high,aerospace/defense electronics,Manufactured & Consumer Products,"authenticity-anti-counterfeit, compliance-conformity, chain-of-custody",counterfeit electronic parts in safety-critical systems,sectoral scheme/standard,No verified reference/foundational-standard relationship was found from an authoritative primary source.,"Originally published 2009, now in its 5th revision (AS5553E, 2025). DoD counterfeit-part detection/avoidance requirements were mandated government-wide via DFARS 252.246-7007 (effective 6 May 2014, implementing Section 818 of the FY2012 NDAA, Pub. L. 112-81, as amended by Section 833 of the FY2013 NDAA). The Federal Register final rule explicitly states DoD 'concurs that industry consensus standards could be used' for compliance but 'has not mandated the use of specific industry standards,' leaving AS5553 as an accepted (not required) compliance route. [https://www.federalregister.gov/documents/2014/05/06/2014-10326/defense-federal-acquisition-regulation-supplement-detection-and-avoidance-of-counterfeit-electronic]",1,No verified published effectiveness/outcome findings were found from an authoritative primary source. [https://www.federalregister.gov/documents/2014/05/06/2014-10326/defense-federal-acquisition-regulation-supplement-detection-and-avoidance-of-counterfeit-electronic],0,No published compliance-cost figure identified,0,https://saemobilus.sae.org/standards/as5553-counterfeit-electronic-parts-avoidance-detection-mitigation-disposition,SAE confirms AS5553 (2 Apr 2009) on counterfeit-part avoidance/detection/mitigation/disposition; referenced in US DFARS.
81,AS6081 Counterfeit Parts (Distributors),AS6081,SAE International,SAE International,private,2012,2012,,in force,global-multilateral,voluntary-consensus-standard,de-facto-required-for-market-access,market-driven,conformity-assessment-certification,mutual-recognition,Product integrity,Counterfeiting & falsification,high,Consumer & manufactured products,high,aerospace/defense electronics distribution,Manufactured & Consumer Products,"authenticity-anti-counterfeit, compliance-conformity, chain-of-custody",counterfeit parts via open-market distribution,sectoral scheme/standard,Positioned as complementary to AS5553 — AS5553 targets EEE product designers/manufacturers while AS6081 targets independent distributors; certification bodies must hold ISO 9001 (with AS9120/ISO 13485 as alternatives) before pursuing AS6081 accreditation. Current version AS6081A (2023).,No verified adoption/scale figures were found from an authoritative primary source. [https://blog.ansi.org/anab/what-is-as6081/],0,No verified published effectiveness/outcome findings were found from an authoritative primary source. [https://blog.ansi.org/anab/what-is-as6081/],0,No published compliance-cost figure identified,0,https://www.nqa.com/en-us/certification/standards/as6081,"Accredited body (NQA) confirms AS6081 for distributor counterfeit detection/mitigation, building on AS9120."
82,IDEA-STD-1010 Component Acceptability,IDEA-STD-1010,Independent Distributors of Electronics Association,Independent Distributors of Electronics Association,private,2006,2006,,in force,global-multilateral,private-industry-scheme,voluntary,market-driven,conformity-assessment-certification,mutual-recognition,Product integrity,Counterfeiting & falsification,high,Consumer & manufactured products,high,electronic components distribution,Manufactured & Consumer Products,"authenticity-anti-counterfeit, compliance-conformity",substandard/counterfeit components in supply chains,sectoral scheme/standard,No verified reference/foundational-standard relationship was found from an authoritative primary source.,"Standard (rev. 1010-A) introduced October 2006; by August 2007, the Independent Distributors of Electronics Association (IDEA) reported 'more than half of its 38 members' were compliant, and OEMs/CEMs/EMS providers began requiring conformance for approved-vendor-list status. [https://www.eetimes.com/independent-distributors-embrace-component-inspection-standard-readies-certification-program/]",1,No verified published effectiveness/outcome findings were found from an authoritative primary source. [https://www.eetimes.com/independent-distributors-embrace-component-inspection-standard-readies-certification-program/],0,No published compliance-cost figure identified,0,https://idofea.org/quality-standards/idea-std-1010-inspection-standard/,IDEA confirms IDEA-STD-1010 (Rev B) visual-inspection standard to detect counterfeit components.
83,Restriction of Hazardous Substances (RoHS 2),RoHS (2011/65/EU),EU Parliament and Council,European Union,public,2011,2011,,in force,regional,binding-regulation,de-facto-required-for-market-access,mandate-driven,mandating-regulation,mutual-recognition,Product integrity,Unsafe or non-compliant products,high,Consumer & manufactured products,high,electrical and electronic equipment,Manufactured & Consumer Products,"composition, safety, compliance-conformity",hazardous substances in electronics harming health/environment,mandate-owner to recognize,RoHS 2 (Directive 2011/65/EU) is the recast of the original RoHS Directive 2002/95/EC.,"All 27 Member States transposed the Directive by the 2 January 2013 deadline. A 2017 impact-assessment study estimated 23–28% of EEE products did not comply with RoHS; RoHS AdCo joint market-surveillance projects found 24% of 157 USB cables tested (2016) and 25% of LED lamps/batteries tested (2019) exceeded permitted substance concentrations. By December 2022, 80 Commission delegated directives had amended the Directive and over 60 exemption-renewal requests were pending. [https://environment.ec.europa.eu/document/download/e3e74225-d4a0-4e69-966a-6ed3fdb906b0_en?filename=SWD_2023_760_1_EN_autre_document_travail_service_part1_v4.pdf]",1,"reduced-harm — the European Commission's evaluation (SWD(2023) 760 final, 7 December 2023) concluded RoHS 'achieved its primary objective of restricting and thereby reducing the use of certain hazardous substances in EEE,' finding restricted substances (cadmium, lead, mercury) in EEE were 'reduced by around two thirds' between 2003 and 2016. [https://environment.ec.europa.eu/document/download/e3e74225-d4a0-4e69-966a-6ed3fdb906b0_en?filename=SWD_2023_760_1_EN_autre_document_travail_service_part1_v4.pdf]",1,No published compliance-cost figure identified,0,https://eur-lex.europa.eu/eli/dir/2011/65/oj/eng,"EUR-Lex confirms Directive 2011/65/EU (RoHS 2), 8 Jun 2011, restricting hazardous substances in EEE."
84,Waste Electrical and Electronic Equipment Directive,WEEE (2012/19/EU),EU Parliament and Council,European Union,public,2012,2012,,in force,regional,binding-regulation,mandatory,mandate-driven,mandating-regulation,mutual-recognition,Product integrity,Unsafe or non-compliant products,high,Consumer & manufactured products,high,electrical and electronic equipment,Manufactured & Consumer Products,"composition, sustainability-carbon, compliance-conformity",e-waste pollution and lost recoverable resources,mandate-owner to recognize,(no explicit dependency identified),"The EU27 WEEE separate-collection rate was 45.9% in 2020 (46.8% in 2018, 48.3% in 2019), up from 37% in 2011. [https://www.eea.europa.eu/en/circularity/thematic-metrics/materialsandwaste/waste-electrical-and-electronic-equipment-weee-collection-rate]",1,"limited: The 2020 EU27 collection rate of 45.9% fell well short of the Directive's 65% target, with only Bulgaria, Croatia and Finland meeting the target, as electrical equipment placed on the market grew faster than collection. [https://www.eea.europa.eu/en/circularity/thematic-metrics/materialsandwaste/waste-electrical-and-electronic-equipment-weee-collection-rate]",1,No published compliance-cost figure identified,0,https://eur-lex.europa.eu/eli/dir/2012/19/oj/eng,"EUR-Lex confirms Directive 2012/19/EU on WEEE (recast), 4 Jul 2012."
85,Aura Blockchain Consortium,Aura,Aura Blockchain Consortium (non-profit),Aura Blockchain Consortium,private,2021,2021,,in force,global-multilateral,private-industry-scheme,voluntary,market-driven,data-credential-model,mutual-recognition,Product integrity,Counterfeiting & falsification,high,Consumer & manufactured products,high,luxury goods,Manufactured & Consumer Products,"authenticity-anti-counterfeit, identity, origin-provenance, chain-of-custody",counterfeiting and provenance opacity in luxury,sectoral scheme/standard,(no explicit dependency identified),"Over 50 million luxury products registered on the Aura Blockchain and more than 50 participating luxury brands, announced September 2024 (consortium founded by LVMH, Prada Group and Cartier/Richemont). [https://auraconsortium.com/news/blockchain-aura-surpasses-50-million-products]",1,No published outcome evaluation identified,0,No published compliance-cost figure identified,0,https://auraconsortium.com/,"Aura confirms a non-profit, blockchain-agnostic consortium (LVMH, Prada, Cartier/Richemont, OTB) for luxury product passports."
86,General Product Safety Regulation,GPSR (2023/988),EU Parliament and Council,European Union,public,2023,2023,,in force,regional,binding-regulation,mandatory,mandate-driven,mandating-regulation,mutual-recognition,Product integrity,Unsafe or non-compliant products,high,Consumer & manufactured products,high,general consumer products,Manufactured & Consumer Products,"safety, compliance-conformity, identity","unsafe consumer products, including online-sold goods",mandate-owner to recognize,Repeals Directive 2001/95/EC (General Product Safety Directive) and Council Directive 87/357/EEC; amends Regulation (EU) 1025/2012 and Directive (EU) 2020/1828.,"Applies EU-wide from 13 December 2024, replacing the General Product Safety Directive across the single market (EUR-Lex OJ metadata: first date of entry into force/application 2024-12-13). [https://eur-lex.europa.eu/eli/reg/2023/988/oj/eng]",1,Too recently applicable for published outcome/impact findings as of mid-2026; none located. [https://eur-lex.europa.eu/eli/reg/2023/988/oj/eng],1,No published compliance-cost figure identified,0,https://eur-lex.europa.eu/EN/legal-content/summary/general-product-safety-regulation-2023.html,EUR-Lex confirms Reg (EU) 2023/988 (GPSR); application from 13 Dec 2024.
87,Construction Products Regulation (recast),CPR (2024/3110),EU Parliament and Council,European Union,public,2024,2024,,phased-in,regional,binding-regulation,de-facto-required-for-market-access,mandate-driven,mandating-regulation,mutual-recognition,Product integrity,Unsafe or non-compliant products,high,Consumer & manufactured products,high,construction products,Manufactured & Consumer Products,"safety, compliance-conformity, composition, sustainability-carbon, identity",unsafe/non-performing construction products; missing environmental data,mandate-owner to recognize,"Repeals and replaces Regulation (EU) No 305/2011, the original Construction Products Regulation.",EUR-Lex OJ metadata lists 8 January 2027 as the (phased) date of application/entry into force of the recast. [https://eur-lex.europa.eu/eli/reg/2024/3110/oj/eng],1,Too new (not yet fully applicable) for published outcome data; none located. [https://eur-lex.europa.eu/eli/reg/2024/3110/oj/eng],1,No published compliance-cost figure identified,0,https://eur-lex.europa.eu/eli/reg/2024/3110/oj/eng,EUR-Lex confirms Reg (EU) 2024/3110 (27 Nov 2024) repealing 305/2011 and introducing a construction DPP.
88,EN 15804 (Construction EPD core rules),EN 15804,CEN (CEN/TC 350),CEN,hybrid,2012,2012,,in force,regional,voluntary-consensus-standard,voluntary,market-driven,data-credential-model,mutual-recognition,Product integrity,Greenwashing & ESG/climate misrepresentation,high,Consumer & manufactured products,high,construction products,Manufactured & Consumer Products,"sustainability-carbon, composition","inconsistent, non-comparable environmental claims",sectoral scheme/standard,(no explicit dependency identified),"The International EPD System (EPD International / Environdec) alone held more than 3,600 valid published EPDs as of October 2022, with 1,000+ registered in 2022 and the construction/buildings sector (governed by EN 15804) showing the strongest growth. [https://environdec.com/news/significant-increase-in-registered-epds]",1,No published outcome evaluation identified,0,No published compliance-cost figure identified,0,https://www.environdec.com/pcr-library/pcr_6b99d07c-4b75-4763-4485-08dd775d2e49,International EPD System confirms EN 15804:2012+A2:2019 core PCR for construction-product EPDs.
89,CE Marking (New Legislative Framework),CE marking,EU Parliament and Council,European Union,public,2008,2008,,in force,regional,govt-referenced-standard,de-facto-required-for-market-access,mandate-driven,conformity-assessment-certification,mutual-recognition,Product integrity,Unsafe or non-compliant products,high,Consumer & manufactured products,high,cross-sector EU harmonised products,Manufactured & Consumer Products,"safety, compliance-conformity",unsafe/non-compliant products on the single market,sectoral scheme/standard,ISO/IEC 17065,"Covers 30+ EU product-sector harmonisation directives/regulations (electrical equipment, machinery, medical devices, toys, radio equipment, pressure equipment, lifts, PPE, etc.), per the European Commission's 2022 'Blue Guide' on implementation of EU product rules. [https://single-market-economy.ec.europa.eu/single-market/goods/european-standards/harmonised-standards/new-legislative-framework-and-eco-management-audit-scheme_en]",1,No published evaluation identified (checked),0,No published compliance-cost figure identified,0,https://eur-lex.europa.eu/eli/reg/2008/765/oj/eng,EUR-Lex confirms Reg (EC) 765/2008 setting accreditation/market-surveillance/CE marking principles (Art 30).
90,Toy Safety Regulation,Reg (EU) 2025/2509,EU Parliament and Council,European Union,public,2025,2025,,phased-in,regional,binding-regulation,de-facto-required-for-market-access,mandate-driven,mandating-regulation,mutual-recognition,Product integrity,Unsafe or non-compliant products,high,Consumer & manufactured products,high,toys,Manufactured & Consumer Products,"safety, compliance-conformity, composition, identity","unsafe toys (chemical, physical, digital) reaching children",mandate-owner to recognize,Repeals the Toy Safety Directive 2009/48/EC.,Enters into force 1 January 2026; becomes applicable 1 August 2030 (consistent reporting from Eurofins and UL Solutions based on the EU Official Journal text). [https://www.eurofins.com/toys-hardlines/resources/articles/a-quick-overview-of-the-new-eu-toy-safety-regulation-eu-20252509/],1,Not yet applicable; no published outcome data. [https://www.eurofins.com/toys-hardlines/resources/articles/a-quick-overview-of-the-new-eu-toy-safety-regulation-eu-20252509/],0,No published compliance-cost figure identified,0,https://eur-lex.europa.eu/eli/reg/2025/2509/oj/eng,"EUR-Lex confirms Reg (EU) 2025/2509 on toy safety (26 Nov 2025), repealing Dir 2009/48/EC, adding a DPP."
91,Protocol to Eliminate Illicit Trade in Tobacco Products,FCTC Protocol (ITP),"WHO FCTC Secretariat, Geneva",WHO FCTC Secretariat,public,2013,2013,,in force,global-multilateral,treaty-instrument,mandatory,mandate-driven,mandating-regulation,mutual-recognition,Product integrity,Illicit trade & tax/excise evasion,high,Tobacco & excise goods,high,tobacco / excise,Excise & Environmental,"chain-of-custody, authenticity-anti-counterfeit, compliance-conformity",illicit tobacco trade and lost excise revenue,mandate-owner to recognize,"Builds on the WHO Framework Convention on Tobacco Control (FCTC), specifically Article 15 on eliminating illicit trade in tobacco products.","At least 69 Parties bound by the Protocol as of the 2025 reporting cycle, of which 46 (67%) submitted implementation reports (WHO FCTC 2025 Global Progress Report). [https://fctc.who.int/docs/librariesprovider12/meeting-reports/2025-global-progress-report-2025-protocol.pdf?sfvrsn=68325c4e_4&download=true]",1,No published outcome evaluation identified,0,No published compliance-cost figure identified,0,https://fctc.who.int/protocol,"WHO confirms adoption 2013, entry into force 25 Sep 2018, and Article 8 global track-and-trace regime."
92,EU Tobacco Track and Trace (TPD Arts 15-16),TPD Track & Trace,European Commission (DG SANTE); Member State ID issuers,European Union,public,2014,2014,,in force,regional,binding-regulation,mandatory,mandate-driven,traceability-exchange-protocol,mutual-recognition,Product integrity,Illicit trade & tax/excise evasion,high,Tobacco & excise goods,high,tobacco / excise,Excise & Environmental,"identity, chain-of-custody, authenticity-anti-counterfeit",tobacco smuggling and counterfeiting,mandate-owner to recognize,"TPD Directive 2014/40/EU, Articles 15-16; intended to align with the FCTC Illicit Trade Protocol, Article 8.","Unique identifiers mandatory on all cigarette and roll-your-own tobacco packs placed on the EU market since 20 May 2019, extended to all other tobacco products from 20 May 2024. [https://pmc.ncbi.nlm.nih.gov/articles/PMC7799412]",1,"counterproductive - Peer-reviewed analysis (Gallagher et al., Tobacco Control; PMC7799412) found the EU system compromised by tobacco-industry influence: 7 of 8 approved data repositories had pre-existing ties to major tobacco firms and industry/Inexto retained financial-operational links, concluding the system may not meet Illicit Trade Protocol Article 8 independence requirements and undermines its public-health purpose. [https://pmc.ncbi.nlm.nih.gov/articles/PMC7799412]",1,No published compliance-cost figure identified,0,https://health.ec.europa.eu/tobacco/product-regulation/systems-tobacco-traceability-and-security-features_en,"EC confirms unique-identifier marking and security features, operational 20 May 2019 (cigarettes/RYO)."
93,Excisable Goods Management System (Kenya),EGMS,Kenya Revenue Authority,Kenya Revenue Authority,public,2013,2013,,in force,national,binding-regulation,mandatory,mandate-driven,identifier,standalone-silo,Product integrity,Illicit trade & tax/excise evasion,high,Tobacco & excise goods,high,"excise goods (tobacco, alcohol, beverages)",Excise & Environmental,"identity, authenticity-anti-counterfeit, compliance-conformity",excise tax evasion and counterfeit goods,mandate-owner to recognize,(no explicit dependency identified),Digital excise tax-stamp/track-and-trace system implemented for cigarettes and cigars in Kenya starting November 2013 (peer-reviewed interrupted-time-series study). [https://pubmed.ncbi.nlm.nih.gov/36587853/],1,"Mixed - the study found the post-implementation slope (trend) of real excise-tax revenue rose significantly, but there was no statistically significant immediate level jump at rollout, indicating gains materialized gradually rather than instantly and depended on sustained compliance effort. [https://pubmed.ncbi.nlm.nih.gov/36587853/]",1,No published compliance-cost figure identified,0,https://www.kra.go.ke/news-center/public-notices/602-implementation-of-excisable-goods-management-system-egms,KRA confirms a physical excise-stamp track-and-trace system; beverages phase from 1 Sep 2019.
94,SICPATRACE (secure track and trace),SICPATRACE,SICPA SA (private),SICPA SA,private,2000,2000,,in force,sectoral,private-industry-scheme,de-facto-required-for-market-access,hybrid,traceability-exchange-protocol,standalone-silo,Product integrity,Illicit trade & tax/excise evasion,high,Tobacco & excise goods,high,"excise goods (tobacco, spirits, beverages)",Excise & Environmental,"identity, authenticity-anti-counterfeit, chain-of-custody","excise fraud, smuggling, counterfeiting",sectoral scheme/standard,(no explicit dependency identified),"465 billion products marked by SICPATRACE worldwide; e.g., 2.6 billion secured products per year in Brazil (vendor-reported, SICPA facts and figures, 2025). [https://www.sicpa.com/revenue-mobilisation-and-conformity/sicpatrace-evo/facts-and-figures]",1,No published outcome evaluation identified,0,No published compliance-cost figure identified,0,https://www.sicpa.com/solutions/sicpatrace,SICPA confirms SICPATRACE serialized marking/track-and-trace/authentication deployed in 20+ countries.
95,Authentix authentication and tax stamp programs,Authentix,"Authentix, Inc. (private)",Authentix,private,1998,1998,,in force,sectoral,private-industry-scheme,de-facto-required-for-market-access,hybrid,identifier,standalone-silo,Product integrity,Illicit trade & tax/excise evasion,high,Tobacco & excise goods,high,excise goods and fuel,Excise & Environmental,"authenticity-anti-counterfeit, identity, compliance-conformity",fuel adulteration and excise/tax fraud,sectoral scheme/standard,(no explicit dependency identified),No published figure identified (checked),0,"reduced-harm - Following the launch of Authentix's Track & Trace system in Pakistan (July 2021), tobacco tax collection rose 26% (an increase of ~Rs 21 billion) in the subsequent fiscal half-year (reported Jan 2023), indicating reduced evasion / higher tax capture (vendor report citing national tax-authority data). [https://authentix.com/knowledge-center/tax-collection-from-pakistan-tobacco-industry-increases-significantly/]",1,No published compliance-cost figure identified,0,https://authentix.com/knowledge-center/fctc/,"Authentix confirms national digital tax-stamp, fuel-marking and track-and-trace programs for governments."
96,REACH (chemicals regulation),REACH (1907/2006),European Chemicals Agency; European Commission,European Chemicals Agency; European Commission,public,2006,2006,,in force,regional,binding-regulation,mandatory,mandate-driven,data-credential-model,standalone-silo,Product integrity,Unsafe or non-compliant products,high,"Minerals, metals & responsible sourcing",medium,chemicals,Excise & Environmental,"composition, safety, compliance-conformity",health/environmental harm from hazardous chemicals,mandate-owner to recognize,"REACH entered into force in 2007, replacing the EU's former legislative framework for chemicals (European Commission).","More than 22,000 substances manufactured/used in the EU had been registered under the REACH procedure as of June 2019 (European Commission). [https://single-market-economy.ec.europa.eu/news/chemicals-european-commission-and-echa-scrutinise-all-reach-registrations-2027-2019-06-25_en]",1,"mixed - The European Commission's second REACH Review (2018, REFIT Scoreboard) concluded the Regulation is 'fundamentally sound' and 'well tuned to addressing the needs and achieving the objectives pursued', while identifying areas needing improvement (registration data gaps, authorisation simplification, level playing field on imports, legislative coherence). [https://op.europa.eu/webpub/com/refit-scoreboard/en/policy/7/7-10.html]",1,No published compliance-cost figure identified,0,https://environment.ec.europa.eu/topics/chemicals/reach-regulation_en,"EC confirms registration duty, SVHC candidate list, authorisation/restriction; entry into force 2007, ECHA-run."
97,SCIP Database (SVHCs in articles),SCIP,European Chemicals Agency,European Chemicals Agency,public,2021,2021,,in force,regional,binding-regulation,mandatory,mandate-driven,data-credential-model,standalone-silo,Product integrity,Unsafe or non-compliant products,high,"Minerals, metals & responsible sourcing",medium,articles and products,Excise & Environmental,"composition, chain-of-custody, safety",hidden hazardous substances through to waste stage,mandate-owner to recognize,Notification obligation established under the EU Waste Framework Directive (2008/98/EC).,"Approximately 14.4 million SCIP notifications of articles containing Substances of Very High Concern held in the ECHA database (live count, 2026). [https://echa.europa.eu/scip-database]",1,No published outcome evaluation identified,0,No published compliance-cost figure identified,0,https://echa.europa.eu/scip-database,ECHA confirms SVHC-above-0.1% notification for articles under the Waste Framework Directive from Jan 2021.
98,Globally Harmonized System (UN GHS),GHS,UN / UNECE Sub-Committee of Experts,UN / UNECE Sub-Committee of Experts,public,2003,2003,,in force,global-multilateral,voluntary-consensus-standard,voluntary,hybrid,data-credential-model,mutual-recognition,Product integrity,Unsafe or non-compliant products,high,"Minerals, metals & responsible sourcing",medium,chemicals,Excise & Environmental,"composition, safety, compliance-conformity",inconsistent chemical hazard communication,sectoral scheme/standard,"Originates from Chapter 19 of Agenda 21 (Rio Earth Summit, 1992); first UN-endorsed version 2003 (the 'Purple Book').","Over 60 countries have implemented the GHS, partly or entirely (UNITAR). [https://unitar.org/sustainable-development-goals/planet/our-portfolio/globally-harmonized-system-classification-and-labelling-chemicals]",1,No published outcome evaluation identified,0,No published compliance-cost figure identified,0,https://chemsafetypro.com/Topics/GHS/UN_GHS_Purple_Book.html,Confirmed the Purple Book is a non-binding UN recommendation harmonizing hazard classification/labels/SDS (UNECE owner; iso/unece pages 403).
99,Verified Carbon Standard,VCS,Verra (non-profit),Verra,NGO-multistakeholder,2006,2006,,in force,global-multilateral,NGO-multistakeholder-scheme,voluntary,market-driven,conformity-assessment-certification,standalone-silo,Product integrity,Greenwashing & ESG/climate misrepresentation,high,"Energy, carbon & environmental claims",high,carbon / environmental markets,Excise & Environmental,"sustainability-carbon, origin-provenance",unverified or non-additional carbon offset claims,sectoral scheme/standard,ISO/IEC 17011,"The VCS Program has issued over 1.3 billion carbon credits, representing more than 1 billion tonnes of GHG emissions reduced or removed; Verra programs span 4,254+ active projects across 134 countries (Verra, 2024). [https://verra.org/about/overview/]",1,No published outcome evaluation identified,0,No published compliance-cost figure identified,0,https://verra.org/programs/verified-carbon-standard/,"Verra confirms VCS certifies GHG reductions/removals and issues tradeable VCUs (2,500+ projects)."
100,Gold Standard for the Global Goals,GS4GG,Gold Standard Foundation (Geneva),Gold Standard Foundation,NGO-multistakeholder,2003,2003,,in force,global-multilateral,NGO-multistakeholder-scheme,voluntary,market-driven,conformity-assessment-certification,standalone-silo,Product integrity,Greenwashing & ESG/climate misrepresentation,high,"Energy, carbon & environmental claims",high,carbon / sustainable development,Excise & Environmental,sustainability-carbon,low-integrity carbon offsets lacking safeguards,sectoral scheme/standard,(no explicit dependency identified),"Gold Standard-certified projects issued 84 million carbon credits in 2024 (up 35% from 2023) and retired 35 million; portfolio of 3,848 projects across 110 countries (Gold Standard Annual Report 2024). [https://www.goldstandard.org/publications/annual-report-2024]",1,No published outcome evaluation identified,0,No published compliance-cost figure identified,0,https://goldstandardhelp.freshdesk.com/support/solutions/articles/44001989646-what-is-gold-standard-,Gold Standard confirms a non-profit body (founded 2003 by WWF and others) certifying climate/development projects.
101,Core Carbon Principles,CCP (ICVCM),Integrity Council for the Voluntary Carbon Market,Integrity Council for the Voluntary Carbon Market,NGO-multistakeholder,2023,2023,,in force,global-multilateral,NGO-multistakeholder-scheme,voluntary,market-driven,governance-mutual-recognition,mutual-recognition,System interoperability,Interoperability & fragmentation failure,high,"Energy, carbon & environmental claims",high,voluntary carbon market,Excise & Environmental,sustainability-carbon,"fragmented, low-integrity carbon credits",peer framework,(no explicit dependency identified),"ICVCM approved its first CCP-labelled carbon credits in June 2024: approximately 27 million credits across 7 methodologies (ozone-depleting-substance destruction ~12M; landfill gas ~15M), covering CCP-eligible programs ACR, CAR, Gold Standard and Verra. [https://icvcm.org/integrity-council-announces-first-high-integrity-ccp-labelled-carbon-credits-as-assessments-continue/]",1,No published outcome evaluation identified,0,No published compliance-cost figure identified,0,https://icvcm.org/core-carbon-principles/,ICVCM confirms ten science-based CCPs and a CCP label assessing crediting programs for quality.
102,EU Carbon Border Adjustment Mechanism,CBAM (2023/956),European Commission (DG TAXUD),European Union,public,2023,2023,,phased-in,regional,binding-regulation,mandatory,mandate-driven,mandating-regulation,standalone-silo,Product integrity,Greenwashing & ESG/climate misrepresentation,medium,"Energy, carbon & environmental claims",high,carbon-intensive imports,Excise & Environmental,"sustainability-carbon, origin-provenance, composition",carbon leakage from carbon-intensive imports,mandate-owner to recognize,Designed to mirror the carbon cost faced by EU producers under the EU Emissions Trading System (EU ETS); expected to eventually cover over 50% of emissions in ETS-covered sectors (European Commission).,"Covers 6 sectors (cement, iron & steel, aluminium, fertilisers, electricity, hydrogen); transitional reporting-only period ran 1 October 2023-31 December 2025, with the definitive (financial-obligation) regime starting 1 January 2026 (European Commission). [https://taxation-customs.ec.europa.eu/carbon-border-adjustment-mechanism_en]",1,"European Commission review report (COM(2025) 783, 16 Dec 2025) on the transitional period exists but its detailed findings could not be retrieved this session (403 on direct PDF fetch), so no verdict is reported here. [https://taxation-customs.ec.europa.eu/carbon-border-adjustment-mechanism_en]",1,No published compliance-cost figure identified,0,https://taxation-customs.ec.europa.eu/carbon-border-adjustment-mechanism_en,EC confirms transitional reporting Oct 2023 and definitive CBAM certificates from 1 Jan 2026.
103,EU Emissions Trading System,EU ETS (2003/87/EC),European Commission and Member States,European Union,public,2005,2005,,in force,regional,binding-regulation,mandatory,mandate-driven,data-credential-model,mutual-recognition,Product integrity,Greenwashing & ESG/climate misrepresentation,medium,"Energy, carbon & environmental claims",high,carbon / energy and industry,Excise & Environmental,sustainability-carbon,uncapped industrial greenhouse-gas emissions,mandate-owner to recognize,(no explicit dependency identified),"Covers reporting stationary installations and aircraft operators, with maritime shipping joining the system for the first time in 2024 (European Commission). [https://climate.ec.europa.eu/news-your-voice/news/eu-emissions-trading-system-has-reduced-emissions-sectors-covered-50-2005-2025-04-04_en]",1,reduced-harm - European Commission (April 2025): ETS emissions are now around 50% below 2005 levels in the sectors covered and on track to achieve the 2030 target of -62% (2024 emissions fell ~5% vs 2023). [https://climate.ec.europa.eu/news-your-voice/news/eu-emissions-trading-system-has-reduced-emissions-sectors-covered-50-2005-2025-04-04_en],1,No published compliance-cost figure identified,0,https://eur-lex.europa.eu/EN/legal-content/summary/eu-emissions-trading-system.html,"EUR-Lex confirms cap-and-trade for tradeable EU Allowances under Dir 2003/87/EC, launched 2005."
104,CORSIA (aviation carbon offsetting),CORSIA,International Civil Aviation Organization,International Civil Aviation Organization,public,2016,2016,,phased-in,global-multilateral,treaty-instrument,mandatory,mandate-driven,conformity-assessment-certification,mutual-recognition,Product integrity,Greenwashing & ESG/climate misrepresentation,medium,"Energy, carbon & environmental claims",high,aviation / carbon,Excise & Environmental,sustainability-carbon,growth in international-aviation CO2 emissions,mandate-owner to recognize,ISO/IEC 17011,"126 states volunteered to participate from the start of CORSIA's first phase (2024-2026), rising to ~130 by January 2026 (IATA); airlines' 2024 offsetting requirement is approximately 55.6 MtCO2 based on ICAO's official 2024 sector growth factor (0.154). [https://www.iata.org/en/programs/sustainability/corsia/]",1,No published outcome evaluation identified,0,No published compliance-cost figure identified,0,https://www.icao.int/CORSIA,ICAO confirms CORSIA adopted 2016; pilot from 2021; mandatory second phase from 2027.
105,ISO 14067 Carbon footprint of products,ISO 14067,ISO (TC 207),ISO / IEC,NGO-multistakeholder,2018,2018,,in force,global-multilateral,voluntary-consensus-standard,voluntary,market-driven,data-credential-model,mutual-recognition,Product integrity,Greenwashing & ESG/climate misrepresentation,high,"Energy, carbon & environmental claims",high,cross-sector / product carbon footprint,Excise & Environmental,"sustainability-carbon, composition",inconsistent product carbon-footprint quantification,sectoral scheme/standard,Builds on ISO 14040 and ISO 14044 (life-cycle-assessment principles/requirements) and references ISO 14025 (Type III environmental declarations).,Published as ISO 14067:2018 (1st edition); as of late 2024 it was under systematic review for a new edition (ISO). [https://www.iso.org/standard/71206.html],1,No published evaluation identified (checked),0,No published compliance-cost figure identified,0,https://www.iso.org/standard/71206.html,ISO confirms ISO 14067:2018 principles/requirements for quantifying product carbon footprint.
106,EU Product/Organisation Environmental Footprint,PEF / OEF,European Commission (JRC; DG ENV),European Union,public,2013,2013,,in force,regional,govt-referenced-standard,voluntary,hybrid,data-credential-model,mutual-recognition,Product integrity,Greenwashing & ESG/climate misrepresentation,high,"Energy, carbon & environmental claims",high,cross-sector / product environmental performance,Excise & Environmental,"sustainability-carbon, composition, compliance-conformity",unreliable/greenwashed environmental claims,sectoral scheme/standard,"The PEF/PEFCR methodology is built on the ISO 14040 and ISO 14044 life-cycle-assessment standards (European Commission Joint Research Centre, PEFCR Guidance).",European Commission Recommendation (EU) 2021/2279 on the use of Environmental Footprint methods to measure and communicate the life-cycle environmental performance of products and organisations (EUR-Lex). [https://eur-lex.europa.eu/eli/reco/2021/2279/oj/eng],1,No published evaluation identified (checked),0,No published compliance-cost figure identified,0,https://green-forum.ec.europa.eu/green-business/environmental-footprint-methods/about-ef-methods_en,EC confirms the PEF/OEF life-cycle methods (Recommendation (EU) 2021/2279) and PEFCRs.
107,Guarantees of Origin (renewable energy),GO (EECS),EU Member States; Association of Issuing Bodies,EU Member States; Association of Issuing Bodies,public,2009,2009,,in force,regional,binding-regulation,mandatory,hybrid,data-credential-model,mutual-recognition,Product integrity,Greenwashing & ESG/climate misrepresentation,high,"Energy, carbon & environmental claims",high,energy / electricity,Excise & Environmental,"origin-provenance, sustainability-carbon",unverifiable renewable-electricity origin claims,mandate-owner to recognize,(no explicit dependency identified),"AIB passed the threshold of 10,000 TWh of cumulative EECS Guarantees of Origin issued by 2025; in 2025 alone over 1,094 TWh were issued and over 978 TWh cancelled (Association of Issuing Bodies). [https://www.aib-net.org/]",1,No published outcome evaluation identified,0,No published compliance-cost figure identified,0,https://www.aib-net.org/certification/certificates-supported/renewable-energy-guarantees-origin,AIB confirms GO legal basis in RED 2018/2001 with EECS cross-border issuing/tracking infrastructure.
108,International REC Standard,I-REC(E),I-TRACK Foundation (registry: Evident),I-TRACK Foundation,NGO-multistakeholder,2014,2014,,in force,global-multilateral,NGO-multistakeholder-scheme,voluntary,market-driven,data-credential-model,mutual-recognition,Product integrity,Illegal or misrepresented origin & sourcing,high,"Energy, carbon & environmental claims",high,energy / electricity,Excise & Environmental,"origin-provenance, sustainability-carbon",lack of trusted renewable-attribute tracking in emerging markets,sectoral scheme/standard,(no explicit dependency identified),188 million I-REC(E) certificates (188 TWh of electricity) issued across all I-REC(E) markets in the first half of 2024 (+17% vs H1 2023); 162 million certificates redeemed (I-TRACK Foundation). [https://www.trackingstandard.org/i-rece-market-statistics-for-first-half-of-2024/],1,No published outcome evaluation identified,0,No published compliance-cost figure identified,0,https://www.trackingstandard.org/,I-TRACK Foundation confirms the I-REC(E) attribute certificate across 70+ countries with accredited issuers.
109,Green-e Energy certification,Green-e,Center for Resource Solutions (non-profit),Center for Resource Solutions,NGO-multistakeholder,1997,1997,,in force,national,NGO-multistakeholder-scheme,voluntary,market-driven,conformity-assessment-certification,mutual-recognition,Product integrity,Greenwashing & ESG/climate misrepresentation,high,"Energy, carbon & environmental claims",high,energy / electricity (RECs),Excise & Environmental,"origin-provenance, sustainability-carbon",unverified voluntary renewable-electricity claims,sectoral scheme/standard,(no explicit dependency identified),"Green-e Energy certified 125.5 million MWh of retail renewable energy transactions in 2023 (highest to date), representing over 3.2% of total U.S. retail electricity use (Center for Resource Solutions verification report). [https://resource-solutions.org/g2024/]",1,No published outcome evaluation identified,0,No published compliance-cost figure identified,0,https://www.green-e.org/what-we-do/certification-programs/green-e-energy,CRS confirms Green-e Energy certifies voluntary-market renewable electricity and RECs in North America.
110,Renewable Identification Numbers (RFS),RIN / RFS,US Environmental Protection Agency,US Environmental Protection Agency,public,2005,2005,,in force,national,binding-regulation,mandatory,mandate-driven,identifier,standalone-silo,Product integrity,Illicit trade & tax/excise evasion,high,"Energy, carbon & environmental claims",high,energy / transportation fuels,Excise & Environmental,"origin-provenance, sustainability-carbon, chain-of-custody",verifying renewable-fuel volumes; preventing blending fraud,mandate-owner to recognize,(no explicit dependency identified),"25.22 billion RINs were generated under the RFS in 2024, up from 23.85 billion in 2023 (US EPA data, released 17 January 2025). [https://www.gao.gov/products/gao-19-47]",1,"Limited - the US Government Accountability Office found 'the RFS has likely had a limited effect, if any, on greenhouse gas emissions' to date and judged it 'unlikely to meet the greenhouse gas emissions reduction goals envisioned for the program through 2022,' largely because the program has relied on corn-starch ethanol rather than the advanced biofuels needed for substantial reductions. [https://www.gao.gov/products/gao-19-47]",1,No published compliance-cost figure identified,0,https://www.epa.gov/renewable-fuel-standard/renewable-identification-numbers-rins-under-renewable-fuel-standard-program,"EPA confirms RINs are the tradeable compliance currency of the RFS, tracked in EPA's EMTS."
111,ISO/IEC 15459 Unique identification,ISO/IEC 15459,ISO/IEC JTC 1/SC 31 (RA: AIM Global),ISO / IEC,NGO-multistakeholder,2014,2014,,in force,global-multilateral,voluntary-consensus-standard,voluntary,market-driven,identifier,mutual-recognition,System interoperability,Interoperability & fragmentation failure,high,Cross-sector conformity assessment & accreditation,high,cross-sector,Cross-sector Horizontal,identity,misidentification of items and transport units,component standard,ISO/IEC 15459,"ISO/IEC 15459 is the umbrella unique-identification framework operated via registered Issuing Agencies; AIM (aimglobal.org) is its Registration Authority and issues/maintains the Issuing Agency Codes. Registered issuing agencies include GS1 and the MA system. Per the MA Identification System White Paper (MA标识代码管理委员会, 2021), the MA agency (authorized as an ISO/IEC 15459 issuing agency in Aug 2018) alone reports 500,000+ registered organizations and 21+ billion identifiers issued/managed as of 2021 — evidencing the framework's operational scale through its issuing agencies. [https://www.aimglobal.org/registration-authority-iso-iec-15459/]",1,No published outcome evaluation identified,0,No published compliance-cost figure identified,0,https://www.aimglobal.org/registration-authority-iso-iec-15459/,AIM Global confirms it is the ISO/IEC 15459 Registration Authority; standard covers unique identification of items/units.
112,"GS1 General Specifications (GTIN, GLN, SSCC keys)",GS1 GenSpecs,GS1 AISBL,GS1 AISBL,NGO-multistakeholder,1974,1974,,in force,global-multilateral,voluntary-consensus-standard,de-facto-required-for-market-access,hybrid,identifier,mutual-recognition,System interoperability,Interoperability & fragmentation failure,high,Cross-sector conformity assessment & accreditation,high,"cross-sector (retail, logistics, healthcare, food)",Cross-sector Horizontal,"identity, origin-provenance",product misidentification across supply chains,component standard,ISO/IEC 15459,"GS1 barcodes (carrying GS1 keys such as GTIN) are used to identify over 1 billion products and are scanned more than 10 billion times daily worldwide (GS1 US, 50-year 'scanniversary', June 2024). GS1 separately reports the barcode is used by over 2 million manufacturers on more than 4 trillion product items per year. [https://www.gs1us.org/industries-and-insights/media-center/press-releases/gs1-us-celebrates-50-year-barcode-scanniversary]",1,No published outcome evaluation identified,0,No published compliance-cost figure identified,0,https://ref.gs1.org/standards/genspecs/,"GS1 confirms the General Specifications define GTIN/GLN/SSCC keys and data carriers (Release 26.0, Jan 2026)."
113,GS1 Digital Link,GS1 Digital Link,GS1 AISBL,GS1 AISBL,NGO-multistakeholder,2018,2018,,in force,global-multilateral,voluntary-consensus-standard,voluntary,market-driven,identifier,mutual-recognition,System interoperability,Interoperability & fragmentation failure,high,Cross-sector conformity assessment & accreditation,medium,cross-sector,Cross-sector Horizontal,"identity, authenticity-anti-counterfeit",fragmented product data behind a scanned identifier,component standard,GS1,Standard ratified 14 August 2018 (official GS1/GS1 US announcement); the industry is now converging on the 'Sunrise 2027' target date for retail point-of-sale scanning of GS1 2D/Digital Link barcodes (GS1 US). [https://www.prnewswire.com/news-releases/new-gs1-digital-link-standard-to-help-brands-connect-consumers-with-useful-product-information-online-300696218.html],1,No published evaluation identified (checked),0,No published compliance-cost figure identified,0,https://ref.gs1.org/standards/digital-link/uri-syntax/,"GS1 confirms Digital Link represents GS1 keys in web URIs (Release 1.6.0, Mar 2025)."
114,The Handle System,Handle,DONA Foundation (Geneva; orig. CNRI),DONA Foundation,NGO-multistakeholder,1994,1994,,in force,global-multilateral,NGO-multistakeholder-scheme,voluntary,market-driven,identifier,mutual-recognition,System interoperability,Interoperability & fragmentation failure,high,Cross-sector conformity assessment & accreditation,high,"cross-sector (digital and physical objects, IoT)",Cross-sector Horizontal,identity,link rot / non-persistent identifiers,component standard,(no explicit dependency identified),"The Handle System is the persistent-identifier resolution infrastructure underpinning major deployments: the DOI system (the largest Handle namespace, with ~300 million registered DOIs, which are Handles) and EIDR (~1 million digital objects in 2017). As of March 2019, 9 Multi-Primary Administrators had signed agreements with the DONA Foundation; CNRI estimates the Global Handle Registry can scale to a minimum of ~1 billion prefixes (ICANN OCTO-002, Oct 2019). [https://www.icann.org/en/system/files/files/octo-002-14oct19-en.pdf]",1,No published outcome evaluation identified,0,No published compliance-cost figure identified,0,https://www.dona.net/handle-system,"DONA confirms it administers the distributed Handle System (Global Handle Registry), CNRI created it in 1993."
115,Digital Object Identifier System,DOI,DOI Foundation (ISO 26324),DOI Foundation,NGO-multistakeholder,1998,1998,,in force,global-multilateral,NGO-multistakeholder-scheme,voluntary,market-driven,identifier,mutual-recognition,System interoperability,Interoperability & fragmentation failure,high,Research & data integrity,high,"cross-sector (publishing, research, content)",Cross-sector Horizontal,identity,non-persistent identification of content,component standard,Built on The Handle System (all DOIs are Handles per the DOI Foundation FAQ); the DOI syntax/system is standardized as ISO 26324.,"Approximately 300 million DOIs have been assigned to date, with around 500 DOI resolutions per second (DOI Foundation FAQ, updated Feb 2023). [https://www.doi.org/the-identifier/resources/faqs]",1,"reduced-harm — A published analysis of ~1 million web references across 3.5 million STM articles found that one in five articles suffers from 'reference rot' via ordinary web links, whereas references carried by the DOI/persistent-identifier infrastructure remain actionable even when content moves, evidencing that DOIs materially reduce link rot for the scholarly record (Klein et al., PLOS ONE, 2014, doi:10.1371/journal.pone.0115253). [https://www.doi.org/the-identifier/resources/faqs]",1,No published compliance-cost figure identified,0,https://www.doi.org/the-identifier/resources/factsheets/doi-system-and-the-handle-system,DOI Foundation confirms DOI is built on the Handle System and standardized as ISO 26324.
116,ISO/IEC 6523 Organization identification,ISO/IEC 6523,ISO/IEC JTC 1,ISO / IEC,NGO-multistakeholder,2023,2023,,in force,global-multilateral,voluntary-consensus-standard,voluntary,market-driven,identifier,mutual-recognition,System interoperability,Interoperability & fragmentation failure,high,Cross-sector conformity assessment & accreditation,high,cross-sector (party identification),Cross-sector Horizontal,identity,ambiguous identification of legal entities,component standard,(no explicit dependency identified),"245 International Code Designators (ICDs, codes 0002-0245) are currently registered; ISO/IEC 6523 is used as the organization-identification scheme in the Peppol e-invoicing/e-procurement network (OpenPeppol official BIS Billing 3.0 documentation). [https://docs.peppol.eu/poacc/billing/3.0/codelist/ICD/]",1,No published evaluation identified (checked),0,No published compliance-cost figure identified,0,https://www.iso.org/standard/82246.html,ISO confirms ISO/IEC 6523-1:2023 structure for identification of organizations.
117,Object Identifiers (OID),OID (ITU-T X.660),ITU-T and ISO/IEC (joint),ISO / IEC,hybrid,2011,2011,,in force,global-multilateral,voluntary-consensus-standard,voluntary,market-driven,identifier,mutual-recognition,System interoperability,Interoperability & fragmentation failure,high,Cross-sector conformity assessment & accreditation,high,"cross-sector (telecoms, security, healthcare, PKI)",Cross-sector Horizontal,identity,collisions/ambiguity in registered object identifiers,component standard,"Governed by the ITU-T X.660-series of Recommendations (X.660, X.662, X.666, X.667, X.668, X.669, X.672) together with corresponding ISO/IEC standards.","The public OID repository (oid-info.com) holds a tree of over 40,000 allocated OIDs, some branches with many thousands of nodes; the OID system has been operational since 1988 (ITU-T). [https://www.itu.int/dms_pub/itu-t/oth/0b/04/t0b040000482c01pdfe.pdf]",1,No published evaluation identified (checked),0,No published compliance-cost figure identified,0,https://www.itu.int/rec/T-REC-X.660-201107-I/en,ITU-T confirms X.660 (07/2011) on operation of OID registration authorities and top arcs of the OID tree.
118,MA identification code (IDcode system),MA,"ZIIOT, China (ISO/IEC 15459 issuing agency)",ZIIOT,hybrid,2022,2022,,in force,national,govt-referenced-standard,de-facto-required-for-market-access,mandate-driven,identifier,mutual-recognition,Product integrity,Counterfeiting & falsification,high,Cross-sector conformity assessment & accreditation,high,"cross-sector (industrial internet, UDI, IoT)",Cross-sector Horizontal,"identity, authenticity-anti-counterfeit",misidentification/counterfeiting; sovereign identifier resolution,component standard,ISO/IEC 15459,"Per the MA Identification System White Paper (MA标识代码管理委员会, Nov 2021): 500,000+ organizations/enterprises have registered and applied MA identifiers (including Haier and its global suppliers, Sinopharm/China National Pharmaceutical Group, Aucma), 200,000+ registered object categories, 21+ billion identifiers cumulatively issued and managed, 35+ million cumulative resolutions, and application across 30+ countries/regions. On 29 June 2022 the MA code was formally incorporated into China's national Industrial Internet Identifier Resolution System (Hunan provincial MIIT announcement). [http://gxt.hunan.gov.cn/xxgk_71033/gzdt/rdjj/202206/t20220630_26791500.html]",1,No published outcome evaluation identified,0,No published compliance-cost figure identified,0,https://udi.nrat.org.cn/code_introduction.html,"Confirmed ZIIOT administers the MA issuing-agency code on an ISO/IEC 15459 IDcode system, used in China UDI."
119,Decentralized Identifiers,DID,World Wide Web Consortium (W3C),World Wide Web Consortium,NGO-multistakeholder,2022,2022,,in force,global-multilateral,voluntary-consensus-standard,voluntary,market-driven,identifier,mutual-recognition,System interoperability,Interoperability & fragmentation failure,high,Digital identity & civil registration,high,"cross-sector (digital identity, credentials)",Cross-sector Horizontal,identity,dependence on centralized identifier registries,component standard,W3C VC/DID,"The W3C DID Specification Registries (Group Note, 16 May 2024) list 100+ registered DID methods, indicating a broad implementer ecosystem; DID Core v1.0 is a W3C Recommendation (2022), with v1.1 progressing through Candidate Recommendation (2026). [https://www.w3.org/TR/2024/NOTE-did-spec-registries-20240516/]",1,No published outcome evaluation identified,0,No published compliance-cost figure identified,0,https://www.w3.org/TR/did-1.0/,W3C confirms DIDs v1.0 became a W3C Recommendation on 19 Jul 2022.
120,Verifiable Credentials Data Model 2.0,VC / VCDM 2.0,World Wide Web Consortium (W3C),World Wide Web Consortium,NGO-multistakeholder,2025,2025,,in force,global-multilateral,voluntary-consensus-standard,voluntary,market-driven,data-credential-model,mutual-recognition,Product integrity,Counterfeiting & falsification,high,Digital identity & civil registration,high,cross-sector (digital credentials),Cross-sector Horizontal,"identity, compliance-conformity, authenticity-anti-counterfeit",tamper-evidence and verifiability of digital claims,component standard,W3C VC/DID,"Published as a W3C Recommendation on 15 May 2025. W3C's official press release cites production-stage deployments reported by ecosystem participants, e.g., Digital Bazaar states it has 'already deployed these technologies into production environments, in governments and private industry'; RANDA Solutions cites 'four separate Statewide implementations'; GS1 reports running 'a number of pilots.' [https://www.w3.org/press-releases/2025/verifiable-credentials-2-0/]",1,No published evaluation identified (checked),0,No published compliance-cost figure identified,0,https://www.w3.org/TR/vc-data-model-2.0/,W3C confirms VCDM 2.0 became a W3C Recommendation on 15 May 2025 (issuer/holder/verifier model).
121,GS1 EPCIS and Core Business Vocabulary,EPCIS / CBV,GS1 AISBL (ISO/IEC 19987/19988),GS1 AISBL,NGO-multistakeholder,2007,2007,,in force,global-multilateral,voluntary-consensus-standard,voluntary,market-driven,traceability-exchange-protocol,mutual-recognition,System interoperability,Interoperability & fragmentation failure,high,Cross-sector conformity assessment & accreditation,high,cross-sector (supply chain visibility),Cross-sector Horizontal,"chain-of-custody, origin-provenance",inability to share object-movement events across enterprises,component standard,GS1,"Among US pharmaceutical trading partners preparing for DSCSA 2023 interoperability requirements, 91-92% of manufacturers reported having transitioned to GS1 EPCIS v1.2 by Q2 2022, though only 35% said they were 'seeing benefits,' 43% said it was 'too early to see benefits,' and 20% had not yet implemented EPCIS at all (Healthcare Distribution Alliance, EPCIS Implementation Benchmarking Survey, Q4 2022 report on Q1/Q2 2022 fielding, n=65 companies). [https://hda.org/getmedia/ad0b737a-f2ed-492b-bcb0-1d7b0f40a226/2022-EPCIS-Survey.pdf]",1,"mixed - the same HDA 2022 survey found EPCIS connectivity between manufacturers and distributors only 47% 'in process or completed' against 2,548 planned connections, indicating uneven, still-in-progress benefit realization rather than a clear positive or negative verdict. [https://hda.org/getmedia/ad0b737a-f2ed-492b-bcb0-1d7b0f40a226/2022-EPCIS-Survey.pdf]",1,No published compliance-cost figure identified,0,https://ref.gs1.org/standards/epcis/,GS1 confirms EPCIS 2.0 (ratified Jun 2022) shares visibility event data within and across enterprises.
122,ISO 8000 Data quality (master data),ISO 8000,"ISO (TC 184/SC 4, with ECCMA)",ISO / IEC,NGO-multistakeholder,2016,2016,,in force,global-multilateral,voluntary-consensus-standard,voluntary,market-driven,data-credential-model,mutual-recognition,System interoperability,Interoperability & fragmentation failure,high,Cross-sector conformity assessment & accreditation,high,"cross-sector (master data, procurement)",Cross-sector Horizontal,"composition, identity","poor-quality, non-portable master data",component standard,(no explicit dependency identified),No published figure identified (checked),0,No published evaluation identified (checked),0,No published compliance-cost figure identified,0,https://eccma.org/what-is-iso-8000/,ECCMA (co-developer) confirms ISO 8000 as the master-data quality standard; ISO 8000-100:2016 anchor.
123,UN/CEFACT Reference Data Models,UN/CEFACT BSP-RDM,UN/CEFACT (UNECE),UN/CEFACT,public,2019,2019,,in force,global-multilateral,govt-referenced-standard,voluntary,hybrid,data-credential-model,mutual-recognition,System interoperability,Interoperability & fragmentation failure,high,"Trade, customs & logistics",high,"cross-sector (trade, transport, customs)",Cross-sector Horizontal,"origin-provenance, chain-of-custody",incompatible trade data semantics,component standard,(no explicit dependency identified),"TradeTrust, the Singapore-government platform built on UN/CEFACT's Buy-Ship-Pay Reference Data Model for electronic trade documents (e-bills of lading), was named a recommended solution in the UNECE/UN-CEFACT White Paper (July 2022) and by 2023 was in pilot use with banks (DBS, UOB) and shippers (ExxonMobil Asia Pacific, Mitsui & Co., Maersk) across Singapore, the Netherlands (Rotterdam), Thailand, Australia, China, the UAE and India. [https://www.imda.gov.sg/-/media/imda/files/programme/international-trade-and-logistics/tradetrust/tradetrust_factsheet.pdf]",1,"reduced-harm - in the China-Singapore trade-corridor pilot (October 2023), TradeTrust cut document-processing time from 5-10 days to under 24 hours, improved document-processing efficiency by over 80%, and reduced business operating costs by over 30%. [https://www.imda.gov.sg/-/media/imda/files/programme/international-trade-and-logistics/tradetrust/tradetrust_factsheet.pdf]",1,No published compliance-cost figure identified,0,https://unece.org/trade/uncefact/rdm,UNECE confirms UN/CEFACT maintains the Buy-Ship-Pay Reference Data Model for trade standards.
124,ISO 22095 Chain of custody,ISO 22095,ISO (TC 308),ISO / IEC,NGO-multistakeholder,2020,2020,,in force,global-multilateral,voluntary-consensus-standard,voluntary,market-driven,traceability-exchange-protocol,mutual-recognition,Product integrity,Illegal or misrepresented origin & sourcing,high,Cross-sector conformity assessment & accreditation,high,cross-sector (referenced by sector schemes),Cross-sector Horizontal,"chain-of-custody, origin-provenance, sustainability-carbon","inconsistent, non-comparable chain-of-custody claims",component standard,"ISO 22095:2020 (general terminology and models for chain of custody, ISO/TC 246) is the base umbrella standard for two follow-on parts under active development/publication by ISO/TC 246 (with industry input incl. BASF SE): ISO 22095-2 (mass balance) and ISO 22095-3, which apply and extend its five core models - identity preserved, segregated, controlled blending, mass balance, and book and claim - to detailed, industry-agnostic requirements across chemicals, biofuels, agri-food and metals sectors.",No published figure identified (checked),0,No published evaluation identified (checked),0,No published compliance-cost figure identified,0,https://www.iso.org/standard/72532.html,ISO confirms ISO 22095:2020 defines the four generic chain-of-custody models and harmonized terminology.
125,GS1 Global Traceability Standard,GS1 GTS,GS1 AISBL,GS1 AISBL,NGO-multistakeholder,2017,2017,,in force,global-multilateral,voluntary-consensus-standard,voluntary,market-driven,traceability-exchange-protocol,mutual-recognition,Product integrity,Unsafe or non-compliant products,high,Cross-sector conformity assessment & accreditation,high,cross-sector (25+ sectors),Cross-sector Horizontal,"chain-of-custody, origin-provenance, safety",inability to trace products for recalls and provenance,component standard,GS1,No published figure identified (checked),0,No published evaluation identified (checked),0,No published compliance-cost figure identified,0,https://www.gs1.org/standards/traceability/traceability/2-0,GS1 confirms GTS Release 2.0 (Aug 2017) for full-chain traceability process/system requirements.
126,ISO/IEC 17000 Conformity assessment vocabulary,ISO/IEC 17000,ISO/CASCO,ISO / IEC,NGO-multistakeholder,2020,2020,,in force,global-multilateral,voluntary-consensus-standard,voluntary,market-driven,conformity-assessment-certification,mutual-recognition,System interoperability,Interoperability & fragmentation failure,high,Cross-sector conformity assessment & accreditation,high,cross-sector,Cross-sector Horizontal,compliance-conformity,inconsistent terminology undermining comparability,component standard,WTO TBT Agreement,No published figure identified (checked),0,No published evaluation identified (checked),0,No published compliance-cost figure identified,0,https://www.iso.org/standard/73029.html,ISO confirms ISO/IEC 17000:2020 vocabulary and general principles (confirmed 2025).
127,ISO/IEC 17020 Inspection bodies,ISO/IEC 17020,ISO/CASCO,ISO / IEC,NGO-multistakeholder,2026,2026,,in force,global-multilateral,voluntary-consensus-standard,de-facto-required-for-market-access,hybrid,conformity-assessment-certification,mutual-recognition,Product integrity,Unsafe or non-compliant products,high,Cross-sector conformity assessment & accreditation,high,cross-sector,Cross-sector Horizontal,"compliance-conformity, safety",incompetent or partial inspection bodies,component standard,ISO/IEC 17020,"Over 15,600 inspection bodies were accredited by ILAC MRA signatories in 2024 (up from almost 14,549 in 2023), accredited against ISO/IEC 17020. [https://ilac.org/about-ilac/facts-and-figures/]",1,No published outcome evaluation identified,0,No published compliance-cost figure identified,0,https://committee.iso.org/standard/17020,"ISO confirms ISO/IEC 17020 Edition 3 published 27 Mar 2026, replacing the 2012 edition."
128,ISO/IEC 17021-1 Management system certification bodies,ISO/IEC 17021-1,ISO/CASCO,ISO / IEC,NGO-multistakeholder,2015,2015,,in force,global-multilateral,voluntary-consensus-standard,de-facto-required-for-market-access,hybrid,conformity-assessment-certification,mutual-recognition,Digital systems and data,"Data, research & assurance integrity failure",high,Cross-sector conformity assessment & accreditation,high,cross-sector,Cross-sector Horizontal,compliance-conformity,unreliable management-system certificates,component standard,ISO/IEC 17021,"Management-system certification bodies accredited to ISO/IEC 17021-1 issue the certificates counted in the ISO Survey. ISO's own executive summary reports 1,519,952 total valid management-system certificates worldwide, of which 1,033,936 were ISO 9001 (2015 survey data); the ISO Survey has continued to report on the order of 1+ million valid ISO 9001 certificates annually. [https://www.iso.org/files/live/sites/isoorg/files/standards/conformity_assessment/certification/doc/survey_executive-summary.pdf]",1,No published outcome evaluation identified,0,No published compliance-cost figure identified,0,https://www.iso.org/standard/61651.html,ISO confirms ISO/IEC 17021-1:2015 requirements for MS audit and certification bodies.
129,ISO/IEC 17025 Testing and calibration laboratories,ISO/IEC 17025,ISO/CASCO,ISO / IEC,NGO-multistakeholder,2017,2017,,in force,global-multilateral,voluntary-consensus-standard,de-facto-required-for-market-access,hybrid,conformity-assessment-certification,mutual-recognition,Digital systems and data,"Data, research & assurance integrity failure",high,Cross-sector conformity assessment & accreditation,high,cross-sector (laboratories),Cross-sector Horizontal,"composition, safety, compliance-conformity",inaccurate or unreliable test/calibration results,component standard,ISO/IEC 17011,"Over 114,600 laboratories were accredited by ILAC MRA signatories in 2024 (up from over 93,279 in 2023) — the great majority against ISO/IEC 17025 (calibration and testing laboratories). [https://ilac.org/about-ilac/facts-and-figures/]",1,No published outcome evaluation identified,0,No published compliance-cost figure identified,0,https://www.iso.org/standard/66912.html,ISO confirms ISO/IEC 17025:2017 competence of testing/calibration labs (basis for ILAC MRA).
130,ISO/IEC 17065 Product certification bodies,ISO/IEC 17065,ISO/CASCO,ISO / IEC,NGO-multistakeholder,2012,2012,,in force,global-multilateral,voluntary-consensus-standard,de-facto-required-for-market-access,hybrid,conformity-assessment-certification,mutual-recognition,Product integrity,Unsafe or non-compliant products,high,Cross-sector conformity assessment & accreditation,high,cross-sector,Cross-sector Horizontal,"compliance-conformity, safety, authenticity-anti-counterfeit",unreliable product-certification claims,component standard,ISO/IEC 17011,No published figure identified (checked),0,No published evaluation identified (checked),0,No published compliance-cost figure identified,0,https://www.iso.org/standard/46568.html,ISO confirms ISO/IEC 17065:2012 requirements for product/process/service certification bodies.
131,ISO/IEC 17011 Accreditation bodies,ISO/IEC 17011,ISO/CASCO,ISO / IEC,NGO-multistakeholder,2017,2017,,in force,global-multilateral,voluntary-consensus-standard,de-facto-required-for-market-access,hybrid,accreditation,mutual-recognition,Digital systems and data,"Data, research & assurance integrity failure",high,Cross-sector conformity assessment & accreditation,high,cross-sector,Cross-sector Horizontal,compliance-conformity,inconsistent competence of accreditation bodies,component standard,ISO/IEC 17011; IAF/ILAC,"ISO/IEC 17011 is the standard accreditation bodies must comply with to sign and remain in the ILAC MRA and IAF MLA (a mandatory transition to ISO/IEC 17011:2017 was imposed on all MRA/MLA signatories). Its signatory accreditation bodies span ~100 economies (IAF MLA, 2024) and collectively accredit over 114,600 laboratories and over 15,600 inspection bodies (ILAC, 2024). [https://ilac.org/about-ilac/facts-and-figures/]",1,No published outcome evaluation identified,0,No published compliance-cost figure identified,0,https://www.iso.org/standard/67198.html,ISO confirms ISO/IEC 17011:2017 requirements for accreditation bodies (underpins IAF/ILAC).
132,IAF Multilateral Recognition Arrangement,IAF MLA,International Accreditation Forum,International Accreditation Forum,NGO-multistakeholder,1998,1998,,in force,global-multilateral,accreditation-or-mutual-recognition-arrangement,voluntary,hybrid,governance-mutual-recognition,mutual-recognition,System interoperability,Interoperability & fragmentation failure,high,Cross-sector conformity assessment & accreditation,high,cross-sector (certification),Cross-sector Horizontal,compliance-conformity,non-recognition of accredited certificates across borders,peer framework,ISO/IEC 17011,"The IAF MLA had signatories representing 100 economies as of the 2024 IAF MLA Report, underpinning cross-border recognition of accredited certifications (management systems, products, etc.). (Note: IAF ceased operations on 1 Jan 2026, with activities transferred to the Global Accreditation Cooperation.) [https://iaf.nu/en/news/2024-iaf-mla-report-published/]",1,No published outcome evaluation identified,0,No published compliance-cost figure identified,0,https://iaf.nu/iaf_system/uploads/documents/IAF_MLA_0112-13102019.pdf,"IAF confirms the MLA delivers certified once, accepted everywhere; QMS MLA operational 1998."
133,ILAC Mutual Recognition Arrangement,ILAC MRA,International Laboratory Accreditation Cooperation,International Laboratory Accreditation Cooperation,NGO-multistakeholder,2000,2000,,in force,global-multilateral,accreditation-or-mutual-recognition-arrangement,voluntary,hybrid,governance-mutual-recognition,mutual-recognition,System interoperability,Interoperability & fragmentation failure,high,Cross-sector conformity assessment & accreditation,high,cross-sector (testing/calibration/inspection),Cross-sector Horizontal,"compliance-conformity, safety, composition",non-acceptance of test/calibration data across borders,peer framework,ISO/IEC 17011,"As of 2024, ILAC MRA signatory accreditation bodies had accredited over 114,600 laboratories, over 15,600 inspection bodies, over 810 proficiency-testing providers and over 320 reference-material producers worldwide; the arrangement has more than doubled from its 2000 launch of 36 signatory bodies across 28 economies. [https://ilac.org/about-ilac/facts-and-figures/]",1,No published outcome evaluation identified,0,No published compliance-cost figure identified,0,https://ilac.org/about-ilac/,"ILAC confirms the MRA signed 2000, effective 31 Jan 2001, per ISO/IEC 17011."
134,ISO 22383 Authentication solutions for goods,ISO 22383,ISO (TC 292),ISO / IEC,NGO-multistakeholder,2020,2020,,in force,global-multilateral,voluntary-consensus-standard,voluntary,market-driven,conformity-assessment-certification,mutual-recognition,Product integrity,Counterfeiting & falsification,high,"Minerals, metals & responsible sourcing",medium,cross-sector (anti-counterfeiting),Cross-sector Horizontal,authenticity-anti-counterfeit,counterfeiting and fraud in physical goods,component standard,"ISO 22383:2020 (ISO/TC 292, Security and resilience) formally withdraws and replaces ISO 12931:2012 (Performance criteria for authentication solutions used to combat counterfeiting of material goods), carrying forward and updating its performance-criteria/evaluation-methodology approach for authentication solutions across a material good's life cycle.",No published figure identified (checked),0,No published evaluation identified (checked),0,No published compliance-cost figure identified,0,https://www.iso.org/standard/50285.html,ISO confirms ISO 22383:2020 guidance for selecting/evaluating authentication solutions (successor to ISO 12931).
135,ISO 12931 Authentication performance criteria,ISO 12931,ISO (TC 292),ISO / IEC,NGO-multistakeholder,2012,2012,,retired,global-multilateral,voluntary-consensus-standard,voluntary,market-driven,conformity-assessment-certification,mutual-recognition,Product integrity,Counterfeiting & falsification,high,Cross-sector conformity assessment & accreditation,medium,cross-sector (anti-counterfeiting),Cross-sector Horizontal,authenticity-anti-counterfeit,counterfeiting of material goods,component standard,(no explicit dependency identified),No published figure identified (checked),0,No published evaluation identified (checked),0,No published compliance-cost figure identified,0,https://www.iso.org/standard/52210.html,"ISO confirms ISO 12931:2012 WITHDRAWN 9 Sep 2020, superseded by ISO 22383:2020."
136,ISO 22384 Anti-counterfeit protection plans,ISO 22384,ISO (TC 292),ISO / IEC,NGO-multistakeholder,2020,2020,,in force,global-multilateral,voluntary-consensus-standard,voluntary,market-driven,conformity-assessment-certification,mutual-recognition,Product integrity,Counterfeiting & falsification,high,Cross-sector conformity assessment & accreditation,high,cross-sector (anti-counterfeiting),Cross-sector Horizontal,authenticity-anti-counterfeit,counterfeiting via inadequate protection planning,component standard,"ISO 22384:2020 (ISO/TC 292) directs users to a companion standard, ISO 22380 (Security and resilience - Fraud countermeasures and controls - General principles), for fraud-specific risk assessment within its protection-plan methodology (Clause 5.4: 'For fraud-specific assessment, see ISO 22380').",No published figure identified (checked),0,No published evaluation identified (checked),0,No published compliance-cost figure identified,0,https://www.iso.org/standard/50286.html,ISO confirms ISO 22384:2020 guidelines to establish and monitor a protection plan.
137,ISO 22378 Interoperable object identification/authentication,ISO 22378,ISO (TC 292),ISO / IEC,NGO-multistakeholder,2022,2022,,in force,global-multilateral,voluntary-consensus-standard,voluntary,market-driven,identifier,mutual-recognition,Product integrity,Counterfeiting & falsification,high,Cross-sector conformity assessment & accreditation,high,cross-sector (object identification),Cross-sector Horizontal,"authenticity-anti-counterfeit, identity",non-interoperable object identification/authentication,component standard,"ISO 22378:2022 (ISO/TC 292) formally withdraws and replaces the earlier ISO 16678:2014 (Guidelines for interoperable object identification and related authentication systems to deter counterfeiting and illicit trade), while explicitly excluding industry-specific identifier schemes such as GS1 GTIN from its generic interoperability model.",No published figure identified (checked),0,No published evaluation identified (checked),0,No published compliance-cost figure identified,0,https://www.iso.org/standard/81754.html,ISO confirms ISO 22378:2022 guidelines for interoperable object identification and authentication systems.
138,Trust over IP Framework,ToIP,Trust over IP Foundation (Linux Foundation),Trust over IP Foundation,NGO-multistakeholder,2020,2020,,in force,global-multilateral,NGO-multistakeholder-scheme,voluntary,market-driven,governance-mutual-recognition,mutual-recognition,System interoperability,Interoperability & fragmentation failure,high,Cross-sector conformity assessment & accreditation,high,cross-sector (digital trust infrastructure),Cross-sector Horizontal,"identity, compliance-conformity",lack of an interoperable layered governance+technology architecture,peer framework,(no explicit dependency identified),"GLEIF (the Global Legal Entity Identifier Foundation, established under the G20/Financial Stability Board's LEI initiative) built its verifiable LEI (vLEI) Ecosystem Governance Framework directly on the Trust over IP Governance Metamodel, publishing it jointly with the Trust over IP Foundation in February 2022, and GLEIF formally joined ToIP's Steering Committee in August 2024. [https://www.gleif.org/en/newsroom/press-releases/gleif-and-trust-over-ip-foundation-publish-ecosystem-governance-framework-for-digitally-verifiable-lei]",1,No published evaluation identified (checked),0,No published compliance-cost figure identified,0,https://trustoverip.org/our-work/technical-architecture/,ToIP confirms a four-layer dual (governance + technology) stack; Foundation launched May 2020.
139,WTO Agreement on Technical Barriers to Trade,TBT Agreement,World Trade Organization,World Trade Organization,public,1995,1995,,in force,global-multilateral,treaty-instrument,mandatory,mandate-driven,governance-mutual-recognition,mutual-recognition,System interoperability,Interoperability & fragmentation failure,high,Cross-sector conformity assessment & accreditation,high,cross-sector (all traded goods),Cross-sector Horizontal,"compliance-conformity, safety",standards/conformity assessment used as disguised trade barriers,mandate-owner to recognize,(no explicit dependency identified),"The TBT Agreement (in force since 1 January 1995) is binding on all WTO members; members had submitted approximately 26,000 cumulative TBT notifications by end-2013 (around 2,000 per year at that time), with 121 members having submitted at least one notification. [https://www.wto.org/english/res_e/publications_e/tbttotrade_e.pdf]",1,No published outcome evaluation identified,0,No published compliance-cost figure identified,0,https://ustr.gov/trade-agreements/wto-multilateral-affairs/wto-issues/technical-barriers-trade,"USTR confirms TBT rules on non-discrimination, international standards, and mutual recognition of conformity assessment."
140,ISACA Digital Trust Ecosystem Framework,DTEF,ISACA,ISACA,NGO-multistakeholder,2024,2024,,in force,global-multilateral,private-industry-scheme,voluntary,market-driven,governance-mutual-recognition,mutual-recognition,System interoperability,Interoperability & fragmentation failure,high,Cross-sector conformity assessment & accreditation,high,"cross-sector (digital trust, IT governance)",Cross-sector Horizontal,compliance-conformity,"fragmented, non-holistic organizational digital trust",peer framework,"DTEF (launched by ISACA, March 2024) is designed to integrate with, rather than replace, existing frameworks and standards including COBIT, ITIL, GDPR and ISO/NIST standards, addressing seven components: integrity, security, privacy, resilience, quality, reliability and confidence.","ISACA's State of Digital Trust 2024 survey (n=5,870 global IT/business professionals, fielded and published January 2024) found 55% of respondents rate a digital trust framework as 'extremely' or 'very' important, with cited perceived benefits including enhanced reputation (71%), more reliable data for decision-making (60%), fewer privacy breaches (60%) and fewer cybersecurity incidents (59%). [https://www.businesswire.com/news/home/20240305448118/en/Over-Half-55-of-Businesses-Value-a-Digital-Trust-Framework]",1,No published evaluation identified (checked),0,No published compliance-cost figure identified,0,https://www.isaca.org/digital-trust,ISACA confirms the DTEF digital-trust framework launched Mar 2024.
141,eIDAS Regulation,eIDAS (910/2014),EU Parliament and Council,European Union,public,2014,2014,,in force,regional,binding-regulation,mandatory,mandate-driven,mandating-regulation,mutual-recognition,System interoperability,Interoperability & fragmentation failure,high,Digital identity & civil registration,high,adjacent: identity,Adjacent: Identity & PKI,identity,unrecognized/insecure cross-border e-identity and e-signatures,adjacent context,eIDAS,"Under eIDAS (910/2014), 32 national eID schemes had been notified to the European Commission across 26 EU/EEA Member States (with additional pre-notified and peer-reviewed schemes), enabling cross-border mutual recognition of electronic identification. [https://ec.europa.eu/digital-building-blocks/sites/display/EIDCOMMUNITY/Overview+of+pre-notified+and+notified+eID+schemes+under+eIDAS]",1,No published outcome evaluation identified,0,No published compliance-cost figure identified,0,https://eur-lex.europa.eu/eli/reg/2014/910/oj/eng,EUR-Lex confirms Reg (EU) 910/2014 on electronic identification and trust services. [Validation: cluster normalized 'Adjacent Trust' -> 'Adjacent: Identity & PKI' by sector 'adjacent: identity'.]
142,eIDAS 2.0 / EU Digital Identity Wallet,eIDAS 2.0 (2024/1183),EU Parliament and Council,European Union,public,2024,2024,,phased-in,regional,binding-regulation,mandatory,mandate-driven,mandating-regulation,mutual-recognition,System interoperability,Interoperability & fragmentation failure,high,Digital identity & civil registration,high,adjacent: identity,Adjacent: Identity & PKI,identity,"absence of a trusted, interoperable EU digital identity wallet",adjacent context,W3C Verifiable Credentials and Decentralized Identifiers,"Per the European Commission's own tracking, 550 private companies and public authorities across 26 EU member states plus Norway, Iceland and Ukraine are participating in the EU Digital Identity Wallet's 6 Large Scale Pilot projects (4 launched April 2023; 2 further EU co-funded consortia, APTITUDE and WE BUILD, began in 2025), testing 11 everyday use cases ahead of the wallet's required national availability. [https://ec.europa.eu/digital-building-blocks/sites/spaces/EUDIGITALIDENTITYWALLET/pages/694487808/What+are+the+Large+Scale+Pilot+Projects]",1,No published evaluation identified (checked),0,No published compliance-cost figure identified,0,https://eur-lex.europa.eu/eli/reg/2024/1183/oj/eng,EUR-Lex confirms Reg (EU) 2024/1183 establishing the European Digital Identity Framework. [Validation: cluster normalized 'Adjacent Trust' -> 'Adjacent: Identity & PKI' by sector 'adjacent: identity'.]
143,ISO/IEC 18013-5 Mobile driving licence,mDL,ISO/IEC JTC 1/SC 17,ISO / IEC,hybrid,2021,2021,,in force,global-multilateral,voluntary-consensus-standard,voluntary,market-driven,data-credential-model,mutual-recognition,Identity and personal security,"Fraud, forgery & impersonation",high,Digital identity & civil registration,high,adjacent: identity,Adjacent: Identity & PKI,identity,unverifiable mobile identity credentials and fraud,adjacent context,W3C Verifiable Credentials and Decentralized Identifiers,"As of mid-2025, 46 of 50 U.S. states had begun mobile driver's licence (mDL, ISO/IEC 18013-5) programs - only Alabama, Maine, Massachusetts and Nebraska had not started; for example, New York recorded roughly 246,000 mDL enrollments in the first year after its June 2024 launch (figures attributed to AAMVA/state data). [https://www.biometricupdate.com/202506/american-mdl-uptake-suggests-digital-id-mass-adoption-caught-in-the-slow-lane]",1,No published outcome evaluation identified,0,No published compliance-cost figure identified,0,https://www.iso.org/standard/69084.html,ISO confirms ISO/IEC 18013-5:2021 mDL application (SC 17). [Validation: cluster normalized 'Adjacent Trust' -> 'Adjacent: Identity & PKI' by sector 'adjacent: identity'.]
144,ICAO Doc 9303 Machine Readable Travel Documents,Doc 9303 / MRTD,International Civil Aviation Organization,International Civil Aviation Organization,public,1980,1980,,in force,global-multilateral,govt-referenced-standard,de-facto-required-for-market-access,mandate-driven,data-credential-model,mutual-recognition,Product integrity,Counterfeiting & falsification,high,Digital identity & civil registration,high,adjacent: identity,Adjacent: Identity & PKI,authenticity-anti-counterfeit,passport and travel-document fraud and non-interoperability,adjacent context,(no explicit dependency identified),"More than 140 States and non-state entities (e.g. the UN and EU) issue ePassports compliant with ICAO Doc 9303, with over 1 billion ePassports in circulation. [https://www.icao.int/icao-pkd/epassport-basics]",1,No published outcome evaluation identified,0,No published compliance-cost figure identified,0,https://www.icao.int/publications/doc-series/doc-9303,"ICAO confirms Doc 9303 is the MRTD specification (eMRTD chip, biometrics, LDS, PKI). [Validation: cluster normalized 'Adjacent Trust' -> 'Adjacent: Identity & PKI' by sector 'adjacent: identity'.]"
145,ICAO Digital Travel Credential,DTC,ICAO (with ISO),ICAO,public,2024,2024,,proposed,global-multilateral,govt-referenced-standard,voluntary,mandate-driven,data-credential-model,mutual-recognition,System interoperability,Interoperability & fragmentation failure,high,Digital identity & civil registration,high,adjacent: identity,Adjacent: Identity & PKI,identity,lack of a verifiable digital travel identity,adjacent context,The ICAO DTC builds on the 'tried and tested' eMRTD technical specifications and processes already codified in ICAO Doc 9303 (Machine Readable Travel Documents); DTC specifications are intended for eventual incorporation into Doc 9303 itself once mature.,No published figure identified (checked),0,"reduced-harm - Finland's DTC-1 pilot at Helsinki Airport achieved average border-processing times of under 8 seconds, versus the roughly 25-second average for conventional automated border-control kiosks, per ICAO's own High-Level Guidance document; the Netherlands' DTC-1 pilot similarly demonstrated travelers deriving ICAO-compliant DTC-1 credentials via mobile app to board flights and clear border control on arrival. [https://www.icao.int/sites/default/files/TRIP/Publications/High-Level-Guidance-explaining-ICAO-DTC.pdf]",1,No published compliance-cost figure identified,0,https://www.icao.int/sites/default/files/TRIP/Publications/High-Level-Guidance-explaining-ICAO-DTC.pdf,"ICAO confirms the DTC (High-Level Guidance v1.0, Jun 2024) as a digital companion to the eMRTD. [Validation: cluster normalized 'Adjacent Trust' -> 'Adjacent: Identity & PKI' by sector 'adjacent: identity'.]"
146,NIST Digital Identity Guidelines,NIST SP 800-63,US National Institute of Standards and Technology,US National Institute of Standards and Technology,public,2017,2017,,in force,national,govt-referenced-standard,mandatory,mandate-driven,governance-mutual-recognition,mutual-recognition,Identity and personal security,"Fraud, forgery & impersonation",high,Digital identity & civil registration,high,adjacent: identity,Adjacent: Identity & PKI,identity,identity fraud and weak authentication in digital services,adjacent context,ISO/IEC 27000 family,"Mandatory technical baseline for U.S. federal agencies' online services; current revision SP 800-63-4 finalized in 2025 (superseding 800-63-3 of 2017, 800-63-2 of 2013, and the original 800-63 of 2006). [https://pages.nist.gov/800-63-4/sp800-63.html]",1,No published evaluation identified (checked),0,No published compliance-cost figure identified,0,https://www.nist.gov/identity-access-management/projects/nist-special-publication-800-63-digital-identity-guidelines,"NIST confirms SP 800-63 covers identity proofing, authentication and federation assurance (Rev 4, 2025). [Validation: cluster normalized 'Adjacent Trust' -> 'Adjacent: Identity & PKI' by sector 'adjacent: identity'.]"
147,World Bank Identification for Development,ID4D,The World Bank Group,The World Bank Group,public,2014,2014,,in force,global-multilateral,govt-referenced-standard,voluntary,hybrid,governance-mutual-recognition,mutual-recognition,Digital systems and data,"Data, research & assurance integrity failure",medium,Digital identity & civil registration,high,adjacent: identity,Adjacent: Identity & PKI,identity,roughly 850 million people lacking official ID,adjacent context,(no explicit dependency identified),"The ID4D 2021 Global Dataset (released 2022) estimates just under 850 million people worldwide lack official ID; over half are children whose births were never registered, with women, young adults, rural and lowest-income populations disproportionately affected. [https://blogs.worldbank.org/en/digital-development/850-million-people-globally-dont-have-id-why-matters-and-what-we-can-do-about]",1,No published outcome evaluation identified,0,No published compliance-cost figure identified,0,https://id4d.worldbank.org/,"World Bank confirms ID4D helps countries build inclusive, trusted ID systems (three pillars). [Validation: cluster normalized 'Adjacent Trust' -> 'Adjacent: Identity & PKI' by sector 'adjacent: identity'.]"
148,FIDO2 / WebAuthn,FIDO2,FIDO Alliance and W3C,FIDO Alliance and W3C,NGO-multistakeholder,2019,2019,,in force,global-multilateral,voluntary-consensus-standard,voluntary,market-driven,data-credential-model,mutual-recognition,Digital systems and data,Cybersecurity compromise & data interception,high,Digital identity & civil registration,high,adjacent: identity,Adjacent: Identity & PKI,identity,"phishing, password theft, account takeover",adjacent context,X.509 and RFC 5280,"As of December 2024, more than 15 billion online accounts could use passkeys (built on FIDO2/WebAuthn) - more than double the prior year; component figures cited include Google (800 million accounts using passkeys) and Amazon (175 million passkeys created). [https://fidoalliance.org/passkey-adoption-doubles-in-2024-more-than-15-billion-online-accounts-can-leverage-passkeys/]",1,No published outcome evaluation identified,0,No published compliance-cost figure identified,0,https://www.w3.org/TR/webauthn-3/,W3C confirms WebAuthn public-key credential API; FIDO2 = WebAuthn + CTAP for phishing-resistant auth. [Validation: cluster normalized 'Adjacent Trust' -> 'Adjacent: Identity & PKI' by sector 'adjacent: identity'.]
149,Legal Entity Identifier,LEI (ISO 17442),GLEIF (G20/FSB-backed),GLEIF,hybrid,2012,2012,,in force,global-multilateral,NGO-multistakeholder-scheme,de-facto-required-for-market-access,hybrid,identifier,mutual-recognition,Financial integrity,"Financial crime, AML & mispriced risk",high,Financial services & AML,high,adjacent: financial-entity,Adjacent: Financial & Institutional,identity,opaque counterparty identity and systemic risk,adjacent context,The LEI is defined by ISO 17442 (Part 1 published 2012; Part 2 published 2019 for embedding LEIs in digital certificates).,Over 2.63 million active LEIs globally as of Q4 2024 (annual growth ~11.5%); the Global LEI Index passed 1 million records in 2017 and 2 million in 2022. [https://www.gleif.org/en/newsroom/blog/the-lei-in-numbers-2024-a-landmark-year],1,No published outcome evaluation identified,0,No published compliance-cost figure identified,0,https://www.gleif.org/en/organizational-identity/introducing-the-legal-entity-identifier-lei/iso-17442-the-lei-code-structure,GLEIF confirms the LEI is a 20-character ISO 17442 code; Global LEI System established 2012. [Validation: cluster normalized 'Adjacent Trust' -> 'Adjacent: Financial & Institutional' by sector 'adjacent: financial-entity'.]
150,ISO 20022 Financial messaging,ISO 20022,ISO (TC68; RA: SWIFT),ISO / IEC,hybrid,2004,2004,,in force,global-multilateral,voluntary-consensus-standard,de-facto-required-for-market-access,market-driven,traceability-exchange-protocol,mutual-recognition,System interoperability,Interoperability & fragmentation failure,high,Payments & cards,high,adjacent: financial-entity,Adjacent: Financial & Institutional,compliance-conformity,"fragmented, incompatible financial messaging",adjacent context,ISO 20022,"On 22 November 2025 the global financial community completed the switch to ISO 20022 for cross-border payments (end of the MT/MX coexistence period); the day after cutover Swift observed 97% of payment instructions being sent in ISO 20022. Swift connects more than 11,500 institutions across more than 200 countries and territories. [https://www.swift.com/news-events/press-releases/global-financial-community-completes-switch-iso-20022-paving-way-new-levels-cross-border-payment-speed-and-innovation-around-world]",1,No published outcome evaluation identified,0,No published compliance-cost figure identified,0,https://www.iso20022.org/about-iso-20022,iso20022.org confirms a multipart standard by ISO TC68 with a central dictionary; SWIFT is registration authority. [Validation: cluster normalized 'Adjacent Trust' -> 'Adjacent: Financial & Institutional' by sector 'adjacent: financial-entity'.]
151,UNCITRAL Model Law on Electronic Transferable Records,MLETR,United Nations Commission on International Trade Law,United Nations Commission on International Trade Law,public,2017,2017,,in force,global-multilateral,treaty-instrument,voluntary,mandate-driven,mandating-regulation,mutual-recognition,System interoperability,Interoperability & fragmentation failure,high,"Trade, customs & logistics",high,adjacent: trade,Trade & Customs,authenticity-anti-counterfeit,legal uncertainty blocking electronic bills of lading,adjacent context,(no explicit dependency identified),"As of 2025, 13 jurisdictions had enacted legislation based on the MLETR (2017): Bahrain (2018); Singapore, Belize, Kiribati, Paraguay and Abu Dhabi Global Market (2021); Papua New Guinea (2022); the United Kingdom (2023); France and Timor-Leste (2024); and China, the Marshall Islands and Mauritius (2025). [https://uncitral.un.org/en/texts/ecommerce/modellaw/electronic_transferable_records/status]",1,No published outcome evaluation identified,0,No published compliance-cost figure identified,0,https://uncitral.un.org/en/texts/ecommerce/modellaw/electronic_transferable_records,UNCITRAL confirms MLETR (adopted 13 Jul 2017) enabling electronic transferable records via control. [Validation: cluster normalized 'Adjacent Trust' -> 'Trade & Customs' by sector 'adjacent: trade'.]
152,FATF Recommendations (AML/CFT),FATF Recommendations,Financial Action Task Force,Financial Action Task Force,public,1990,1990,,in force,global-multilateral,govt-referenced-standard,de-facto-required-for-market-access,mandate-driven,governance-mutual-recognition,mutual-recognition,Financial integrity,"Financial crime, AML & mispriced risk",high,Financial services & AML,high,adjacent: financial-entity,Adjacent: Financial & Institutional,compliance-conformity,money laundering and terrorist/proliferation financing,adjacent context,FATF Recommendations,4th-round mutual evaluations covered 200+ jurisdictions worldwide (concluded October 2024); FATF's global network now spans 205 jurisdictions. [https://www.fatf-gafi.org/en/publications/Mutualevaluations/Assessment-ratings.html],1,"mixed — technical compliance with the 40 Recommendations rose to 76% of assessed jurisdictions (up from 36% in 2012), but real-world effectiveness lags badly: only 19% of 120 assessed states scored high/substantial on confiscating criminal proceeds, and ~97% showed low-to-moderate effectiveness in private-sector supervision. [https://www.fatf-gafi.org/en/publications/Mutualevaluations/Assessment-ratings.html]",1,No published compliance-cost figure identified,0,https://www.fatf-gafi.org/en/publications/Fatfrecommendations/Fatf-recommendations.html,"FATF confirms the Recommendations are the international AML/CFT standard (2012 revision, updated to 2023). [Validation: cluster normalized 'Adjacent Trust' -> 'Adjacent: Financial & Institutional' by sector 'adjacent: financial-entity'.]"
153,Common Criteria (IT security evaluation),ISO/IEC 15408,ISO/IEC JTC 1/SC 27 (CCRA),ISO / IEC,hybrid,1999,1999,,in force,global-multilateral,voluntary-consensus-standard,voluntary,hybrid,conformity-assessment-certification,mutual-recognition,Digital systems and data,Cybersecurity compromise & data interception,high,Cybersecurity & software supply chain,high,adjacent: cybersecurity,Adjacent: Cybersecurity & Software,compliance-conformity,insecure IT products and unverified security claims,adjacent context,ISO/IEC 15408 (Common Criteria),"The Common Criteria Portal lists several hundred currently-certified products across categories as of 2026, led by 767 in the largest category (ICs, smart cards and related devices/systems), plus e.g. 45 data-protection, 39 boundary-protection and 21 access-control products; certificates are mutually recognised internationally under the CCRA. [https://www.commoncriteriaportal.org/products/index.cfm]",1,No published outcome evaluation identified,0,No published compliance-cost figure identified,0,https://www.iso.org/standard/72891.html,"ISO confirms ISO/IEC 15408-1:2022 (Common Criteria) with Protection Profiles, Security Targets, EALs. [Validation: cluster normalized 'Adjacent Trust' -> 'Adjacent: Cybersecurity & Software' by sector 'adjacent: cybersecurity'.] [Validation: ISO/IEC 15408-1:2026 now supersedes the 2022 edition; the Common Criteria standard family remains in force.]"
154,EU Cybersecurity Act,CSA (2019/881),EU Parliament and Council; ENISA,European Union,public,2019,2019,,in force,regional,binding-regulation,mandatory,mandate-driven,mandating-regulation,mutual-recognition,System interoperability,Interoperability & fragmentation failure,high,Cybersecurity & software supply chain,high,adjacent: cybersecurity,Adjacent: Cybersecurity & Software,compliance-conformity,fragmented cybersecurity certification of ICT products,adjacent context,Common Criteria,"In force since June 2019, giving ENISA a permanent mandate and a framework for EU-wide certification schemes; to date it has produced one scheme in force, EUCC (Reg. 2024/482, applicable from February 2025). [https://eur-lex.europa.eu/eli/reg/2019/881/2025-02-04/eng]",1,No published evaluation identified (checked),0,No published compliance-cost figure identified,0,https://eur-lex.europa.eu/eli/reg/2019/881/2025-02-04/eng,EUR-Lex confirms Reg (EU) 2019/881 on ENISA and the EU cybersecurity certification framework. [Validation: cluster normalized 'Adjacent Trust' -> 'Adjacent: Cybersecurity & Software' by sector 'adjacent: cybersecurity'.]
155,European Common Criteria certification scheme,EUCC (2024/482),European Commission / ENISA,European Union,public,2024,2024,,phased-in,regional,binding-regulation,voluntary,mandate-driven,conformity-assessment-certification,mutual-recognition,Digital systems and data,Cybersecurity compromise & data interception,high,Cybersecurity & software supply chain,high,adjacent: cybersecurity,Adjacent: Cybersecurity & Software,compliance-conformity,lack of a harmonized EU Common Criteria security certification,adjacent context,ISO/IEC 15408 (Common Criteria),"As of its first anniversary (March 2025), 11 Conformity Assessment Bodies had been accredited across 4 member states (Germany 6, Spain 2, Sweden 2, France 1); ENISA noted the community was still awaiting the first EUCC certificates. [https://certification.enisa.europa.eu/news/celebrating-first-eucc-accredited-conformity-assessment-bodies-2025-03-21_fr]",1,No published evaluation identified (checked),0,No published compliance-cost figure identified,0,https://eur-lex.europa.eu/eli/reg_impl/2024/482/oj/eng,EUR-Lex confirms Implementing Reg (EU) 2024/482 establishing the EUCC; applicable from 27 Feb 2025. [Validation: cluster normalized 'Adjacent Trust' -> 'Adjacent: Cybersecurity & Software' by sector 'adjacent: cybersecurity'.]
156,Cyber Resilience Act,CRA (2024/2847),EU Parliament and Council,European Union,public,2024,2024,,phased-in,regional,binding-regulation,de-facto-required-for-market-access,mandate-driven,mandating-regulation,mutual-recognition,Digital systems and data,Cybersecurity compromise & data interception,high,Cybersecurity & software supply chain,high,adjacent: cybersecurity,Adjacent: Cybersecurity & Software,compliance-conformity,insecure connected products and unmanaged vulnerabilities,adjacent context,"ENISA's official CRA Requirements Standards Mapping (2024) identifies ETSI EN 303 645 as a relevant existing standard covering multiple CRA essential requirements (e.g., secure-by-default configuration, vulnerability handling, security updates), pending dedicated harmonised standards.","Entered into force December 10, 2024; obligations phase in through August–October 2026 (reporting/standards deadlines) with full application by December 11, 2027 — not yet in enforced operation as of mid-2026. [https://www.enisa.europa.eu/publications/cyber-resilience-act-requirements-standards-mapping]",1,No published evaluation identified (checked),0,No published compliance-cost figure identified,0,https://eur-lex.europa.eu/eli/reg/2024/2847/corrigendum/2024-12-05/oj/eng,EUR-Lex confirms Reg (EU) 2024/2847 on horizontal cybersecurity requirements for products with digital elements. [Validation: cluster normalized 'Adjacent Trust' -> 'Adjacent: Cybersecurity & Software' by sector 'adjacent: cybersecurity'.]
157,US Cyber Trust Mark (IoT labeling),US Cyber Trust Mark,US Federal Communications Commission,US Federal Communications Commission,public,2024,2024,,phased-in,national,govt-referenced-standard,voluntary,market-driven,conformity-assessment-certification,standalone-silo,Digital systems and data,Cybersecurity compromise & data interception,high,Cybersecurity & software supply chain,high,adjacent: cybersecurity,Adjacent: Cybersecurity & Software,compliance-conformity,insecure consumer IoT devices; consumer information asymmetry,adjacent context,(no explicit dependency identified),"Program launched January 7, 2025 (White House/FCC); as of December 2024 the FCC had provisionally accredited 11 companies as Cybersecurity Label Administrators (UL Solutions as lead), with retailers Amazon and Best Buy committing to feature the mark. [https://cyberscoop.com/us-cyber-trust-mark-launches-white-house-nist/]",1,No published evaluation identified (checked),0,No published compliance-cost figure identified,0,https://www.federalregister.gov/documents/2024/07/30/2024-14148/cybersecurity-labeling-for-internet-of-things,Federal Register confirms the FCC voluntary IoT cybersecurity labeling program based on NIST criteria. [Validation: cluster normalized 'Adjacent Trust' -> 'Adjacent: Cybersecurity & Software' by sector 'adjacent: cybersecurity'.]
158,ETSI EN 303 645 Consumer IoT security,EN 303 645,European Telecommunications Standards Institute,European Telecommunications Standards Institute,hybrid,2020,2020,,in force,regional,voluntary-consensus-standard,voluntary,market-driven,conformity-assessment-certification,mutual-recognition,Digital systems and data,Cybersecurity compromise & data interception,high,Cybersecurity & software supply chain,high,adjacent: cybersecurity,Adjacent: Cybersecurity & Software,compliance-conformity,"insecure consumer IoT (default passwords, no updates)",adjacent context,Formalizes the earlier ETSI Technical Specification TS 103 645 (2019) into a full European Norm (2020); underpins 5 baseline requirements adopted into the WEF's global IoT security consensus.,"Referenced or adopted as the basis for national schemes/regulation in at least Finland, Germany (BSI IoT label), Singapore, India (TEC Code of Practice), the UK (PSTI), Australia and Japan (IPA translation support), per ETSI's own technology page. [https://www.etsi.org/technologies/consumer-iot-security]",1,No published evaluation identified (checked),0,No published compliance-cost figure identified,0,https://www.etsi.org/technologies/consumer-iot-security,"ETSI confirms EN 303 645 baseline consumer IoT security, with TS 103 701 as its assessment spec. [Validation: cluster normalized 'Adjacent Trust' -> 'Adjacent: Cybersecurity & Software' by sector 'adjacent: cybersecurity'.]"
159,DCSA electronic Bill of Lading Standard,DCSA eBL,Digital Container Shipping Association,Digital Container Shipping Association,private,2020,2020,,in force,sectoral,private-industry-scheme,voluntary,market-driven,traceability-exchange-protocol,mutual-recognition,Product integrity,Counterfeiting & falsification,high,"Trade, customs & logistics",high,adjacent: trade,Trade & Customs,authenticity-anti-counterfeit,"paper bill-of-lading inefficiency, error and fraud",adjacent context,(no explicit dependency identified),"In February 2023 nine carriers controlling the large majority of global container capacity (MSC, Maersk, CMA CGM, Hapag-Lloyd, ONE, Evergreen, Yang Ming, HMM, ZIM) committed to 100% adoption of the electronic bill of lading by 2030, with an interim target of 50% conversion by 2028. Reported baseline: as of 2021 only about 1.2% of the roughly 45 million bills of lading issued annually were electronic. [https://dcsa.org/newsroom/dcsas-member-carriers-commit-to-a-fully-standardised-electronic-bill-of-lading-by-2030]",1,No published outcome evaluation identified,0,No published compliance-cost figure identified,0,https://dcsa.org/standards/bill-of-lading,"DCSA confirms an open API-based eBL standard (first v1.0, Dec 2020). [Validation: cluster normalized 'Adjacent Trust' -> 'Trade & Customs' by sector 'adjacent: trade'.]"
160,Provisions on Registration of Overseas Producers of Imported Food (GACC Decree 248),GACC 248 / CIFER,General Administration of Customs of China (GACC),General Administration of Customs of China,public,2021,2021 (adopted); effective 2022-01-01,,in force,national,binding-regulation,de-facto-required-for-market-access,mandate-driven,mandating-regulation,standalone-silo,Product integrity,Unsafe or non-compliant products,high,"Food, agriculture & beverages",high,food,"Food, Agriculture & Seafood","identity, safety, compliance-conformity",unsafe imported food; foodborne illness,mandate-owner to recognize,China Food Safety Law; WTO SPS,"In force since January 1, 2022; covers 18 food product categories requiring competent-authority recommendation across three facility types (manufacturers, processors, storage facilities). [https://inspection.canada.ca/eng/1654884477178/1654884477986]",1,No published evaluation identified (checked),0,No published compliance-cost figure identified,0,https://www.fda.gov/food/hfp-constituent-updates/fda-takes-steps-facilitate-export-food-under-chinas-new-facility-registration-requirements-decree,"FDA constituent update confirms GACC issued Decree 248 (April 2021), effective Jan 1 2022; requires registration of overseas food manufacturers/processors/storage exporting to China, with competent-authority recommendation for 18 higher-risk categories."
161,Administrative Measures on Import and Export Food Safety (GACC Decree 249),GACC 249,General Administration of Customs of China (GACC),General Administration of Customs of China,public,2021,2021 (promulgated); WTO-notified 2020-11-12; effective 2022-01-01,,in force,national,binding-regulation,de-facto-required-for-market-access,mandate-driven,mandating-regulation,standalone-silo,Product integrity,Unsafe or non-compliant products,high,"Food, agriculture & beverages",high,food,"Food, Agriculture & Seafood","safety, compliance-conformity, origin-provenance",unsafe imported/exported food,mandate-owner to recognize,China Food Safety Law; WTO SPS; supersedes AQSIQ Decree 144,"In force since January 1, 2022. [https://www.dccchina.org/gacc-decree-249-administration-measures-on-import-and-export-food-safety/]",1,No published evaluation identified (checked),0,No published compliance-cost figure identified,0,https://fas.usda.gov/data/china-administrative-measures-import-and-export-food-safety,"USDA FAS confirms GACC Decree 249, WTO SPS-notified Nov 12 2020, entered into force Jan 1 2022; covers overseas facility registration, importer/exporter filing, quarantine, inspection and labeling; supersedes prior AQSIQ decrees."
162,Industrial Internet Identification Resolution System (identifier/handle resolution),IIRS,Ministry of Industry and Information Technology (MIIT); operated via CAICT,Ministry of Industry and Information Technology ; operated via CAICT,public,2018,2018 (national nodes launched); root node completed 2022,,in force,national,govt-referenced-standard,voluntary,hybrid,identifier,mutual-recognition,Product integrity,Counterfeiting & falsification,high,Cross-sector conformity assessment & accreditation,high,manufacturing / industrial (cross-sector),Cross-sector Horizontal,"identity, origin-provenance, chain-of-custody",counterfeit and opaque industrial supply chains,component standard,Handle System; OID; interconnects with GS1,"Cumulative identifier registrations reached 611.6 billion (6,116 亿) as of 10 November 2024, with 451,184 enterprise nodes connected and 370 secondary nodes on the national top-level nodes; national top-node daily resolution volume of 170 million (figures reflect China MIIT national top-node data). [https://www.infoobs.com/article/20241113/67634.html]",1,No published outcome evaluation identified,0,No published compliance-cost figure identified,0,https://www.ichongqing.info/2023/09/09/identifier-resolution-cases-used-for-tracing-manufacturing-and-management-insights/,"CAICT (deputy director interview) confirms MIIT-overseen, CAICT-operated identifier resolution system used for product-quality tracing, intelligent manufacturing and asset management; national root node completed 2022 (China Briefing: 31 provincial regions, 260,000+ enterprises)."
163,Korea Pharmaceutical Information Service serialization & drug supply-history reporting (KPIS),KPIS,Korea Pharmaceutical Information Service (under HIRA); mandated by Ministry of Food and Drug Safety (MFDS) / MoHW,Korea Pharmaceutical Information Service ; mandated by Ministry of Food and Drug Safety / MoHW,public,2015,2015 (serial-number marking mandatory 2015-01-01),,in force,national,govt-referenced-standard,mandatory,mandate-driven,traceability-exchange-protocol,standalone-silo,Product integrity,Unsafe or non-compliant products,high,Pharmaceuticals & medical devices,high,pharmaceutical,Pharma & Medical,"identity, authenticity-anti-counterfeit, chain-of-custody, safety",counterfeit/diverted medicines; patient safety,sectoral scheme/standard,"GS1 GTIN-13 (KD code), GS1-128","Established October 2007 under HIRA; as of 2020 covered 435 manufacturers/importers and 3,108 wholesalers, reporting into 35,054 medical institutions, 17,905 dental facilities, 3,478 public health agencies and 22,082 pharmacies nationwide (population 50.8 million). [https://www.frontiersin.org/journals/pharmacology/articles/10.3389/fphar.2022.925287/full]",1,"reduced-harm — peer-reviewed cost-benefit analysis (2007-2018) found a net social benefit of $571.6 million (benefit-cost ratio 24.8), with the ratio rising from <1 initially to over 3.4 in 2013-2018; the system prevented recalled medicines from re-entering the supply chain and reduced inventory waste. [https://www.frontiersin.org/journals/pharmacology/articles/10.3389/fphar.2022.925287/full]",1,No published compliance-cost figure identified,0,https://www.gs1.org/docs/healthcare/MoHKorea_Serialisation.pdf,"GS1/Korea MoHW presentation confirms mandatory serial-number marking from Jan 1 2015; uses KD code (GS1 GTIN-13) and GS1-128 (AI 01/17/10/21); operated by KPIS under HIRA, mandated by MFDS/MoHW with mandatory supply-history reporting."
164,Halal Product Assurance mandatory halal certification (BPJPH),BPJPH / JPH,"Badan Penyelenggara Jaminan Produk Halal (BPJPH), Ministry of Religious Affairs, Indonesia",Badan Penyelenggara Jaminan Produk Halal,public,2014,2014 (Law No. 33/2014); BPJPH established 2017,,phased-in,national,binding-regulation,mandatory,mandate-driven,conformity-assessment-certification,mutual-recognition,Product integrity,Counterfeiting & falsification,high,"Food, agriculture & beverages",medium,"food, cosmetics, pharmaceuticals, consumer goods",Adjacent: Financial & Institutional,"composition, compliance-conformity, authenticity-anti-counterfeit",mislabeled non-halal products; consumer/religious deception,adjacent context,Law No. 33 of 2014 (JPH Law),"BPJPH (Indonesia's Halal Product Assurance Agency) reported 5,575,021 products halal-certified, from 1,547,271 business actors, as of 22 November 2024 (predominantly micro-enterprises: ~1,496,679 micro-business actors). [https://databoks.katadata.co.id/en/consumer-durables-apparel/statistics/6835184705eac/micro-businesses-hold-the-most-halal-certificates-in-2024]",1,No published outcome evaluation identified,0,No published compliance-cost figure identified,0,https://bpjph.halal.go.id/en/detail/ab-1/,"BPJPH official site confirms it was established Oct 2017 under Law No. 33 of 2014 (Halal Product Assurance); authorized to issue Halal Certificates/Labels, accredit halal bodies and supervise halal product assurance."
165,Track and Trace System for Export of Drugs (DAVA / iVEDA portals),DAVA / iVEDA,"Directorate General of Foreign Trade (DGFT), Ministry of Commerce, India",Directorate General of Foreign Trade,public,2011,2011 (introduced); withdrawn effective 2025-02-01,,retired,national,binding-regulation,mandatory,mandate-driven,traceability-exchange-protocol,standalone-silo,Product integrity,Counterfeiting & falsification,high,Pharmaceuticals & medical devices,high,pharmaceutical,Pharma & Medical,"identity, authenticity-anti-counterfeit, chain-of-custody",counterfeit/substandard exported drugs,mandate-owner to recognize,GS1 barcoding,No published figure identified (checked),0,No published evaluation identified (checked),0,No published compliance-cost figure identified,0,https://www.pib.gov.in/PressReleasePage.aspx?PRID=2098042&reg=48&lang=2,"Government of India PIB (Jan 31 2025) confirms DGFT withdrew Track & Trace provisions (Para 2.76 HBP), incl. primary-level barcoding/parent-child upload, effective Feb 1 2025; oversight consolidated under MoHFW/CDSCO. (Portal history: DAVA replaced by iVEDA in 2020.)"
166,Beef Traceability Law (Act on Individual Identification of Cattle),Beef Traceability,"Ministry of Agriculture, Forestry and Fisheries (MAFF); National Livestock Breeding Center, Japan",Ministry of Agriculture,public,2003,2003 (effective 2003-12-01; beef labeling 2004-12-01),,in force,national,binding-regulation,mandatory,mandate-driven,identifier,standalone-silo,Product integrity,Illegal or misrepresented origin & sourcing,high,"Food, agriculture & beverages",high,food (beef / livestock),"Food, Agriculture & Seafood","identity, origin-provenance, safety, chain-of-custody",BSE spread; mislabeled/untraceable beef,mandate-owner to recognize,(no explicit dependency identified),"Enacted June 2003; phased mandatory implementation from farmers/slaughterhouses (December 1, 2003) to wholesalers, retailers and restaurants (December 1, 2004), giving effectively nationwide coverage of all cattle raised in Japan via individual 10-digit ID numbers. [https://ap.fftc.org.tw/article/961]",1,No published evaluation identified (checked),0,No published compliance-cost figure identified,0,https://www.maff.go.jp/e/policies/food_safety/attach/pdf/Traceability-3.pdf,"MAFF legal text confirms individual cattle identification numbers, ear tags and central registry; effective Dec 1 2003 (beef labeling Dec 1 2004); consumers trace via public database; aim to prevent BSE spread."
167,Rice Traceability Act (Act on Traceability of Rice and Rice Products),Rice Traceability,"Ministry of Agriculture, Forestry and Fisheries (MAFF), Japan",Ministry of Agriculture,public,2009,,https://www.jstage.jst.go.jp/article/jbrewsocjapan/105/8/105_522/_pdf/-char/ja,in force,national,binding-regulation,mandatory,mandate-driven,mandating-regulation,standalone-silo,Product integrity,Illegal or misrepresented origin & sourcing,high,"Food, agriculture & beverages",high,food (rice and rice products),"Food, Agriculture & Seafood","identity, origin-provenance, safety, chain-of-custody",food-safety incidents; false origin of rice,mandate-owner to recognize,(no explicit dependency identified),"Established in 2009; applies to the entire domestic rice supply chain — importers, farmers, wholesalers, processors, restaurant operators and retailers — who must record transactions and pass on origin information. [https://ap.fftc.org.tw/article/1181]",1,No published evaluation identified (checked),0,No published compliance-cost figure identified,0,https://www.maff.go.jp/e/policies/food_safety/Traceability.html,"MAFF page confirms the Rice Traceability Act requires actors in production/distribution/sale of rice and rice products to keep records enabling quick identification of distribution routes and to provide origin information. Effective year not stated on this page (left blank rather than inferred). [Batch year-fill: 2009 (adopted/promulgated (公布) April 24, 2009 (平成21年4月24日); phased entry into force Oct 1, 2010 and Jul 1, 2011), high confidence. https://www.jstage.jst.go.jp/article/jbrewsocjapan/105/8/105_522/_pdf/-char/ja]"
168,Mandatory GS1 barcode labeling for medical devices and drugs (PMD Act),JP device barcode,"Ministry of Health, Labour and Welfare (MHLW); PMDA, Japan",Ministry of Health,public,2022,2022 (mandatory 2022-12-01),,in force,national,binding-regulation,mandatory,mandate-driven,identifier,mutual-recognition,Product integrity,Unsafe or non-compliant products,high,Pharmaceuticals & medical devices,high,medical devices / pharmaceuticals,Pharma & Medical,"identity, safety, authenticity-anti-counterfeit, chain-of-custody",device misidentification; recall and safety failures,mandate-owner to recognize,"GS1 (GTIN, GS1-128, GS1 DataMatrix); Pharmaceuticals and Medical Devices Act","Phased mandate: e-labeling via GS1 barcode scanning to PMDA's database mandatory from August 2021; full lot/expiry identification-traceability barcoding mandatory from December 2022. A 2019 government/GS1 Japan survey found GTIN compliance already at 100% for specified biological products and oral/injectable primary and secondary packaging, 88.9%–99.8% for medical devices, with lower rates (83.2%) for topical-medicine tertiary packaging. [https://www.gs1jp.org/assets/img/pdf/GS1seminae_Muraoka.pdf]",1,No published evaluation identified (checked),0,No published compliance-cost figure identified,0,https://www.pacificbridgemedical.com/news-brief/japan-changes-device-labeling-requirements-from-recommended-to-required-by-law/,Pacific Bridge Medical confirms MHLW administrative notice Sept 13 2022 made GS1 barcode labeling (GTIN + lot/expiry via GS1-128 or GS1 DataMatrix) legally mandatory for medical devices/IVDs effective Dec 1 2022; previously only recommended.
169,Internal Revenue Stamps Integrated System for cigarettes (IRSIS),IRSIS,"Bureau of Internal Revenue (BIR), Department of Finance, Philippines",Bureau of Internal Revenue,public,2014,2014 (Revenue Regulations No. 7-2014),,in force,national,binding-regulation,mandatory,mandate-driven,identifier,standalone-silo,Product integrity,Illicit trade & tax/excise evasion,high,Tobacco & excise goods,high,tobacco / excise,Excise & Environmental,"authenticity-anti-counterfeit, compliance-conformity, chain-of-custody",tax evasion; illicit and counterfeit cigarettes,mandate-owner to recognize,WHO FCTC Protocol to Eliminate Illicit Trade in Tobacco Products,"Implemented 2014 under BIR Revenue Regulations No. 7-2014 (Philippines); a September 2016 World Bank-PREMISE field survey found stamp-usage compliance of 100% in Quezon and Pampanga, 98.7% in Bulacan, 88.6% in Laguna and 83% in Metro Manila. [https://thedocs.worldbank.org/en/doc/502721548435006600-0090022019/render/WBGTobaccoIllicitTradePhilippines.txt]",1,"inconclusive — the World Bank's global illicit-tobacco-trade review found IRSIS enabled real-time stamp tracking, a Stamp Verifier authentication app, and successful prosecutions (e.g., the Mighty Corporation case), but found no systematic before/after data showing it reduced illicit trade or raised revenue, and noted the compliance-monitoring project itself had lapsed. [https://thedocs.worldbank.org/en/doc/502721548435006600-0090022019/render/WBGTobaccoIllicitTradePhilippines.txt]",1,No published compliance-cost figure identified,0,https://elibrary.judiciary.gov.ph/thebookshelf/showdocs/10/78709,"Philippine Supreme Court E-Library text of BIR Revenue Regulations No. 7-2014 confirms it prescribes affixture of internal revenue stamps on imported/local cigarettes and mandates use of the Internal Revenue Stamp Integrated System (IRSIS) for ordering, distribution and monitoring."
170,"Food Safety and Standards (Food Recall Procedure) Regulations, 2017",FSSAI Recall,Food Safety and Standards Authority of India (FSSAI),Food Safety and Standards Authority of India,public,2017,2017,,in force,national,binding-regulation,mandatory,mandate-driven,mandating-regulation,standalone-silo,Product integrity,Unsafe or non-compliant products,high,"Food, agriculture & beverages",high,food,"Food, Agriculture & Seafood","safety, compliance-conformity, chain-of-custody",unsafe food remaining in market; inability to recall,mandate-owner to recognize,Food Safety and Standards Act 2006; Codex recall guidance,No published figure identified (checked),0,No published evaluation identified (checked),0,No published compliance-cost figure identified,0,https://www.fas.usda.gov/data/india-fssai-publishes-final-regulations-food-recall-procedures,"USDA FAS confirms FSSAI published the Food Safety and Standards (Food Recall Procedure) Regulations, 2017, setting procedures that manufacturers, processors, distributors, retailers, importers and exporters must follow to recall food. (One-up/one-down traceability detail not stated on this page.)"
171,China Compulsory Certification (CCC mark),CCC,"Certification and Accreditation Administration of China (CNCA), under SAMR",Certification and Accreditation Administration of China,public,2001,2001 (established Dec 2001; enforced May 2002),,in force,national,binding-regulation,de-facto-required-for-market-access,mandate-driven,conformity-assessment-certification,standalone-silo,Product integrity,Unsafe or non-compliant products,high,Cross-sector conformity assessment & accreditation,high,"cross-sector (electronics, vehicles, toys, etc.)",Manufactured & Consumer Products,"safety, compliance-conformity","unsafe products (electrical, fire, EMC)",mandate-owner to recognize,GB national standards,"China's State Administration for Market Regulation reported 795,000 (79.5万) cumulative valid CCC certificates issued, covering 16 major product categories / 94 product types (reported by People's Daily, Feb 22, 2023). [http://paper.people.com.cn/rmrb/html/2023-02/22/nw.D110000renmrb_20230222_6-01.htm]",1,No published evaluation identified (checked),0,No published compliance-cost figure identified,0,https://www.standardsportal.org/usa_en/prc_standards_system/conformity_assessment/ca_marks_used_in_china.aspx,"ANSI StandardsPortal confirms CNCA-administered CCC established Dec 2001, enforced May 2002; catalogue products must be certified and CCC-marked before being marketed, imported or sold in China (119 product types as of July 2024)."
172,BIS Compulsory Registration Scheme (CRS),CRS,"Bureau of Indian Standards (BIS), India",Bureau of Indian Standards,public,2012,2012 (first MeitY order Oct 3 2012),,in force,national,binding-regulation,de-facto-required-for-market-access,mandate-driven,conformity-assessment-certification,standalone-silo,Product integrity,Unsafe or non-compliant products,high,Consumer & manufactured products,high,electronics / IT hardware,Manufactured & Consumer Products,"safety, compliance-conformity",unsafe electronic/IT products,mandate-owner to recognize,Indian Standards (IS); BIS Conformity Assessment Regulations 2018 (Scheme II),No published figure identified (checked),0,No published evaluation identified (checked),0,No published compliance-cost figure identified,0,https://www.crsbis.in/BIS/whatisCRS.do,BIS CRS portal confirms manufacturers must register notified electronics/IT products (conforming to Indian Standards) and display the BIS Standard Mark before sale; scheme began 2012 (MeitY order Oct 3 2012); compulsory under BIS Conformity Assessment Regs 2018.
173,E-stamps for liquor and tobacco products (Circular 23/2021/TT-BTC),VN e-stamp,"Ministry of Finance (General Department of Taxation / Customs), Vietnam",Ministry of Finance,public,2021,2021 (effective 2021-05-15; mandatory 2022-07-01),,in force,national,binding-regulation,mandatory,mandate-driven,identifier,standalone-silo,Product integrity,Illicit trade & tax/excise evasion,high,Tobacco & excise goods,high,"alcohol, tobacco / excise",Excise & Environmental,"authenticity-anti-counterfeit, compliance-conformity, identity",tax evasion; counterfeit and illicit alcohol & tobacco,mandate-owner to recognize,WHO FCTC Protocol to Eliminate Illicit Trade in Tobacco Products,"Mandatory nationwide e-stamping of domestically produced alcohol and tobacco under Circular 23/2021/TT-BTC (Vietnam Ministry of Finance, dated March 30, 2021) took effect July 1, 2022. [https://english.luatvietnam.vn/circular-no-23-2021-tt-btc-dated-march-30-2021-of-the-ministry-of-finance-guiding-the-printing-issuance-management-and-use-of-e-stamps-for-liquor-200856-doc1.html]",1,No published evaluation identified (checked),0,No published compliance-cost figure identified,0,https://english.luatvietnam.vn/circular-no-23-2021-tt-btc-dated-march-30-2021-of-the-ministry-of-finance-guiding-the-printing-issuance-management-and-use-of-e-stamps-for-liquor-200856-doc1.html,"Circular 23/2021/TT-BTC (MoF, English translation) confirms e-stamps carrying machine-searchable e-data required on each cigarette pack and liquor bottle; effective May 15 2021, full mandatory implementation July 1 2022; verifiable on tax/customs e-portals."
174,Malaysia Halal Certification (JAKIM) under Trade Descriptions (Halal) Orders 2011,JAKIM Halal,Department of Islamic Development Malaysia (JAKIM); enforced by Ministry of Domestic Trade (KPDN),Department of Islamic Development Malaysia ; enforced by Ministry of Domestic Trade,public,2011,2011 (Trade Descriptions Act 2011 and Halal Orders 2011),,in force,national,binding-regulation,de-facto-required-for-market-access,hybrid,conformity-assessment-certification,mutual-recognition,Product integrity,Counterfeiting & falsification,high,"Food, agriculture & beverages",high,"food, cosmetics, pharmaceuticals","Food, Agriculture & Seafood","composition, authenticity-anti-counterfeit, compliance-conformity",false halal claims; consumer/religious deception,mandate-owner to recognize,MS 1500 Malaysian halal standard; Trade Descriptions Act 2011,"JAKIM data: 229,204 products certified over 2021 to 10 April 2023 (95,398 in 2021; 104,017 in 2022), and 7,742 companies holding valid Malaysian halal certificates as of 31 December 2022. [https://www.sinardaily.my/article/198314/focus/national/non-muslim-companies-dominate-halal-certification-ownership-in-msia-reveals-jakim-data]",1,No published outcome evaluation identified,0,No published compliance-cost figure identified,0,https://www.kpdn.gov.my/en/submenu/enforcement-submenu/protecting-intellectual-property/trade-description,"Malaysian Ministry of Domestic Trade (KPDN) confirms the Trade Descriptions Act 2011 and Trade Descriptions (Halal Definition / Certification & Marking of Halal) Orders 2011 regulate halal certification and marking, with corporate fines up to RM5-10m; JAKIM administers the official Malaysia halal scheme (recognizing foreign halal certification bodies). MS 1500 referenced but not separately verified here."
175,Chestny ZNAK (National Digital Marking and Traceability System),Chestny ZNAK,"Center for Research in Perspective Technologies (CRPT), operator under public-private partnership; Ministry of Industry and Trade (Minpromtorg) mandate",Center for Research in Perspective Technologies,hybrid,2019,2019,,in force,national,binding-regulation,mandatory,mandate-driven,identifier,standalone-silo,Product integrity,Illicit trade & tax/excise evasion,high,"Trade, customs & logistics",medium,"cross-sector consumer goods (tobacco, footwear, pharma, textiles, dairy, water, tires)",Excise & Environmental,"identity, authenticity-anti-counterfeit, compliance-conformity, chain-of-custody","counterfeit and illicit trade, tax evasion",mandate-owner to recognize,"GS1 (Data Matrix, GTIN)","Covers roughly a dozen mandatory product categories (tobacco, medicines, footwear, dairy, tyres, perfume, tyres, etc.); operator CRPT reports over 6 billion unique codes traced (2021) with system capacity up to ~100 billion codes per year (per bne IntelliNews reporting of CRPT figures, https://www.intellinews.com/comment-russia-poised-to-lead-the-global-digital-agenda-with-the-world-s-largest-track-and-trace-system-173664/). [https://tobaccoreporter.com/2024/02/09/russia-tracking-system-slashes-illicit-trade/]",1,"reduced-harm — Russian authorities reported an approximately 25% reduction in illegal tobacco within one year of mandatory digital marking, an estimated ~RUB500 billion (~$5.5bn) additional tax impact, 18 tobacco production facilities legalized and 45 illegal operations dismantled; results were recognized at the WHO Framework Convention on Tobacco Control Conference of the Parties (COP10), February 2024. [https://tobaccoreporter.com/2024/02/09/russia-tracking-system-slashes-illicit-trade/]",1,No published compliance-cost figure identified,0,https://chestnyznak.ru/en/,Confirmed on official Chestny ZNAK site: CRPT operates the PPP system; mandatory unique Data Matrix marking phased from 2019 across tobacco/footwear/pharma/light industry to fight counterfeit/contraband.
176,Monitoring of Medicinal Product Movement (MDLP),MDLP,Operator-CRPT LLC (operator); Roszdravnadzor / Government of the Russian Federation,Operator-CRPT LLC ; Roszdravnadzor / Government of the Russian Federation,hybrid,2020,2020,,in force,national,binding-regulation,mandatory,mandate-driven,traceability-exchange-protocol,standalone-silo,Product integrity,Counterfeiting & falsification,high,Pharmaceuticals & medical devices,high,pharmaceuticals,Pharma & Medical,"identity, authenticity-anti-counterfeit, chain-of-custody, safety",counterfeit and falsified medicines,mandate-owner to recognize,GS1 DataMatrix; subsystem of Chestny ZNAK,"Phased rollout in Russia: voluntary pilot from Feb 1, 2017; mandatory marking for high-cost ('7 nosologies') disease drugs from Oct 1, 2019; full mandatory marking of all pharmaceuticals from Jan 1, 2020. [https://tass.ru/ekonomika/7324179]",1,"reduced-harm — Russia's Deputy Minister of Industry and Trade, Viktor Evtukhov, stated that during the marking pilot the turnover of counterfeit and contraband medicines fell 2.5-fold (reported by TASS, Dec 11, 2019). [https://tass.ru/ekonomika/7324179]",1,No published compliance-cost figure identified,0,https://brace-lf.com/en/analytics/pharmaceutical-and-medical-law/mdlp-system-monitoring-medicinal-product-movement-medical-use,Confirmed (Brace law firm analysis citing statute): MDLP is a Chestny ZNAK subsystem run by Operator-CRPT; legal basis Federal Law 61-FZ and Govt Decree 1556/2018; mandatory for high-cost drugs Oct 2019 and all medicines from Jul 2020.
177,EAEU Mechanism of Traceability of Goods Imported into the Customs Territory of the EAEU,,Eurasian Economic Commission (EEC) and EAEU member states,Eurasian Economic Commission and EAEU member states,public,2021,2021,,phased-in,regional,treaty-instrument,mandatory,mandate-driven,traceability-exchange-protocol,mutual-recognition,Product integrity,Illicit trade & tax/excise evasion,high,"Trade, customs & logistics",high,"imported goods (cross-border, e.g. refrigerators/freezers in pilot)",Cross-sector Horizontal,"origin-provenance, chain-of-custody, compliance-conformity","customs/tax evasion, illicit circulation of imported goods",mandate-owner to recognize,(no explicit dependency identified),"The permanent traceability mechanism launches Sept 1, 2026, initially covering three goods categories (refrigerators/freezers, washing machines, TV sets), following a pilot run across EAEU member states from 2022-2025. [https://www.trend.az/business/4189441.html]",1,No published evaluation identified (checked),0,No published compliance-cost figure identified,0,https://eng.belta.by/economics/view/eurasian-economic-union-launches-pilot-project-on-goods-traceability-mechanism-147139-2022/,"Confirmed via BelTA (Belarusian state news agency): mechanism based on the inter-state Agreement in force Feb 2021, overseen by the EEC; document-based tracking of imported goods moving between member states; pilot Jul 2022-Mar 2023."
178,Eurasian Conformity Mark (EAC) and EAEU Technical Regulations (TR CU / TR EAEU),EAC,Eurasian Economic Union / Eurasian Economic Commission (EEC),Eurasian Economic Union / Eurasian Economic Commission,public,2011,2011,,in force,regional,binding-regulation,de-facto-required-for-market-access,mandate-driven,conformity-assessment-certification,mutual-recognition,Product integrity,Unsafe or non-compliant products,high,Cross-sector conformity assessment & accreditation,high,cross-sector consumer and industrial products,Cross-sector Horizontal,"safety, compliance-conformity",unsafe / non-conforming products,mandate-owner to recognize,Legal basis is the Treaty on the Eurasian Economic Union (2014); the WTO review notes about 60% of the underlying technical-regulation standards are harmonized with international (ISO/IEC) standards.,"About 46 EAEU technical regulations (which mandate the EAC mark) were in force, supported by roughly 5,000 harmonized standards, per the WTO's 2018 Trade Policy Review covering the EAEU. [https://www.wto.org/english/tratop_e/tpr_e/s379_e.pdf]",1,No published evaluation identified (checked),0,No published compliance-cost figure identified,0,https://www.tuvsud.com/en-us/services/product-certification/eaeu--eac-certification,"Confirmed via TUV SUD (accredited certification body): EAC mark mandatory across EAEU (Armenia, Belarus, Kazakhstan, Kyrgyzstan, Russia), certifying conformity to ~44 TR CU/TR EAEU technical regulations; single mark recognized across member states."
179,SABER Platform / Saudi Product Safety Program (SALEEM),SABER / SALEEM,"Saudi Standards, Metrology and Quality Organization (SASO)",Saudi Standards,public,2019,2019,,in force,national,binding-regulation,de-facto-required-for-market-access,mandate-driven,conformity-assessment-certification,standalone-silo,Product integrity,Unsafe or non-compliant products,high,Cross-sector conformity assessment & accreditation,high,regulated consumer and industrial products (imports),Cross-sector Horizontal,"safety, compliance-conformity, authenticity-anti-counterfeit",non-conforming or hazardous products in market,mandate-owner to recognize,(no explicit dependency identified),"More than 5,000 commercial facilities/local factories and over 60,000 consumer products were registered on the Saber e-platform, per an official SASO announcement dated Feb 3, 2019. [https://www.saso.gov.sa/en/mediacenter/news/Pages/saso_news_967.aspx]",1,No published evaluation identified (checked),0,No published compliance-cost figure identified,0,https://www.intertek.com/government/product-conformity/saudi-arabia/,Confirmed via Intertek (SASO-authorized certification body): SASO's SALEEM program uses the SABER e-platform (from Jan 2019) requiring mandatory Product CoC + Shipment CoC for regulated products before entering the Saudi market.
180,Digital Tax Stamp System for Excise Goods,,"Zakat, Tax and Customs Authority (ZATCA)",Zakat,public,2019,2019,,in force,national,binding-regulation,mandatory,mandate-driven,identifier,standalone-silo,Product integrity,Illicit trade & tax/excise evasion,high,Tobacco & excise goods,high,"tobacco and excise goods (cigarettes, shisha, soft/energy drinks)",Excise & Environmental,"authenticity-anti-counterfeit, compliance-conformity, identity","illicit trade, excise tax evasion",mandate-owner to recognize,WHO FCTC,"Qatar's General Tax Authority launched its official 'Digital Tax Stamp System on Excise Goods' for cigarettes on July 14, 2022, expanded to other tobacco products Aug 4, 2022, with full local retail-market compliance required by Jan-Feb 2023. [https://gta.gov.qa/en/media-center/news/The-General-Tax-Authority-Launches-the-Digital-Tax-Stamp-System-on-Excise-goods]",1,"mixed — For Kenya's comparable digital excise-stamp program (EGMS), KRA's own research repository reports it raised excise-duty compliance by about 45%, and IMF-cited figures show EGMS-covered excise revenue growth of about 43% between FY2014/15 and FY2015/16; the same KRA-hosted study notes non-compliance and excise tax debt kept rising through FY2017/18. [https://gta.gov.qa/en/media-center/news/The-General-Tax-Authority-Launches-the-Digital-Tax-Stamp-System-on-Excise-goods]",1,No published compliance-cost figure identified,0,https://zatca.gov.sa/en/RulesRegulations/Taxes/Pages/tax-stamp-system.aspx,"Confirmed on official ZATCA site: digital tax stamps electronically activated on cigarettes (from May 2019) and shisha (2020), extending to soft/energy drinks; explicitly supports WHO FCTC compliance and combats illicit trade."
181,Gulf Conformity Mark (G-Mark),G-Mark,GCC Standardization Organization (GSO),GCC Standardization Organization,public,2009,2009,,in force,regional,binding-regulation,de-facto-required-for-market-access,mandate-driven,conformity-assessment-certification,mutual-recognition,Product integrity,Unsafe or non-compliant products,high,Consumer & manufactured products,high,"toys, low-voltage devices, expanding cross-sector",Manufactured & Consumer Products,"safety, compliance-conformity",unsafe / non-conforming products in GCC market,mandate-owner to recognize,"Builds on the GCC 'Technical Regulation for Gulf Conformity Marking,' approved in 2009, and product-specific GCC Technical Regulations (e.g., toys, low-voltage equipment), per the official GSO (GCC Standardization Organization) page.",No published figure identified (checked),0,No published evaluation identified (checked),0,No published compliance-cost figure identified,0,https://www.gso.org.sa/en/conformity/gcc-conformity-mark/,Confirmed on official GSO site: mandatory Gulf Conformity Mark under GCC Technical Regulation approved 24 May 2009; signifies health/safety/environment conformity required to place products on GCC markets; single mark across member states.
182,Marking Tobacco and Tobacco Products Scheme (Digital Tax Stamps),DTS,"Federal Tax Authority (FTA), United Arab Emirates",Federal Tax Authority,public,2019,2019,,in force,national,binding-regulation,mandatory,mandate-driven,identifier,standalone-silo,Product integrity,Illicit trade & tax/excise evasion,high,Tobacco & excise goods,high,"tobacco (cigarettes, then waterpipe/other tobacco)",Excise & Environmental,"authenticity-anti-counterfeit, compliance-conformity, identity","illicit tobacco trade, excise tax evasion",mandate-owner to recognize,Established/implemented under UAE Federal Tax Authority Decision No. 3 of 2021 on Implementing the Marking of Tobacco and Tobacco Products Scheme.,"UAE's Federal Tax Authority phased in digital tax stamps on cigarette packs starting around Jan 2019, later expanded to water-pipe tobacco and electrically heated cigarettes. [https://tax.gov.ae/en/taxes/excise.tax/excise.tax.topics/digital.tax.stamps.aspx]",1,No published evaluation identified (checked),0,No published compliance-cost figure identified,0,https://gulfnews.com/uae/fta-readies-marking-tobacco-and-tobacco-products-scheme-1.1545830073938,"Confirmed via Gulf News reporting official FTA scheme: established by UAE Cabinet Decision No. 42 of 2018; FTA-operated digital stamps on cigarettes from Jan 2019 (import ban May 2019, retail ban Aug 2019); first such system in the region."
183,Electronic Tax Stamps (ETS),ETS,Tanzania Revenue Authority (TRA); SICPA technology provider,Tanzania Revenue Authority ; SICPA technology provider,public,2019,2019,,in force,national,binding-regulation,mandatory,mandate-driven,identifier,standalone-silo,Product integrity,Illicit trade & tax/excise evasion,high,Tobacco & excise goods,high,"excisable goods (cigarettes, wine, spirits, beer, bottled water, juices)",Excise & Environmental,"authenticity-anti-counterfeit, compliance-conformity, identity, chain-of-custody","tax evasion, counterfeiting",mandate-owner to recognize,ISO/IEC 17011,"Let's Encrypt states on its homepage (accessed July 2026) that it provides TLS certificates for 'more than 700M websites,' making it the single largest Web PKI certificate authority. (Its /stats page renders figures only via JavaScript charts and did not return extractable numbers.)",1,"reduced-harm - Peer-reviewed study (Gomba, 2025) on Tanzania's ETS found the system produced a statistically significant increase of approximately TZS 435.72 billion in annual excise collections after adoption, concluding ETS is effective at modernising tax administration and improving revenue performance (addressing under-reporting, counterfeiting and evasion). [https://zenodo.org/records/15224615]",1,Let's Encrypt certificates are issued at no charge via automated (ACME) issuance — zero direct compliance cost to the certificate holder.,1,https://www.tra.go.tz/page/electronic-tax-stamp-ets,Confirmed on official TRA site: ETS phased from Jan 2019 (Phase 1 cigarettes/alcohol; Phase 2 Aug 2019 water/non-alcoholic) across 8 excisable categories; replaces paper stamps; enables mobile consumer authentication.
184,Standards Organisation of Nigeria Conformity Assessment Programme (SONCAP),SONCAP,Standards Organisation of Nigeria (SON),Standards Organisation of Nigeria,public,2005,,https://www.sgs.com/-/media/sgscorp/documents/corporate/brochures/sgs-gis-pca-nigeria-infosheet-a4-en-16.cdn.en-CA.pdf,in force,national,binding-regulation,de-facto-required-for-market-access,mandate-driven,conformity-assessment-certification,standalone-silo,Product integrity,Unsafe or non-compliant products,high,Cross-sector conformity assessment & accreditation,high,regulated imported products,Cross-sector Horizontal,"safety, compliance-conformity, authenticity-anti-counterfeit",substandard / unsafe imported goods,mandate-owner to recognize,"Nigerian Industrial Standards (NIS), ISO, IEC",No published figure identified (checked),0,No published evaluation identified (checked),0,No published compliance-cost figure identified,0,https://son.gov.ng/soncap-faq/,"Confirmed on official SON site: mandatory offshore/pre-shipment certification scheme (PCoC/SCoC via eight accredited firms) for SON-regulated imports; non-compliant goods subject to detention/destruction; ensures conformity to NIS/ISO/IEC. Start year not stated on source. [Batch year-fill: 2005 (adopted/entered into force), high confidence. https://www.sgs.com/-/media/sgscorp/documents/corporate/brochures/sgs-gis-pca-nigeria-infosheet-a4-en-16.cdn.en-CA.pdf]"
185,South African National Accreditation System (SANAS),SANAS,"SANAS (public entity under the Department of Trade, Industry and Competition)",SANAS,public,2006,2006,,in force,national,accreditation-or-mutual-recognition-arrangement,voluntary,hybrid,accreditation,mutual-recognition,Digital systems and data,"Data, research & assurance integrity failure",high,Cross-sector conformity assessment & accreditation,high,"cross-sector conformity assessment (labs, certification and inspection bodies, GLP)",Cross-sector Horizontal,"compliance-conformity, safety",unreliable testing / certification results,peer framework,ISO/IEC 17011; ILAC and IAF arrangements; OECD GLP,"SANAS had cumulatively accredited 2,047 Conformity Assessment Bodies (CABs) as of the 2022/23 period, operating 12 accreditation programmes; it has maintained signatory status to the ILAC MRA, IAF MLA and AFRAC MRA since 2000 (SANAS Annual Performance Plan 2023/24, published by the dtic). [https://www.thedtic.gov.za/wp-content/uploads/SANAS-APP.pdf]",1,No published outcome evaluation identified,0,No published compliance-cost figure identified,0,https://www.gov.za/documents/acts/accreditation-conformity-assessment-calibration-and-good-laboratory-practice-act-19,"Confirmed via South African Government (gov.za): Accreditation Act 19 of 2006 (commenced May 2007) designates SANAS as the sole national accreditation body for conformity assessment, calibration and good laboratory practice."
186,Sistema Nacional de Trazabilidad de Medicamentos,SNT,"ANMAT (Administracion Nacional de Medicamentos, Alimentos y Tecnologia Medica)",ANMAT,public,2011,,https://www.boletinoficial.gob.ar/detalleAviso/primera/330768/20250903,in force,national,binding-regulation,mandatory,mandate-driven,traceability-exchange-protocol,standalone-silo,Product integrity,Counterfeiting & falsification,high,Pharmaceuticals & medical devices,high,pharmaceuticals,Pharma & Medical,"identity, authenticity-anti-counterfeit, chain-of-custody, safety",circulation of illegitimate / counterfeit medicines,mandate-owner to recognize,GS1,No published figure identified (checked),0,No published evaluation identified (checked),0,No published compliance-cost figure identified,0,https://www.argentina.gob.ar/anmat/sistema-nacional-de-trazabilidad/sistema-nacional-de-trazabilidad-de-medicamentos,"Confirmed on official Argentina.gob.ar/ANMAT: national medicine traceability tracks especialidades medicinales in real time from manufacture through the supply chain to dispensation; operative (page dated 2018); scheme updated by Disposicion 6223/2025. Establishment year not stated on source. [Batch year-fill: 2011 (ANMAT Disposición N° 3683/2011 (23 May 2011), which per ANMAT's own later disposition (6223/2025) regulated the first stage of implementation of the Sistema Nacional de Trazabilidad, establishing its technical guidelines, database, unique-code system and first covered products; accompanied by Ministry of Health Resolución 435/2011.), high confidence. https://www.boletinoficial.gob.ar/detalleAviso/primera/330768/20250903]"
187,Sistema Unico Nacional de Informacion y Rastreo (SUNIR),SUNIR,"DIAN (Direccion de Impuestos y Aduanas Nacionales), Colombia",DIAN,public,2013,2013,,phased-in,national,binding-regulation,mandatory,mandate-driven,identifier,standalone-silo,Product integrity,Illicit trade & tax/excise evasion,high,Tobacco & excise goods,high,"liquor, cigarettes and beer (excise / departmental monopoly goods)",Excise & Environmental,"origin-provenance, authenticity-anti-counterfeit, compliance-conformity, chain-of-custody","contraband / smuggling, tax evasion, adulterated products",mandate-owner to recognize,(no explicit dependency identified),No published figure identified (checked),0,No published evaluation identified (checked),0,No published compliance-cost figure identified,0,https://www.larepublica.co/economia/listo-el-decreto-que-implementa-el-sistema-que-frenara-el-contrabando-2035720,"Confirmed via La Republica reporting on Decreto 602 de 2013: DIAN-run SUNIR to mark and track liquor, cigarettes and beer against contraband; legal basis enacted 2013 with a multi-year implementation period (operational rollout subsequently delayed)."
188,Codigo de Seguridad para Cajetillas de Cigarros,,"Servicio de Administracion Tributaria (SAT), Mexico",Servicio de Administracion Tributaria,public,2017,,https://www.claa.org.mx/cir_pdf/2018/CIR_GJN_ATS_024.18.pdf,in force,national,binding-regulation,mandatory,mandate-driven,identifier,standalone-silo,Product integrity,Illicit trade & tax/excise evasion,high,Tobacco & excise goods,high,tobacco (cigarettes),Excise & Environmental,"authenticity-anti-counterfeit, compliance-conformity, identity","illicit cigarette trade, tax (IEPS) evasion",mandate-owner to recognize,Ley del IEPS Art. 19 fraccion XXII; WHO FCTC (referenced),No published figure identified (checked),0,"limited - Independent study (Saenz de Miera et al., 2023) found illicit cigarettes rose to 18.2% of consumption in Mexico in 2023 (from 8.5% in 2017) and that Mexico's cigarette-pack security code showed limited effectiveness against illicit trade, concluding the code alone is insufficient without stronger enforcement. [https://impuestotabaco.org/wp-content/uploads/2024/03/Reporte-El-comercio-ilicito-de-cigarros-web.pdf]",1,No published compliance-cost figure identified,0,https://www.jornada.com.mx/2018/10/15/economia/023n1eco,"Confirmed via La Jornada: SAT-issued security codes printed on cigarette packs, mandated under Ley del IEPS Art. 19-XXII, to verify production volumes and tax and distinguish legal from illegal product; operational by 2018 (start year not stated on source). [Batch year-fill: 2017 (), high confidence. https://www.claa.org.mx/cir_pdf/2018/CIR_GJN_ATS_024.18.pdf]"
189,Sistema de Controle e Rastreamento da Producao de Cigarros (SCORPIOS),SCORPIOS,Receita Federal do Brasil (operated via Casa da Moeda do Brasil),Receita Federal do Brasil,public,2007,2007,,in force,national,binding-regulation,mandatory,mandate-driven,traceability-exchange-protocol,standalone-silo,Product integrity,Illicit trade & tax/excise evasion,high,Tobacco & excise goods,high,tobacco (cigarettes),Excise & Environmental,"authenticity-anti-counterfeit, compliance-conformity, identity, origin-provenance, chain-of-custody","illicit cigarette production, tax evasion, contraband/diversion",mandate-owner to recognize,Established under Receita Federal Normative Instruction (Instrucao Normativa RFB) no. 769/2007.,"SCORPIOS, established in September 2007 under Receita Federal do Brasil, achieved integrated real-time control of all cigarette production lines in Brazil by 2011; illicit cigarettes were estimated at ~29% of the Brazilian market (INCA/CONICQ informative document). [https://ninho.inca.gov.br/jspui/bitstream/123456789/16805/1/Informativo%20da%20Conicq%20-%20n%208%20-%202015-4-5.pdf]",1,No published outcome evaluation identified,0,No published compliance-cost figure identified,0,https://www.gov.br/pt-br/servicos/consultar-sistema-de-controle-de-producao-de-cigarros,Confirmed via official gov.br service page: SCORPIOS run by Receita Federal via Casa da Moeda; production-counting equipment plus barcode marking/tracking of cigarette output; legal basis IN RFB 769/2007 (export controls updated by IN RFB 1155/2011).
190,Roundtable on Sustainable Palm Oil Principles & Criteria and Supply Chain Certification Standard,RSPO,Roundtable on Sustainable Palm Oil (RSPO),Roundtable on Sustainable Palm Oil,NGO-multistakeholder,2004,2004,,in force,global-multilateral,NGO-multistakeholder-scheme,voluntary,market-driven,conformity-assessment-certification,standalone-silo,Product integrity,Illegal or misrepresented origin & sourcing,medium,"Food, agriculture & beverages",high,Palm oil,"Food, Agriculture & Seafood","sustainability-carbon, origin-provenance, chain-of-custody",Tropical deforestation and peatland loss from palm oil,sectoral scheme/standard,ISO 17065; ISEAL Codes of Good Practice,"In 2022, Certified Sustainable Palm Oil (CSPO) production exceeded 15 million MT, representing 20% of global crude palm oil production; RSPO members accounted for 42% of the 77.6 million MT of global palm oil, and certified hectarage grew +6.6% year-on-year (RSPO ACOP 2022). [https://rspo.org/acop-2022-reports-continued-progress-in-cspo-production-and-consumption-despite-global-disruptions-cspo-production-hits-15-million-mt-milestone/]",1,"counterproductive - Peer-reviewed evaluation (Zachlod et al., 2025, Communications Earth & Environment) found RSPO certification associated with an unintended, counterproductive decline in oil-palm plantation efficiency in Malaysia (e.g., one estate showed a 21.97 percentage-point drop in oil-palm coverage, 2018-2023). Source: https://www.nature.com/articles/s43247-025-02150-2 [https://rspo.org/acop-2022-reports-continued-progress-in-cspo-production-and-consumption-despite-global-disruptions-cspo-production-hits-15-million-mt-milestone/]",1,No published compliance-cost figure identified,0,https://rspo.org/who-we-are/,"Confirmed via rspo.org: RSPO formed 2004 (WWF, MPOA, Unilever, AAK, Migros); current P&C v4.2 (2024), Supply Chain Cert Std (2020), Independent Smallholder Std v2.2 (2024)."
191,RTRS Standard for Responsible Soy Production,RTRS,Round Table on Responsible Soy Association (RTRS),Round Table on Responsible Soy Association,NGO-multistakeholder,2006,2006,,in force,global-multilateral,NGO-multistakeholder-scheme,voluntary,market-driven,conformity-assessment-certification,standalone-silo,Product integrity,Illegal or misrepresented origin & sourcing,medium,"Food, agriculture & beverages",high,Soy (and corn),"Food, Agriculture & Seafood","sustainability-carbon, origin-provenance, chain-of-custody",Deforestation and native-vegetation conversion from soy expansion,sectoral scheme/standard,ISEAL Codes of Good Practice; zero-deforestation/zero-conversion cutoff,"In 2023, 7.5 million tonnes of RTRS-certified soy were produced on 2.2 million hectares (certified area +10.5% vs 2022); 11,480 new producers were certified during 2023, with Brazil producing ~6.4 million tonnes (RTRS, 2023). [https://responsiblesoy.org/rtrs-certification-soybean-growth-2023?lang=en]",1,No published outcome evaluation identified,0,No published compliance-cost figure identified,0,https://responsiblesoy.org/about-rtrs?lang=en,"Confirmed via responsiblesoy.org: founded 2006 in Zurich; Production Std v4.0 (2021), Chain of Custody v3.1 (2025); zero-deforestation cutoff established 2016."
192,ProTerra Standard for Sustainability and Non-GMO Certification,,ProTerra Foundation,ProTerra Foundation,NGO-multistakeholder,2006,2006,,in force,global-multilateral,NGO-multistakeholder-scheme,voluntary,market-driven,conformity-assessment-certification,standalone-silo,Product integrity,Greenwashing & ESG/climate misrepresentation,high,"Food, agriculture & beverages",high,"Soy, feed and food supply chains","Food, Agriculture & Seafood","composition, sustainability-carbon, chain-of-custody",GMO contamination and deforestation in feed/soy chains,sectoral scheme/standard,ISO 17065,"As of 2025/2026 (ProTerra Network directory): 160 Full Members, 86 ProTerra Certified operators, 16 Associate Members, spanning 40+ countries (largest concentrations in Brazil, Netherlands, Germany, India, Russia). Standard is now at v5.0 (2024). [https://www.proterrafoundation.org/the-proterra-network/ ; https://www.proterrafoundation.org/partnership-benchmarks/]",1,No published outcome/impact evaluation (with a reduced-harm/mixed/limited/counterproductive/inconclusive verdict) located this session; ProTerra references an internal environmental-footprint study of certified vs. non-certified soy but results were not published on the linked page. [https://www.proterrafoundation.org/the-proterra-network/ ; https://www.proterrafoundation.org/partnership-benchmarks/],0,No published compliance-cost figure identified,0,https://www.proterrafoundation.org/the-proterra-standard/,Confirmed via proterrafoundation.org: established 2006; current ProTerra Certification Standard v5.0; segregated non-GMO plus sustainability. Basel Criteria origin not confirmed on this page.
193,Bonsucro Production Standard,BSI,Bonsucro,Bonsucro,NGO-multistakeholder,2005,2005,,in force,global-multilateral,NGO-multistakeholder-scheme,voluntary,market-driven,conformity-assessment-certification,mutual-recognition,Product integrity,Other / social & labor harm,high,"Food, agriculture & beverages",high,Sugarcane,"Food, Agriculture & Seafood","sustainability-carbon, compliance-conformity, chain-of-custody","Water, labour and land-use harms of sugarcane production",sectoral scheme/standard,ISEAL; ISO 17065; EU Renewable Energy Directive,"Bonsucro-certified sugarcane represented approximately 6.5% of global production, with 189,964 hectares added during the reporting period (Bonsucro Outcome Report 2022, covering the 2021-22 season). [https://bonsucro.com/bonsucros-latest-outcomes-revealed/]",1,"reduced-harm - Bonsucro Outcome Report 2022 (self-reported outcome data): certified operations showed a 20% improvement in irrigated water-use efficiency (2020-2021), workers paid on average 19% above the national minimum wage, and 128,000+ farm and 68,000 mill workers benefiting. [https://bonsucro.com/bonsucros-latest-outcomes-revealed/]",1,No published compliance-cost figure identified,0,https://bonsucro.com/what-is-bonsucro/,"Confirmed via bonsucro.com: originated 2005 as Better Sugarcane Initiative, certification launched 2011; current Production Standard v5.2.1 (released Oct 2025, mandatory Jan 2026)."
194,Global Organic Textile Standard,GOTS,Global Standards gGmbH,Global Standards gGmbH,NGO-multistakeholder,2006,2006,,in force,global-multilateral,NGO-multistakeholder-scheme,voluntary,market-driven,conformity-assessment-certification,mutual-recognition,Product integrity,Greenwashing & ESG/climate misrepresentation,high,Consumer & manufactured products,high,Organic natural-fibre textiles,"Food, Agriculture & Seafood","composition, sustainability-carbon, chain-of-custody",Greenwashing of 'organic' textiles; chemical and labour harms,sectoral scheme/standard,IFOAM organic farming standards; ISO 17065; ILO core conventions,"14,676 GOTS-certified facilities across 89 countries in 2023 (an 8% increase over 2022), certified via 25 GOTS-approved certification bodies (GOTS Annual Press Release 2024). [https://global-standard.org/images/resource-library/documents/PR/2024_AnnualPR_UK.pdf]",1,No published outcome evaluation identified,0,No published compliance-cost figure identified,0,https://global-standard.org/images/resource-library/documents/standard-and-manual/GOTS_v8.0_signed.pdf,"Confirmed via official GOTS v8.0 PDF: v8.0 released March 2026, effective 1 March 2027; owner Global Standards gGmbH (Stuttgart). First version 2006 is the standard's widely-reported origin (not independently sourced this session)."
195,Organic Content Standard,OCS,Textile Exchange,Textile Exchange,NGO-multistakeholder,2013,2013,,in force,global-multilateral,NGO-multistakeholder-scheme,voluntary,market-driven,conformity-assessment-certification,mutual-recognition,Product integrity,Counterfeiting & falsification,high,"Food, agriculture & beverages",medium,Organic cotton and non-food organic fibres,Adjacent: Content & Information,"composition, chain-of-custody",False organic-content claims in textiles,adjacent context,IFOAM Family of Standards (organic input); Textile Exchange Content Claim Standard,"No OCS-specific certified-site or volume figure was found from an authoritative primary source this session (Textile Exchange's 2024 Materials Market Report only gives a combined figure of 75,173 sites certified in 2023 across its whole standards portfolio — GOTS, GRS, RCS, OCS, RWS, RDS, etc. — not broken out for OCS alone). [https://textileexchange.org/app/uploads/2021/02/OCS-101-V3.0-Organic-Content-Standard.pdf]",0,Not found. [https://textileexchange.org/app/uploads/2021/02/OCS-101-V3.0-Organic-Content-Standard.pdf],0,No published compliance-cost figure identified,0,https://textileexchange.org/organic-content-standard/,"Confirmed via textileexchange.org: owned by Textile Exchange; verifies organic content plus chain of custody using IFOAM Family of Standards; current v3.0 (2020), user manual v3.1 (2021); standard document carries © 2013."
196,IFOAM Organic Guarantee System - Participatory Guarantee Systems and IFOAM Norms/Family of Standards,IFOAM PGS / OGS,IFOAM - Organics International,IFOAM - Organics International,NGO-multistakeholder,2008,2008,,in force,global-multilateral,NGO-multistakeholder-scheme,voluntary,market-driven,conformity-assessment-certification,mutual-recognition,Identity and personal security,"Fraud, forgery & impersonation",high,"Food, agriculture & beverages",high,Organic agriculture (smallholders),"Food, Agriculture & Seafood","composition, compliance-conformity",Organic fraud and exclusion of smallholders from certification,sectoral scheme/standard,IFOAM Norms; Codex Alimentarius organic guidelines,"323 PGS initiatives worldwide (62 currently under development) involving 1,417,522 producers, of which 1,328,496 were certified, per IFOAM's global PGS survey (2022 data). [https://www.ifoam.bio/our-work/how/standards-certification/PGS-statistics]",1,No published outcome evaluation identified,0,No published compliance-cost figure identified,0,https://www.ifoam.bio/our-work/how/standards-certification/participatory-guarantee-systems,"Confirmed via ifoam.bio: IFOAM founded 1972 (100+ countries); official PGS definition 2008; PGS are peer-based organic quality assurance complementary to third-party certification, within the Organic Guarantee System / Family of Standards."
197,SAI Platform Farm Sustainability Assessment / Regenerating Together,FSA,SAI Platform (Sustainable Agriculture Initiative Platform),SAI Platform,private,2014,2014,,in force,global-multilateral,private-industry-scheme,voluntary,market-driven,conformity-assessment-certification,mutual-recognition,System interoperability,Interoperability & fragmentation failure,high,"Food, agriculture & beverages",high,Cross-crop agriculture (food & drink supply),"Food, Agriculture & Seafood","sustainability-carbon, compliance-conformity",Unsustainable farming and duplicative audit burden on farmers,sectoral scheme/standard,Benchmarking/equivalence with GLOBALG.A.P. and other farm-level schemes,"The FSA has enabled over 360,000 farms in 60 countries to assess and verify sustainable production across 190 cultivated crops (cumulative since 2014; current version FSA 3.0), and is benchmarked by more than 100 global sustainability schemes (SAI Platform). [https://saiplatform.org/press-area/fsa/]",1,No published outcome evaluation identified,0,No published compliance-cost figure identified,0,https://saiplatform.org/press-area/fsa/,"Confirmed via saiplatform.org: FSA first version 2014, FSA 3.0 April 2021; Regenerating Together framework announced (press release Feb 2024), integrated standalone tool powered by FSA operations launching 2025."
198,Better Cotton Standard System,BCI,Better Cotton (formerly Better Cotton Initiative),Better Cotton,NGO-multistakeholder,2005,2005,,in force,global-multilateral,NGO-multistakeholder-scheme,voluntary,market-driven,conformity-assessment-certification,standalone-silo,Product integrity,Other / social & labor harm,high,"Food, agriculture & beverages",high,Cotton,"Food, Agriculture & Seafood","sustainability-carbon, chain-of-custody",Pesticide/water harm and labour abuse in cotton farming,sectoral scheme/standard,ISEAL Codes of Good Practice; ILO core conventions,"In the 2022-23 season Better Cotton accounted for 22% of global cotton production, grown by 2.2 million licensed farmers (5.4 million tonnes, +15% year-on-year); the programme reached more than 2.8 million cotton farmers across 22 countries (Better Cotton 2022-23 Annual Report). [https://bettercotton.org/better-cotton-2022-23-annual-report-better-cotton-accounts-for-22-of-global-production/]",1,"limited - Independent Wageningen University endline evaluation (Pamuk, Motovska & van Rijn, 2022) of Better Cotton's impact on cotton farmers in India found the contribution of capacity-building activities to increased farmer profitability was limited (partly attributed to COVID-19 disruption of training). Source: https://research.wur.nl/en/publications/towards-sustainable-cotton-farming-validating-the-impact-of-bette/ [https://bettercotton.org/better-cotton-2022-23-annual-report-better-cotton-accounts-for-22-of-global-production/]",1,No published compliance-cost figure identified,0,https://bettercotton.org/who-we-are/,Confirmed via bettercotton.org: origin dated to a 2005 WWF-convened roundtable; ~2.13M licensed farmers across 22 countries; multi-stakeholder Better Cotton Standard System.
199,Non-GMO Project Standard (Non-GMO Project Verified),,The Non-GMO Project,The Non-GMO Project,NGO-multistakeholder,2007,2007,,in force,regional,NGO-multistakeholder-scheme,voluntary,market-driven,conformity-assessment-certification,standalone-silo,Product integrity,Illegal or misrepresented origin & sourcing,high,"Food, agriculture & beverages",high,Food and consumer products (North America),"Food, Agriculture & Seafood","composition, authenticity-anti-counterfeit, chain-of-custody",Undisclosed GMO content and consumer deception,sectoral scheme/standard,"The Standard requires GMO risk testing to be performed by laboratories accredited to ISO 17025; it does not formally incorporate Codex Alimentarius, EU GMO thresholds, or organic standards into its core requirements.","As of 2025 (Non-GMO Project's own verification FAQ): the Butterfly seal covers 66,000+ unique-formula verified products representing about $48.9 billion in annual U.S. sales; 87% of surveyed ingredient suppliers with verified goods call verification an essential revenue-building strategy. [https://www.nongmoproject.org/verification-faq/]",1,Not found (no third-party outcome/impact evaluation located this session). [https://www.nongmoproject.org/verification-faq/],0,No published compliance-cost figure identified,0,https://www.nongmoproject.org/about/,Confirmed via nongmoproject.org: 501(c)(3) founded 2007 by two grocers (Berkeley CA + Toronto); Butterfly 'Non-GMO Project Verified' label since 2010; North America's leading GMO-avoidance verification.
200,USDA Process Verified Program,PVP,USDA Agricultural Marketing Service (AMS),USDA Agricultural Marketing Service,public,1996,,https://www.federalregister.gov/documents/2002/12/30/02-32806/united-states-standards-for-livestock-and-meat-marketing-claims,in force,national,govt-referenced-standard,voluntary,market-driven,conformity-assessment-certification,standalone-silo,Product integrity,Illegal or misrepresented origin & sourcing,high,"Food, agriculture & beverages",high,"Livestock, poultry, dairy, seeds & grains, produce",Cross-sector Horizontal,"compliance-conformity, origin-provenance, identity",Unverifiable marketing claims and consumer deception,component standard,ISO 9000 series (quality management systems),"USDA/AMS maintains a public directory of approved PVP companies (processverified.usda.gov / AMS PVP Directory), organized by commodity (beef, poultry, pork, dairy, etc.) and spanning multiple result pages; no precise total headcount is published in a single verified figure, so no adoption number is reported here. [https://www.usda.gov/about-usda/news/blog/usda-process-verified-program-transparency-farm-market-0 ; https://www.ams.usda.gov/services/auditing/pvp-directory]",1,Not found. [https://www.usda.gov/about-usda/news/blog/usda-process-verified-program-transparency-farm-market-0 ; https://www.ams.usda.gov/services/auditing/pvp-directory],0,No published compliance-cost figure identified,0,https://www.ams.usda.gov/services/auditing/process-verified-programs,"Confirmed via ams.usda.gov: USDA AMS voluntary audit-based verification of documented process/marketing claims evaluated against the ISO 9000 series; covers livestock/poultry, dairy, seeds & grains, produce. Founding year not stated on the page. [Batch year-fill: 1996 (AMS Livestock and Seed (LS) Program began offering the verification service that became the USDA Process Verified Program), medium confidence. https://www.federalregister.gov/documents/2002/12/30/02-32806/united-states-standards-for-livestock-and-meat-marketing-claims]"
201,Fair Trade Certified (Fair Trade USA standards),FTUSA,Fair Trade USA,Fair Trade USA,NGO-multistakeholder,1998,1998,,in force,global-multilateral,NGO-multistakeholder-scheme,voluntary,market-driven,conformity-assessment-certification,standalone-silo,Product integrity,Other / social & labor harm,high,"Food, agriculture & beverages",high,"Coffee, cocoa, produce, seafood, apparel, home goods","Food, Agriculture & Seafood","compliance-conformity, chain-of-custody",Exploitative labour and unfair producer prices,sectoral scheme/standard,ILO core conventions; ISEAL,"Per Fair Trade USA's own impact page (2025/2026): 1.6 million Fair Trade Certified producers across 50+ countries, 1,500+ business partners, 12,500+ products bearing the label, and more than $1 billion cumulative Community Development Fund benefit distributed to farmers/workers/fishers. [https://www.fairtradecertified.org/what-we-do/our-impact/ ; https://warrington.ufl.edu/news/fair-trade-paradox/ ; https://www.fairtradecertified.org/news/fair-trade-accepted-as-iseal-member/]",1,"Mixed. A University of Florida study (Daehoon Jung, forthcoming in Production and Operations Management; published Sept. 9, 2025) explicitly analyzing competition between Fair Trade USA and Fairtrade America found that competition expands consumer access to fair-trade products but simultaneously erodes the per-unit premium individual farmers receive ('mainstreaming'/'fairwashing' trade-off) — more farmers participate, but each captures a smaller benefit. [https://www.fairtradecertified.org/what-we-do/our-impact/ ; https://warrington.ufl.edu/news/fair-trade-paradox/ ; https://www.fairtradecertified.org/news/fair-trade-accepted-as-iseal-member/]",1,No published compliance-cost figure identified,0,https://www.fairtradecertified.org/about-us/our-history/,"Confirmed via fairtradecertified.org: founded 1998 as TransFair USA; separated from Fairtrade International in 2012; Fair Trade Certified spans food, apparel, home goods and seafood."
202,Friend of the Sea Sustainable Seafood Certification,FOS,World Sustainability Organization (Friend of the Sea),World Sustainability Organization,NGO-multistakeholder,2008,2008,,in force,global-multilateral,NGO-multistakeholder-scheme,voluntary,market-driven,conformity-assessment-certification,mutual-recognition,Product integrity,Illegal or misrepresented origin & sourcing,high,Seafood & fisheries,high,"Wild-capture fisheries, aquaculture, fishmeal/Omega-3","Food, Agriculture & Seafood","sustainability-carbon, origin-provenance, chain-of-custody",Overfishing and unsustainable aquaculture,sectoral scheme/standard,FAO Code of Conduct for Responsible Fisheries; ISO 17065 accreditation,No published figure identified (checked),0,No published evaluation identified (checked),0,No published compliance-cost figure identified,0,https://friendofthesea.org/our-team/paolo-bray/,"Confirmed via friendofthesea.org: created 2008 by Paolo Bray, now a project of the World Sustainability Organization; certifies fisheries, aquaculture, fishmeal & Omega-3; ISO 17065-accredited third-party audits."
203,GCP Coffee Sustainability Reference Code (formerly Baseline Common Code),GCP,Global Coffee Platform,Global Coffee Platform,NGO-multistakeholder,2021,2021,,in force,global-multilateral,NGO-multistakeholder-scheme,voluntary,hybrid,governance-mutual-recognition,mutual-recognition,System interoperability,Interoperability & fragmentation failure,high,"Food, agriculture & beverages",high,Coffee,"Food, Agriculture & Seafood","sustainability-carbon, compliance-conformity",Fragmentation of coffee sustainability claims; child/forced labour and deforestation,peer framework,Common Code for the Coffee Community (2004); ISEAL; ILO conventions,"As of December 2024 (Global Coffee Platform announcement): 27 coffee sustainability schemes/standards have been formally recognized as equivalent/aligned with the Reference Code (4 under third-party assurance, 23 under second-party assurance). [https://www.globalcoffeeplatform.org/latest/2024/four-more-coffee-sustainability-schemes-aligning-on-common-sustainability-language/ ; https://www.globalcoffeeplatform.org/our-work/coffee-sustainability-reference-code/]",1,Not found (no outcome/impact evaluation of the Reference Code itself located this session). [https://www.globalcoffeeplatform.org/latest/2024/four-more-coffee-sustainability-schemes-aligning-on-common-sustainability-language/ ; https://www.globalcoffeeplatform.org/our-work/coffee-sustainability-reference-code/],0,No published compliance-cost figure identified,0,https://www.globalcoffeeplatform.org/our-work/coffee-sustainability-reference-code/,Confirmed via globalcoffeeplatform.org: GCP evolved from the 4C Association in 2016; Baseline Common Code v3.0 renamed the Coffee Sustainability Reference Code in 2021; functions as a sector-wide baseline for benchmarking other schemes.
204,4C Certification (Common Code for the Coffee Community),4C,4C Services GmbH,4C Services GmbH,private,2004,2004,,in force,global-multilateral,private-industry-scheme,voluntary,market-driven,conformity-assessment-certification,mutual-recognition,Product integrity,Other / social & labor harm,high,"Food, agriculture & beverages",high,Coffee (and cocoa),"Food, Agriculture & Seafood","sustainability-carbon, compliance-conformity, chain-of-custody",Child/forced labour and deforestation in coffee production,sectoral scheme/standard,GCP Coffee Sustainability Reference Code; ILO conventions,"As of December 31, 2024 (4C Services 'In Numbers'): 196 producer groups 4C certified, ~300,000 coffee producers (94% smallholders) across 19 countries, covering roughly 800,000–880,000 hectares, producing 29.1–30.5 million 60kg bags of certified green coffee. [https://www.4c-services.org/4c-impact/4c-in-numbers-2/]",1,"Not found (no independent outcome evaluation specific to current 4C certification located this session, though 4C notes continued market demand growth in 2024). [https://www.4c-services.org/4c-impact/4c-in-numbers-2/]",0,No published compliance-cost figure identified,0,https://www.4c-services.org/about-4c/our-history/,"Confirmed via 4c-services.org: Common Code launched 2004; became an independent third-party scheme under 4C Services (from CAS in 2018, fully independent 2020); Code of Conduct v5.0 (2025), recognized as equivalent to the GCP Coffee SR Code."
205,Bettercoal Code and Assurance System,Bettercoal,Bettercoal / RECOSI (Responsible Commodities Sourcing Initiative),Bettercoal / RECOSI,private,2012,2012,,in force,global-multilateral,private-industry-scheme,voluntary,market-driven,conformity-assessment-certification,mutual-recognition,Product integrity,Other / social & labor harm,high,"Minerals, metals & responsible sourcing",high,Energy / coal mining supply chain,Adjacent: Financial & Institutional,"safety, compliance-conformity, sustainability-carbon, origin-provenance","Unsafe, polluting and exploitative coal mining",adjacent context,"OECD Guidelines for MNEs, UN Guiding Principles, ILO conventions","Per Bettercoal's own current producer listing: 6 Bettercoal Producers across 4 countries (Colombia, Germany, USA, South Africa), each having completed site assessment and an agreed Continuous Improvement Plan against the Bettercoal Code. [https://www.bettercoal.org/bettercoal-producers]",1,Not found. [https://www.bettercoal.org/bettercoal-producers],0,No published compliance-cost figure identified,0,https://www.bettercoal.org/about-bettercoal,"Confirmed on Bettercoal site: 12-principle/144-provision ESG Code, on-site assessment every 4 years, run by RECOSI not-for-profit; 2012 founding confirmed via Fortum Apr-2012 membership release."
206,Cobalt Industry Responsible Assessment Framework,CIRAF,Cobalt Institute,Cobalt Institute,private,2018,2018,,in force,global-multilateral,private-industry-scheme,voluntary,market-driven,conformity-assessment-certification,mutual-recognition,Product integrity,Other / social & labor harm,high,"Minerals, metals & responsible sourcing",high,Cobalt mining / battery supply chain,Responsible Sourcing,"compliance-conformity, safety, sustainability-carbon, origin-provenance",Child labour and human-rights harms in cobalt (esp. DRC ASM),sectoral scheme/standard,OECD Due Diligence Guidance for Minerals,No precise verified count of participating companies was found this session; the Cobalt Institute states only that 'a significant number' of its members committed to adopting CIRAF. [https://www.cobaltinstitute.org/news/ciraf-update-reporting-obligation-hiatus/ ; https://responsiblecobalt.org/ciraf/],0,"Limited. In 2025 the Cobalt Institute itself announced a hiatus on CIRAF participants' annual public reporting obligation while it reviews the framework's future in light of new mandatory due-diligence regulation — i.e., the scheme's own transparency mechanism was suspended by its administrator. [https://www.cobaltinstitute.org/news/ciraf-update-reporting-obligation-hiatus/ ; https://responsiblecobalt.org/ciraf/]",1,No published compliance-cost figure identified,0,https://www.cobaltinstitute.org/news/introducing-the-cobalt-industry-responsible-assessment-framework-ciraf/,"Cobalt Institute confirms development from 2017, pilot 2018; OECD-aligned self-assessment with independent verification and public disclosure. Note: Cobalt Institute later placed CIRAF reporting obligation on hiatus."
207,Responsible Cobalt Initiative,RCI,"CCCMC (China Chamber of Commerce of Metals, Minerals & Chemicals); co-founded with OECD; standard now co-managed with Responsible Minerals Initiative (RMI)",CCCMC ; co-founded with OECD; standard now co-managed with Responsible Minerals Initiative,hybrid,2016,2016,,in force,global-multilateral,private-industry-scheme,voluntary,hybrid,conformity-assessment-certification,mutual-recognition,Product integrity,Other / social & labor harm,high,"Minerals, metals & responsible sourcing",high,Cobalt / battery supply chain,Responsible Sourcing,"compliance-conformity, chain-of-custody, origin-provenance",Child labour and human-rights harms in cobalt supply chains,sectoral scheme/standard,"OECD Due Diligence Guidance, Chinese Due Diligence Guidelines (CCCMC)",No verified member-company count located this session. [https://respect.international/responsible-cobalt-initiative-rci/ ; https://www.responsiblebusiness.org/news/rmi-rci/],0,Not found. [https://respect.international/responsible-cobalt-initiative-rci/ ; https://www.responsiblebusiness.org/news/rmi-rci/],0,No published compliance-cost figure identified,0,https://respect.international/responsible-cobalt-initiative-rci/,Confirmed RCI established 2016 by CCCMC and OECD to improve cobalt supply-chain governance; aligns members to OECD and CCCMC guidelines. RMI+RCI jointly publish the Cobalt Refiner Supply Chain Due Diligence Standard.
208,ICGLR Regional Certification Mechanism,RCM,International Conference on the Great Lakes Region (ICGLR),International Conference on the Great Lakes Region,public,2011,2011,,in force,regional,treaty-instrument,mandatory,mandate-driven,conformity-assessment-certification,mutual-recognition,Product integrity,Illegal or misrepresented origin & sourcing,high,"Minerals, metals & responsible sourcing",high,"Minerals (tin, tantalum, tungsten, gold) / mining",Responsible Sourcing,"origin-provenance, chain-of-custody, compliance-conformity",Conflict minerals financing armed groups and rights abuses,mandate-owner to recognize,OECD Due Diligence Guidance for Minerals,"No current verified figures on number of certified mines or certificate volumes were found this session; the RCM's own 2nd-edition manual (2024) is a procedural document without implementation statistics, and the only located historical figures (DRC/Rwanda's first certificates, 2012–2013) are over a decade old. [https://icglr.org/wp-content/uploads/2024/03/ICGLR-Regional-Certification-Mechanism-Manual-2nd-Edition_Final.pdf]",0,Not found. [https://icglr.org/wp-content/uploads/2024/03/ICGLR-Regional-Certification-Mechanism-Manual-2nd-Edition_Final.pdf],0,No published compliance-cost figure identified,0,https://icglr.org/wp-content/uploads/2024/03/ICGLR-Regional-Certification-Mechanism-Manual-2nd-Edition_Final.pdf,"2nd-Edition RCM Manual (approved Oct 2019) confirms: framework first developed 2011, covers 3TG across 12 ICGLR member states, explicitly incorporates OECD Due Diligence Guidance."
209,LME Policy on Responsible Sourcing of LME-Listed Brands,LME RS,London Metal Exchange,London Metal Exchange,private,2019,2019,,in force,global-multilateral,private-industry-scheme,de-facto-required-for-market-access,market-driven,governance-mutual-recognition,mutual-recognition,Product integrity,Illegal or misrepresented origin & sourcing,high,"Minerals, metals & responsible sourcing",high,Metals / commodity exchange,Responsible Sourcing,"compliance-conformity, origin-provenance, chain-of-custody",Irresponsibly sourced metals traded on global markets,peer framework,"OECD Due Diligence Guidance; recognises RMAP, LBMA, RJC, Copper Mark","Per the LME's own 2024 compliance update: the policy covers 435 LME-listed brands across nine physically settled contracts in 54 countries. As of the December 31, 2023 compliance deadline, approximately 90% of brands had submitted the required compliance information. [https://www.lme.com/-/media/Files/About/Responsibility/Responsible-sourcing/BRANDS-GENERAL-24-005-2024-UPDATE-ON-RESPONSIBLE-SOURCING-REPORTING-FOR-LME-LISTED-BRANDS.pdf?sc_lang=en]",1,"Mixed. The same LME reporting shows roughly 10% of listed brands were non-compliant and scheduled for suspension/delisting for failing to meet the policy's requirements — i.e., partial but incomplete compliance uptake industry-wide. [https://www.lme.com/-/media/Files/About/Responsibility/Responsible-sourcing/BRANDS-GENERAL-24-005-2024-UPDATE-ON-RESPONSIBLE-SOURCING-REPORTING-FOR-LME-LISTED-BRANDS.pdf?sc_lang=en]",1,No published compliance-cost figure identified,0,https://www.lme.com/en/Company/Responsibility/Responsible-sourcing,"LME confirms responsible-sourcing rules in Part 7 of Rulebook, introduced Oct 2019, mandatory for all LME-listed brands (red-flag assessment, OECD alignment), phased to full compliance by 2022-2023."
210,Chinese Due Diligence Guidelines for Responsible Mineral Supply Chains,CCCMC Guidelines,"China Chamber of Commerce of Metals, Minerals & Chemicals Importers & Exporters (CCCMC)",China Chamber of Commerce of Metals,hybrid,2015,2015,,in force,national,govt-referenced-standard,voluntary,hybrid,governance-mutual-recognition,mutual-recognition,Product integrity,Illegal or misrepresented origin & sourcing,high,"Minerals, metals & responsible sourcing",high,Minerals / mining (Chinese overseas investment & trade),Responsible Sourcing,"compliance-conformity, origin-provenance, chain-of-custody","Conflict, human-rights and misconduct harms in mineral supply chains",peer framework,"OECD Due Diligence Guidance, UN Guiding Principles on Business & Human Rights",No verified quantitative adoption figure (number of implementing companies) was found this session. [https://www.business-humanrights.org/en/blog/responsible-mineral-supply-chain-efforts-in-china-progress-and-challenges/],0,"Limited. Business & Human Rights Resource Centre's China mineral-supply-chain analysis states that 'not enough Chinese companies are aware of the CCCMC guidelines' and that due-diligence uptake remains far from mainstream in China, citing weak incentives around the voluntary standard. [https://www.business-humanrights.org/en/blog/responsible-mineral-supply-chain-efforts-in-china-progress-and-challenges/]",1,No published compliance-cost figure identified,0,https://www.securityhumanrightshub.org/resources/chinese-due-diligence-guidelines-for-responsible-mineral-supply-chains.html,Confirmed CCCMC-issued guidelines (first edition 2015; 2nd edition 2023-24) explicitly built on OECD Guidance and UNGPs; extend CCCMC social-responsibility guidelines for outbound mining. China-origin with global supply-chain reach.
211,Sustainable Forestry Initiative Forest Management Standard,SFI,SFI Inc. (Sustainable Forestry Initiative),SFI Inc,NGO-multistakeholder,2022,2022,,in force,regional,NGO-multistakeholder-scheme,voluntary,market-driven,conformity-assessment-certification,mutual-recognition,Product integrity,Illegal or misrepresented origin & sourcing,high,Forestry & timber,high,Forestry / forest products,Responsible Sourcing,"sustainability-carbon, origin-provenance, chain-of-custody, compliance-conformity","Unsustainable logging, biodiversity and water-quality loss",sectoral scheme/standard,"PEFC (endorses SFI), ISO conformity-assessment standards","FIDO Alliance's 2024 consumer survey: 53% of people report having enabled passkeys on at least one of their accounts, and 22% enable them on every account they can. FIDO cites production deployment outcomes including Google's ~4x improvement in sign-in success rate vs. passwords and CVS Health's 98% reduction in mobile account-takeover fraud.",1,No published outcome evaluation identified,0,FIDO2 / WebAuthn specifications are open and royalty-free.,1,https://forests.org/forestmanagementstandard/,"SFI site confirms current 2022 Forest Management Standard (13 principles/17 objectives/141 indicators), operates in US & Canada, third-party audited; PEFC page confirms SFI is a PEFC national member and PEFC-endorsed (mutual recognition)."
212,Sustainable Biomass Program,SBP,Sustainable Biomass Program (SBP),Sustainable Biomass Program,private,2013,2013,,in force,global-multilateral,NGO-multistakeholder-scheme,de-facto-required-for-market-access,hybrid,conformity-assessment-certification,mutual-recognition,Product integrity,Greenwashing & ESG/climate misrepresentation,high,Forestry & timber,high,Woody biomass / bioenergy (wood pellets),Excise & Environmental,"sustainability-carbon, origin-provenance, chain-of-custody, compliance-conformity",Unsustainable forest harvesting and mis-stated carbon for energy biomass,sectoral scheme/standard,ISO 17065/17011/19011; EU Renewable Energy Directive; recognises FSC/PEFC feedstock,"Per SBP's own Annual Review 2024: 340 certificate holders at year-end 2024 (+25% year-on-year), 19.15 million tonnes of SBP-certified biomass produced and sold in 2024 (+28% YoY; 17.65 million tonnes consumed in Europe, +30% YoY), operations spanning 35 countries, with the scheme transitioning to SBP Standards v2.0. [https://sbp-cert.org/sbp-publishes-annual-review-2024/ ; https://news.mongabay.com/2025/08/sustainable-biomass-certification-scheme-is-flawed-degrades-forests-report-finds/]",1,"Counterproductive. A July 2025 report by forest-governance expert Richard Robertson (commissioned by Solutions for Our Climate, Global Environmental Forum, Mighty Earth, Biofuelwatch, and the Environmental Paper Network) found SBP certifies pellet mills and biomass traders largely through desk-based review rather than field audits or direct engagement with logging companies; that over 90% of certified biomass is not rigorously verified at source; that it accepts feedstock from ecologically important primary forests; and that its carbon accounting treats biomass emissions as zero — concluding the scheme provides 'a veneer of legitimacy' that enables continued forest degradation. [https://sbp-cert.org/sbp-publishes-annual-review-2024/ ; https://news.mongabay.com/2025/08/sustainable-biomass-certification-scheme-is-flawed-degrades-forests-report-finds/]",1,No published compliance-cost figure identified,0,https://sbp-cert.org/getting-certified/about-certification/,"SBP site confirms independent certification of legal/sustainable woody feedstock with chain-of-custody via Data Transfer System, references ISO 17065/19011/17011; timeline page confirms SBP created 2013 to continue Initiative of Wood Pellet Buyers (IWPB)."
213,CITES Timber Species Listings (Appendices I/II/III),CITES timber,"CITES Secretariat / Conference of the Parties (Convention on International Trade in Endangered Species, UNEP-administered)",CITES Secretariat / Conference of the Parties,public,1975,1975,,in force,global-multilateral,treaty-instrument,mandatory,mandate-driven,mandating-regulation,mutual-recognition,Product integrity,Illegal or misrepresented origin & sourcing,high,Forestry & timber,high,Forestry / international timber trade,Responsible Sourcing,"origin-provenance, compliance-conformity, chain-of-custody, sustainability-carbon",Overexploitation and extinction risk for endangered tree species,mandate-owner to recognize,CITES Convention (1973/1975),"CITES regulates international trade in close to 800 tree species across Appendices I, II and III (current figure per CITES Secretariat). New Appendix II listings covering additional timber genera (e.g., Cordia, Handroanthus, Dipteryx) took effect November 25, 2024. [https://cites.org/eng/topics/flora/cites-and-forests]",1,Not found from an authoritative primary source this session. [https://cites.org/eng/topics/flora/cites-and-forests],0,No published compliance-cost figure identified,0,https://www.fws.gov/question-answer/cites-listed-timber-and-wood-updates,"US FWS confirms CITES timber listings require export permits and proof of legal sourcing; recent Appendix-II additions (effective 25 Nov 2024) include Handroanthus/ipe, Dipteryx/cumaru, Afzelia, Pterocarpus/padauk, Paubrasilia. Convention in force since 1975; major timber listings expanded at CoP17 (2016)-CoP19 (2022)."
214,IPC-1782 Standard for Manufacturing and Supply Chain Traceability of Electronic Products,IPC-1782,IPC (Association Connecting Electronics Industries),IPC,private,2016,2016,,in force,global-multilateral,voluntary-consensus-standard,voluntary,market-driven,traceability-exchange-protocol,mutual-recognition,Product integrity,Counterfeiting & falsification,high,Consumer & manufactured products,high,Electronics manufacturing,Manufactured & Consumer Products,"identity, authenticity-anti-counterfeit, chain-of-custody, compliance-conformity",Counterfeit and unsafe electronic components; poor recall/defect tracing,sectoral scheme/standard,IPC Product Classification System (Class 1/2/3/Space-Defense-Medical),No published figure identified (checked),0,No published evaluation identified (checked),0,No published compliance-cost figure identified,0,https://standards.globalspec.com/std/14358527/ipc-1782,"Confirmed IPC-published single traceability standard (first 2016; Rev A 2020; Rev B Sept 2023), risk-based levels tied to IPC classes, covers internal and external traceability and counterfeit reduction."
215,EPEAT Ecolabel and Registry,EPEAT,"Global Electronics Council (GEC, formerly Green Electronics Council)",Global Electronics Council,NGO-multistakeholder,2006,2006,,in force,global-multilateral,NGO-multistakeholder-scheme,de-facto-required-for-market-access,hybrid,conformity-assessment-certification,mutual-recognition,Product integrity,Greenwashing & ESG/climate misrepresentation,high,Consumer & manufactured products,high,Electronics / IT product procurement,Manufactured & Consumer Products,"sustainability-carbon, composition, compliance-conformity","E-waste, hazardous materials and unsustainable electronics",sectoral scheme/standard,IEEE 1680 / ANSI-based product criteria,Almost 300 million EPEAT-registered products are purchased annually worldwide; about 2.7 billion have been sold cumulatively since the registry launched in 2006; EPEAT is used as a procurement criterion in 50+ countries. [https://www.epeat.net/],1,"reduced-harm — EPEAT's own cumulative impact accounting (2006-2023, via its Benefits Calculator) attributes $34 billion in purchaser cost savings and 341 million tonnes of GHG emissions avoided to EPEAT-registered product purchases. [https://www.epeat.net/]",1,No published compliance-cost figure identified,0,https://globalelectronicscouncil.org/epeat-registry/,"GEC site confirms EPEAT registry/ecolabel with Bronze/Silver/Gold tiers and third-party verification across full lifecycle. Britannica confirms EPEAT created 2003, launched 2006, GEC-overseen, ANSI/IEEE-rooted criteria, required in US federal procurement (2007 Executive Order)."
216,Responsible Business Alliance Code of Conduct,RBA,"Responsible Business Alliance (RBA; formerly Electronic Industry Citizenship Coalition, EICC)",Responsible Business Alliance,private,2004,2004,,in force,global-multilateral,private-industry-scheme,de-facto-required-for-market-access,market-driven,conformity-assessment-certification,mutual-recognition,Product integrity,Other / social & labor harm,high,Consumer & manufactured products,high,Electronics / ICT manufacturing supply chain,Manufactured & Consumer Products,"compliance-conformity, safety, sustainability-carbon",Forced/child labour and unsafe conditions in electronics manufacturing,sectoral scheme/standard,"ILO Fundamental Conventions, UN Guiding Principles, OECD Guidelines, UDHR","600+ member companies with combined annual revenues over $8 trillion, employing 21.5+ million people, with products manufactured across 120+ countries (RBA, current). [https://www.responsiblebusiness.org/code-of-conduct/]",1,Not found from an authoritative primary source this session. [https://www.responsiblebusiness.org/code-of-conduct/],0,No published compliance-cost figure identified,0,https://www.bench.com/hubfs/suppliers/Benchmark-RBA-Code-of-Conduct.pdf,"RBA Code v8.0 confirms five sections (Labor, Health & Safety, Environmental, Ethics, Management Systems) aligned to ILO/UNGP/OECD; verified via shared audit (VAP/RBA-Online). RBA rebrand page confirms EICC founded 2004, renamed RBA 2017."
217,Higg Index (Cascale),Higg,Cascale (formerly Sustainable Apparel Coalition); delivered via Worldly platform,Cascale ; delivered via Worldly platform,NGO-multistakeholder,2011,2011,,in force,global-multilateral,NGO-multistakeholder-scheme,voluntary,market-driven,data-credential-model,mutual-recognition,Product integrity,Greenwashing & ESG/climate misrepresentation,high,Consumer & manufactured products,high,Apparel / textiles / footwear,Manufactured & Consumer Products,"sustainability-carbon, composition, compliance-conformity",Unmeasured environmental and social impacts / greenwashing in apparel,sectoral scheme/standard,"Life-cycle assessment data; SAC/Cascale facility, brand and product tools","About 40,000 active Higg Index users; Cascale's ~300 member organizations (brands, retailers, manufacturers) represent roughly half of the global apparel and footwear industry (Cascale, current). [https://www.businessoffashion.com/articles/sustainability/higg-index-fashion-greenwashing-regulation-sustainability-sustainable-apparel-coalition/]",1,"mixed — Norway's Consumer Authority ruled in 2022 that Higg-based sustainability product profiles (used by the Sustainable Apparel Coalition/Cascale and H&M Group) were 'misleading,' finding the underlying data 'oversimplified, inaccurate and imprecise'; this prompted suspension of the consumer-facing Higg-based label and ongoing methodology overhaul. [https://www.businessoffashion.com/articles/sustainability/higg-index-fashion-greenwashing-regulation-sustainability-sustainable-apparel-coalition/]",1,No published compliance-cost figure identified,0,https://cascale.org/resources/press-news/press-releases/sustainable-apparel-coalition-rebrands-as-cascale/,"Cascale confirms SAC founded 2009 by Walmart & Patagonia, Higg Index suite launched 2011, SAC rebranded to Cascale on 26 Feb 2024; Higg tools spun into Worldly (2019) as exclusive platform; measures social/environmental performance across value chain."
218,Responsible Down Standard,RDS,Textile Exchange,Textile Exchange,NGO-multistakeholder,2014,2014,,in force,global-multilateral,NGO-multistakeholder-scheme,voluntary,market-driven,conformity-assessment-certification,mutual-recognition,Product integrity,Other / social & labor harm,high,Consumer & manufactured products,high,Apparel / down & feather,Manufactured & Consumer Products,"origin-provenance, chain-of-custody, compliance-conformity","Animal cruelty (live-plucking, force-feeding) in down supply chains",sectoral scheme/standard,Textile Exchange Content Claim Standard; Five Freedoms of animal welfare,"97% of card-present transactions globally were conducted using EMV chip technology, as most recently reported for Q4 2025 by EMVCo — figures compiled from its six member networks (American Express, Discover, JCB, Mastercard, UnionPay, Visa). Contactless is tracked on the same deployment page but published only in downloadable image files, not as extractable text.",1,"reduced-harm: Randomized rollout across 157 subdistricts / ~19 million people (Muralidharan, Niehaus & Sukhtankar, 'Building State Capacity,' AER 2016): biometric smartcards produced a faster, more predictable, less corrupt NREGS payment process with a significant reduction in leakage of funds AND no reduction in beneficiary access; beneficiary time savings alone equalled the intervention's cost, and beneficiaries strongly preferred the system. Direction: reduced leakage without causing exclusion — the positive counter-case showing outcomes hinge on implementation/design, not the technology alone.",1,"Chip and terminal upgrade costs are borne by issuers, acquirers and merchants; global rollout was driven by the card networks' fraud liability-shift rules rather than a certification fee.",1,https://textileexchange.org/news/launch-of-the-responsible-down-standard-rds-version-3-0/,"Textile Exchange confirms RDS launched 2014 (co-developed by The North Face), third-party certified with transparent/traceable chain of custody, bans live-plucking and force-feeding, requires Five Freedoms; RDS 3.0 first substantial revision."
219,Responsible Wool Standard,RWS,Textile Exchange,Textile Exchange,NGO-multistakeholder,2016,2016,,in force,global-multilateral,NGO-multistakeholder-scheme,voluntary,market-driven,conformity-assessment-certification,mutual-recognition,Product integrity,Other / social & labor harm,high,Consumer & manufactured products,high,Apparel / wool,Manufactured & Consumer Products,"origin-provenance, chain-of-custody, sustainability-carbon, compliance-conformity",Animal welfare (e.g. mulesing) and land degradation in wool production,sectoral scheme/standard,Textile Exchange Content Claim Standard; Five Freedoms of animal welfare,"Wool certified to standards including RWS grew from 4.2% of global wool production in 2022 to 4.8% in 2023, per Textile Exchange's Materials Market Report 2024 (figure covers RWS alongside a small number of comparable wool standards; a standalone RWS-only volume figure was not found). [https://textileexchange.org/knowledge-center/reports/materials-market-report-2024/]",1,Not found from an authoritative primary source this session. [https://textileexchange.org/knowledge-center/reports/materials-market-report-2024/],0,No published compliance-cost figure identified,0,https://textileexchange.org/responsible-wool-standard/,"Textile Exchange confirms RWS is a voluntary standard certifying all sites from farm to final B2B seller across animal welfare (Five Freedoms), land management and social welfare with chain of custody; first released 2016 (RWS 2.0 March 2020)."
220,bluesign System,bluesign,"bluesign technologies ag (an SGS company), Baar, Switzerland",bluesign technologies ag,private,2000,2000,,in force,global-multilateral,private-industry-scheme,voluntary,market-driven,conformity-assessment-certification,mutual-recognition,Product integrity,Unsafe or non-compliant products,high,Consumer & manufactured products,high,Textiles / chemical input management,Manufactured & Consumer Products,"composition, safety, sustainability-carbon, compliance-conformity","Hazardous chemicals in textile production harming workers, consumers, environment",sectoral scheme/standard,"Input Stream Management; aligns with ZDHC MRSL, REACH","Over 900 bluesign system partners globally (chemical suppliers, textile manufacturers, converters, brands) as of 2024. [https://www.bluesign.com/bluesign-system-impact-report-2024]",1,"reduced-harm — per bluesign's Impact Report 2024, system partners cut CO2 emissions intensity by 17%, energy consumption intensity by 14%, and freshwater use intensity by 8% in 2024, the fifth consecutive year of system-wide footprint reduction across those metrics. [https://www.bluesign.com/bluesign-system-impact-report-2024]",1,No published compliance-cost figure identified,0,https://www.bluesign.com/faqs,"bluesign site confirms Input Stream Management approach, bluesign APPROVED (components) and bluesign PRODUCT (>=90% approved) labels, SYSTEM PARTNER assessments; company is SGS-owned, Baar CH; 25th-anniversary release (2025) confirms 2000 founding."
221,ISO 14064-1 Greenhouse gases - organization-level quantification and reporting of GHG emissions and removals,ISO 14064-1,ISO (TC 207/SC 7),ISO / IEC,hybrid,2018,2018,,in force,global-multilateral,voluntary-consensus-standard,voluntary,hybrid,data-credential-model,mutual-recognition,Product integrity,Greenwashing & ESG/climate misrepresentation,high,"Energy, carbon & environmental claims",high,cross-sector / climate,Adjacent: Financial & Institutional,sustainability-carbon,unverifiable or greenwashed corporate emissions claims; climate externality,adjacent context,"GHG Protocol, IPCC guidelines; verification under ISO 14064-3 / ISO 14065","No distinct certification/adoption count is published for ISO 14064-1 (unlike ISO 9001/14001, ISO does not track it in the annual ISO Survey). [https://committee.iso.org/news/2025/09/iso-and-ghgp-partnership]",0,Not found from an authoritative primary source this session. [https://committee.iso.org/news/2025/09/iso-and-ghgp-partnership],0,No published compliance-cost figure identified,0,https://www.iso.org/standard/66453.html,"ISO.org page confirms ISO 14064-1:2018 Ed.2 (pub. 19 Dec 2018), org-level GHG inventory quantification/reporting spec, series originated 2006, still current (to be revised)."
222,ISO 14068-1 Climate change management - Transition to net zero - Part 1: Carbon neutrality,ISO 14068-1,ISO (TC 207/SC 7),ISO / IEC,hybrid,2023,2023,,in force,global-multilateral,voluntary-consensus-standard,voluntary,market-driven,conformity-assessment-certification,mutual-recognition,Product integrity,Greenwashing & ESG/climate misrepresentation,high,"Energy, carbon & environmental claims",high,cross-sector / climate,Adjacent: Financial & Institutional,sustainability-carbon,false or misleading 'carbon neutral' claims (greenwashing),adjacent context,"ISO 14064, ISO 14067, GHG Protocol, Paris Agreement",Published November 2023; too recent for published certification/adoption figures to have been located this session. [https://www.iso.org/standard/43279.html],1,Not found from an authoritative primary source this session. [https://www.iso.org/standard/43279.html],0,No published compliance-cost figure identified,0,https://www.iso.org/standard/43279.html,"ISO.org confirms ISO 14068-1:2023 (pub. Nov 2023, Ed.1), carbon-neutrality framework requiring reduction hierarchy before offsetting residual emissions; basis for third-party carbon-neutrality certification."
223,GHG Protocol Corporate Accounting and Reporting Standard,GHG Protocol Corporate Standard,World Resources Institute (WRI) & World Business Council for Sustainable Development (WBCSD),World Resources Institute & World Business Council for Sustainable Development,NGO-multistakeholder,2004,2004,,in force,global-multilateral,NGO-multistakeholder-scheme,voluntary,hybrid,data-credential-model,mutual-recognition,Product integrity,Greenwashing & ESG/climate misrepresentation,high,"Energy, carbon & environmental claims",high,cross-sector / climate,Adjacent: Financial & Institutional,sustainability-carbon,"inconsistent, opaque corporate emissions accounting; climate externality",adjacent context,"Kyoto Protocol seven-gas basket, IPCC; underpins ISO 14064, CDP, SBTi, CSRD","As of the GHG Protocol's own most recent published figure (2016), 92% of Fortune 500 companies responding to CDP used the GHG Protocol directly or indirectly through a program based on it; the GHG Protocol states it 'provides the accounting platform for virtually every corporate GHG reporting program in the world.' [https://ghgprotocol.org/corporate-standard]",1,Not found from an authoritative primary source this session. [https://ghgprotocol.org/corporate-standard],0,No published compliance-cost figure identified,0,https://ghgprotocol.org/corporate-standard,"ghgprotocol.org confirms WRI/WBCSD partnership, originally published 2004, updated 2015 with Scope 2 Guidance, covers the seven Kyoto GHGs; de-facto global corporate accounting standard."
224,GHG Protocol Product Life Cycle Accounting and Reporting Standard,GHG Protocol Product Standard,World Resources Institute (WRI) & World Business Council for Sustainable Development (WBCSD),World Resources Institute & World Business Council for Sustainable Development,NGO-multistakeholder,2011,2011,,in force,global-multilateral,NGO-multistakeholder-scheme,voluntary,market-driven,data-credential-model,mutual-recognition,Product integrity,Greenwashing & ESG/climate misrepresentation,high,"Energy, carbon & environmental claims",high,cross-sector / product carbon footprint,Adjacent: Financial & Institutional,sustainability-carbon,"inconsistent, non-comparable product carbon footprints; greenwashing",adjacent context,ISO 14040/14044 life-cycle assessment; GHG Protocol Corporate Standard,"Developed with participation from roughly 2,300 people across 55 countries over a three-year process, including 112 companies in technical working groups and 38 companies that road-tested the draft standard in 2010 (GHG Protocol, development-phase figures; no post-launch adoption count was located this session). [https://ghgprotocol.org/product-standard]",1,Not found from an authoritative primary source this session. [https://ghgprotocol.org/product-standard],0,No published compliance-cost figure identified,0,https://ghgprotocol.org/product-standard,"ghgprotocol.org confirms WRI/WBCSD product life-cycle GHG standard (launched 2011, corrected reprint Apr 2013) covering cradle-to-grave product emissions across the full life cycle."
225,SBTi Corporate Net-Zero Standard,SBTi Net-Zero Standard,"Science Based Targets initiative (SBTi) - partnership of CDP, UN Global Compact, WRI, WWF, We Mean Business",Science Based Targets initiative - partnership of CDP,NGO-multistakeholder,2021,2021,,in force,global-multilateral,NGO-multistakeholder-scheme,voluntary,market-driven,conformity-assessment-certification,mutual-recognition,Product integrity,Greenwashing & ESG/climate misrepresentation,high,"Energy, carbon & environmental claims",high,cross-sector / climate,Cross-sector Horizontal,sustainability-carbon,non-science-aligned corporate net-zero targets; greenwashing,component standard,"GHG Protocol, IPCC 1.5C pathways, Paris Agreement","Per SBTi's own Trend Tracker 2025 report, corporate net-zero target-setting rose 61% year-on-year; by mid-2025 over 1,400 companies (38% of all companies with SBTi targets) had set net-zero targets, up from 17% in 2023 and 33% in 2024. SBTi's live Target Dashboard currently shows 2,704 companies with net-zero targets among roughly 13,900 with targets or commitments overall. [https://files.sciencebasedtargets.org/production/files/SBTi-Trend-Tracker-2025.pdf]",1,Not found from an authoritative primary source this session. [https://files.sciencebasedtargets.org/production/files/SBTi-Trend-Tracker-2025.pdf],0,No published compliance-cost figure identified,0,https://sciencebasedtargets.org/corporate-net-zero,"sciencebasedtargets.org confirms world's first science-based net-zero framework (first introduced 2021; charity 1205768), covers scopes 1/2/3, validated via SBTi Services; v2.0 launched with validation from Q1 2027."
226,California Low Carbon Fuel Standard,LCFS,California Air Resources Board (CARB),California Air Resources Board,public,2010,2010,,in force,national,binding-regulation,mandatory,mandate-driven,mandating-regulation,standalone-silo,Product integrity,Greenwashing & ESG/climate misrepresentation,high,"Energy, carbon & environmental claims",high,transportation fuels,Excise & Environmental,"sustainability-carbon, compliance-conformity",high carbon-intensity transport fuels; transport-sector GHG emissions,mandate-owner to recognize,CA-GREET life-cycle carbon-intensity model; ISO 14040 LCA (model copied by Oregon/Washington CFP),"262 regulated fuel providers reported 100% compliance in the most recent CARB compliance report located (covering 2017); by 2023, roughly $22.1 billion in LCFS credits had been issued cumulatively since 2013, about 80% to biofuel producers and 19% to electricity pathways (Kleinman Center for Energy Policy, University of Pennsylvania). [https://ww2.arb.ca.gov/news/california-clean-fuels-rule-reports-100-percent-compliance-0]",1,"mixed — CARB's own accounting credits the program with 35.8 million metric tons of GHG reductions since its 2011 launch (9.8 million tons ahead of schedule per its 2017 report), but independent academic review (Kleinman Center, Univ. of Pennsylvania, 2024) finds the program's clearly documented effect has been fuel substitution, with net emissions reductions harder to establish because LCFS uses life-cycle accounting while California's official state GHG inventory is territorial. [https://ww2.arb.ca.gov/news/california-clean-fuels-rule-reports-100-percent-compliance-0]",1,No published compliance-cost figure identified,0,https://ww2.arb.ca.gov/our-work/programs/low-carbon-fuel-standard/lcfs-regulation,"CARB page confirms LCFS regulation approved by OAL and effective 15 Apr 2010, implementation began 1 Jan 2011; mandatory carbon-intensity standard with a tradable LCFS credit market administered by CARB (US state program)."
227,Western Renewable Energy Generation Information System,WREGIS,Western Electricity Coordinating Council (WECC),Western Electricity Coordinating Council,hybrid,2007,2007,,in force,regional,private-industry-scheme,de-facto-required-for-market-access,hybrid,data-credential-model,mutual-recognition,Product integrity,Greenwashing & ESG/climate misrepresentation,high,"Energy, carbon & environmental claims",high,electricity / renewable energy,Excise & Environmental,"origin-provenance, sustainability-carbon, chain-of-custody",double-counting or misrepresentation of renewable energy attributes (greenwashing),sectoral scheme/standard,US state Renewable Portfolio Standards; Green-e / Center for Resource Solutions,"11,849 registered generators and 1,294 account holders across its multi-state territory (CA, CO, NM, NV, OR, UT [joining 2025], WA), per EPA's Status and Trends Report on U.S. Energy Attribute Tracking Systems (January 2025). WREGIS does not make its total certificate-issuance figures public. [https://www.epa.gov/system/files/documents/2025-01/status_and_trends_report_us_energy_attribute_tracking_systems.pdf]",1,Not found from an authoritative primary source this session. [https://www.epa.gov/system/files/documents/2025-01/status_and_trends_report_us_energy_attribute_tracking_systems.pdf],0,No published compliance-cost figure identified,0,https://www.wecc.org/program-areas/wregis,"WECC page confirms WREGIS is an independent web-based REC tracking system for the Western Interconnection, a division of WECC (launched 2007 per contemporaneous energy-press; WECC/CleanCounts software agreement ends Dec 2027, moving to independent 501(c)(4))."
228,Midwest Renewable Energy Tracking System (now CleanCounts),M-RETS,"CleanCounts (formerly M-RETS), nonprofit",CleanCounts,NGO-multistakeholder,2007,2007,,in force,regional,NGO-multistakeholder-scheme,de-facto-required-for-market-access,hybrid,data-credential-model,mutual-recognition,Product integrity,Illicit trade & tax/excise evasion,high,"Energy, carbon & environmental claims",high,electricity / renewable energy (and renewable thermal),Excise & Environmental,"origin-provenance, sustainability-carbon, chain-of-custody",double-counting of clean-energy / environmental attribute certificates,sectoral scheme/standard,US state Renewable Portfolio Standards; Green-e / Center for Resource Solutions,"355,738,312 total renewable energy certificates issued as of 2023 data (up from 73 million in 2014, roughly 5x growth in under a decade); 3,962 registered generators and 684 account holders across its multi-state territory (IA, part of IL, MN, ND, part of OH, WI), per EPA's Status and Trends Report on U.S. Energy Attribute Tracking Systems (January 2025). The rebranded CleanCounts platform separately announced issuing its two-billionth energy attribute certificate in November 2025. [https://www.epa.gov/system/files/documents/2025-01/status_and_trends_report_us_energy_attribute_tracking_systems.pdf]",1,Not found from an authoritative primary source this session. [https://www.epa.gov/system/files/documents/2025-01/status_and_trends_report_us_energy_attribute_tracking_systems.pdf],0,No published compliance-cost figure identified,0,https://cleancounts.org/,"cleancounts.org confirms nonprofit mission-driven environmental-attribute (REC/EAC) tracking platform, formerly M-RETS, 'approaching twentieth year of operation' (est. ~2007), now North America's most expansive registry with hourly tracking."
229,PJM Generation Attribute Tracking System,PJM-GATS,PJM Environmental Information Services (PJM-EIS),PJM Environmental Information Services,private,2005,,https://www.electricnet.com/doc/pjm-eis-launches-environmental-tracking-syste-0001,in force,regional,private-industry-scheme,de-facto-required-for-market-access,hybrid,data-credential-model,mutual-recognition,Product integrity,Greenwashing & ESG/climate misrepresentation,high,"Energy, carbon & environmental claims",high,electricity / renewable energy,Excise & Environmental,"origin-provenance, sustainability-carbon, composition, chain-of-custody","double-counting or misrepresented generation attributes (fuel source, emissions)",sectoral scheme/standard,US state Renewable Portfolio Standards; PJM Interconnection / MISO generation data,"As of July 31, 2024: 436,583 registered generators, 28,100 account holders, and 95,316,892 certificates issued since the system's 2005 launch. PJM-GATS is one of three U.S. ""all-generation"" tracking systems and ranks third by certificate volume behind M-RETS (355.7M) and NAR (264.5M). In Feb. 2023 PJM-EIS announced it would begin issuing hourly, timestamped certificates. [https://www.epa.gov/system/files/documents/2025-01/status_and_trends_report_us_energy_attribute_tracking_systems.pdf]",1,"Reduced-harm — EPA's Jan. 2025 status report on U.S. Energy Attribute Tracking Systems finds such systems (incl. PJM-GATS) ""have succeeded"" in preventing double-counting of renewable energy certificates and ""help bolster market credibility"" and REC liquidity, via single-registration rules, whole-EAC requirements, cross-system retirement on import/export, and automated production-ceiling checks. The same report flags gaps — sparse hourly data, thin non-renewable emissions tracking, low geographic granularity — as areas for future evolution rather than as current failures. [https://www.epa.gov/system/files/documents/2025-01/status_and_trends_report_us_energy_attribute_tracking_systems.pdf]",1,No published compliance-cost figure identified,0,https://www.pjm-eis.com/getting-started/about-GATS.aspx,"PJM-EIS page confirms GATS is a REC trading/tracking platform owned and operated by PJM-EIS, issuing serialized certificates per MWh across DE, DC, IL, MD, NJ, OH, PA, VA, WV; establishment year not stated on source (left blank rather than guessed). [Batch year-fill: 2005 (launched/first operational), high confidence. https://www.electricnet.com/doc/pjm-eis-launches-environmental-tracking-syste-0001]"
230,ISO/IEC 19987 Information technology - EPC Information Services (EPCIS),EPCIS,ISO/IEC JTC 1 (adopted from GS1),ISO / IEC,hybrid,2024,2024,,in force,global-multilateral,voluntary-consensus-standard,voluntary,hybrid,traceability-exchange-protocol,mutual-recognition,Product integrity,Counterfeiting & falsification,high,"Trade, customs & logistics",high,cross-sector supply chain,Cross-sector Horizontal,"chain-of-custody, identity, origin-provenance",fragmented supply-chain visibility; undetected counterfeits/diversion,component standard,GS1 EPCIS; GS1 Core Business Vocabulary (ISO/IEC 19988); GS1 EPC Tag Data Standard,"FDA formally recommends the GS1 EPCIS standard for electronic, interoperable trading-partner data exchange under the U.S. Drug Supply Chain Security Act's enhanced drug-distribution-security requirements, which took effect Nov. 27, 2023. GS1's EPCIS 2.0 content is incorporated in its entirety as ISO/IEC 19987:2024. [https://www.fda.gov/media/171796/download]",1,No published evaluation identified (checked),0,No published compliance-cost figure identified,0,https://www.iso.org/standard/72926.html,"ISO.org confirms ISO/IEC 19987 EPC Information Services standard for creating/sharing visibility event data within and across enterprises; 2017 (Ed.2, EPCIS v1.2) now withdrawn, current edition ISO/IEC 19987:2024 (first ISO/IEC adoption 2015)."
231,ISO/IEC 19988 Information technology - GS1 Core Business Vocabulary (CBV),CBV,ISO/IEC JTC 1 (adopted from GS1),ISO / IEC,hybrid,2024,2024,,in force,global-multilateral,voluntary-consensus-standard,voluntary,hybrid,data-credential-model,mutual-recognition,System interoperability,Interoperability & fragmentation failure,high,Cross-sector conformity assessment & accreditation,medium,cross-sector supply chain,Cross-sector Horizontal,"chain-of-custody, identity",ambiguous supply-chain event data undermining cross-enterprise interoperability,component standard,GS1 CBV; EPCIS (ISO/IEC 19987),No published figure identified (checked),0,No published evaluation identified (checked),0,No published compliance-cost figure identified,0,https://www.iso.org/standard/85558.html,"ISO.org confirms ISO/IEC 19988:2024 Ed.3 (pub. Mar 2024, CBV v2.0), the standardized vocabulary/data values used with EPCIS for shared supply-chain event data (prior editions 2015, 2017)."
232,ISO/IEC 9834-1 Procedures for the operation of object identifier registration authorities - Part 1: General procedures and top arcs of the international OID tree,ISO/IEC 9834-1 (OID),ISO/IEC JTC 1/SC 6 (jointly with ITU-T),ISO / IEC,hybrid,2012,2012,,in force,global-multilateral,voluntary-consensus-standard,voluntary,market-driven,identifier,mutual-recognition,System interoperability,Interoperability & fragmentation failure,high,Cross-sector conformity assessment & accreditation,high,cross-sector IT / telecommunications,Cross-sector Horizontal,identity,identifier collision; non-unique object identifiers across systems,component standard,ITU-T X.660 series; ASN.1 OBJECT IDENTIFIER type,No published figure identified (checked),0,No published evaluation identified (checked),0,No published compliance-cost figure identified,0,https://www.iso.org/standard/58055.html,"ISO.org confirms ISO/IEC 9834-1:2012 Ed.4 (pub. May 2012, confirmed 2025) defining the hierarchical OID tree, top-arc registration, and procedures for operating OID registration authorities (twinned with ITU-T X.660)."
233,GS1 EPC Tag Data Standard (TDS),EPC TDS,GS1 AISBL,GS1 AISBL,NGO-multistakeholder,2025,2025,,in force,global-multilateral,voluntary-consensus-standard,voluntary,market-driven,identifier,mutual-recognition,Product integrity,Counterfeiting & falsification,high,"Trade, customs & logistics",high,retail / logistics / cross-sector,Cross-sector Horizontal,"identity, authenticity-anti-counterfeit",incompatible RFID/EPC encodings; identity collisions enabling counterfeiting,component standard,"Electronic Product Code; GS1 keys (GTIN, SSCC, SGLN); ISO/IEC 18000-63 Gen2 RFID air interface",No published figure identified (checked),0,No published evaluation identified (checked),0,No published compliance-cost figure identified,0,https://ref.gs1.org/standards/tds/,"GS1 reference platform confirms EPC Tag Data Standard v2.3 ratified Oct 2025, published by GS1 AISBL, defining the EPC and its binary encoding on Gen2 RFID tag memory (SGTIN, SSCC, SGLN schemes)."
234,ISO 22381 Security and resilience - Guidelines for establishing interoperability among object identification systems to deter counterfeiting and illicit trade,ISO 22381,ISO (TC 292 Security and resilience),ISO / IEC,hybrid,2018,2018,,in force,global-multilateral,voluntary-consensus-standard,voluntary,market-driven,governance-mutual-recognition,mutual-recognition,Product integrity,Counterfeiting & falsification,high,Cross-sector conformity assessment & accreditation,high (review-corrected),cross-sector (products and documents),Cross-sector Horizontal,"authenticity-anti-counterfeit, identity","counterfeiting and illicit trade; siloed, non-interoperable authentication systems",peer framework,ISO 12931 (authentication performance criteria); ISO 16678 (interoperable object identification),No published figure identified (checked),0,No published evaluation identified (checked),0,No published compliance-cost figure identified,0,https://www.iso.org/standard/73858.html,"ISO.org confirms ISO 22381:2018 Ed.1 (pub. Sep 2018, confirmed Jan 2024), guidelines for interoperability among independently functioning product identification/authentication systems to deter counterfeiting and illicit trade. [Review: sector family corrected from 'Minerals, metals & responsible sourcing' to cross-sector; ISO 22381 concerns cross-sector object-identification interoperability to deter counterfeiting, not minerals.]"
235,ISO/IEC 29115 Information technology - Security techniques - Entity authentication assurance framework,ISO/IEC 29115,ISO/IEC JTC 1/SC 27 (jointly published as ITU-T X.1254),ISO / IEC,hybrid,2013,2013,,in force,global-multilateral,voluntary-consensus-standard,voluntary,market-driven,data-credential-model,mutual-recognition,Identity and personal security,"Fraud, forgery & impersonation",high,Digital identity & civil registration,high,digital identity / e-government / online services,Adjacent: Financial & Institutional,identity,identity fraud; unauthorized access from weak authentication assurance,adjacent context,ITU-T X.1254; informs eIDAS levels of assurance and NIST SP 800-63 alignment,No published figure identified (checked),0,No published evaluation identified (checked),0,No published compliance-cost figure identified,0,https://webstore.ansi.org/standards/iso/isoiec291152013,ANSI webstore confirms ISO/IEC 29115:2013 entity authentication assurance framework specifying four levels of assurance (LoA) and controls to mitigate authentication threats (reaffirmed R2019; under revision).
236,Common Criteria Recognition Arrangement,CCRA,CCRA Management Committee (national IT-security certification and validation bodies),CCRA Management Committee,public,2000,2000,,in force,global-multilateral,accreditation-or-mutual-recognition-arrangement,de-facto-required-for-market-access,hybrid,governance-mutual-recognition,mutual-recognition,System interoperability,Interoperability & fragmentation failure,high,Cybersecurity & software supply chain,high,IT / ICT security products,Cross-sector Horizontal,"compliance-conformity, safety",insecure IT products; duplicated cross-border security evaluations; distrust in procurement,peer framework,Common Criteria (ISO/IEC 15408); ISO/IEC 18045 Common Evaluation Methodology,"31 nations participate in the CCRA per a 2023 NSA/NIAP fact sheet. Earlier NIAP data (as of Aug. 2013) put membership at 26 nations (16 of them certificate-producing), which had collectively certified over 2,100 commercial IT products, with NIAP alone overseeing 460+ evaluations. [https://www.nsa.gov/Portals/75/documents/resources/everyone/2023-02-NIAP_brochure_trifold_1.pdf]",1,No published evaluation identified (checked),0,No published compliance-cost figure identified,0,https://www.commoncriteriaportal.org/ccra/index.cfm,"commoncriteriaportal.org confirms CCRA enables IT products/protection profiles with a CC certificate to be procured/used without re-evaluation; original mutual-recognition arrangement signed May 2000, current arrangement ratified Sep 2014, ~38 member nations."
237,OpenID for Verifiable Presentations 1.0,OID4VP,OpenID Foundation (Digital Credentials Protocols Working Group),OpenID Foundation,NGO-multistakeholder,2025,2025,,in force,global-multilateral,voluntary-consensus-standard,voluntary,hybrid,traceability-exchange-protocol,mutual-recognition,Identity and personal security,"Fraud, forgery & impersonation",high,Digital identity & civil registration,high,digital identity / credential wallets,Cross-sector Horizontal,identity,"identity fraud; siloed, non-interoperable wallet/credential ecosystems",component standard,OAuth 2.0; W3C Verifiable Credentials; SD-JWT; referenced by EU Digital Identity Wallet ARF,"Specified as the credential-presentation protocol in the EU's Architecture and Reference Framework (ARF) for the European Digital Identity (EUDI) Wallet: ""the Wallet Instance implements the OpenID for Verifiable Presentation protocol."" Under Regulation (EU) 2024/1183 (Art. 5a), each of the 27 EU member states must provide at least one such wallet within 24 months of the eIDAS2 implementing acts entering into force. [https://openid.net/specs/openid-4-verifiable-presentations-1_0.html]",1,No published evaluation identified (checked),0,No published compliance-cost figure identified,0,https://openid.net/openid-for-verifiable-presentations-1-0-final-specification-approved/,openid.net confirms OID4VP 1.0 approved as Final Specification 10 Jul 2025 (79-2-17 vote) by the OpenID DCP Working Group; OAuth 2.0-based protocol for requesting and presenting verifiable credentials.
238,OpenID for Verifiable Credential Issuance 1.0,OID4VCI,OpenID Foundation (Digital Credentials Protocols Working Group),OpenID Foundation,NGO-multistakeholder,2025,2025,,in force,global-multilateral,voluntary-consensus-standard,voluntary,hybrid,traceability-exchange-protocol,mutual-recognition,System interoperability,Interoperability & fragmentation failure,high,Digital identity & civil registration,high,digital identity / credential wallets,Cross-sector Horizontal,identity,fragmented credential issuance; barriers to interoperable digital identity,component standard,OAuth 2.0 authorization; W3C Verifiable Credentials; SD-JWT; referenced by EU Digital Identity Wallet ARF,"Specified as the credential-issuance protocol in the EU's EUDI Wallet Architecture and Reference Framework: both the PID Issuance Interface and the Attestation Issuance Interface ""are based on the [OpenID4VCI] protocol,"" underpinning the same 27-member-state eIDAS2 wallet rollout as OID4VP. [https://openid.net/specs/openid-4-verifiable-credential-issuance-1_0.html]",1,No published evaluation identified (checked),0,No published compliance-cost figure identified,0,https://openid.net/openid-for-verifiable-credential-issuance-1-final-specification-approved/,openid.net confirms OID4VCI 1.0 approved as Final Specification 16 Sep 2025 (102-1-12 vote) by the OpenID DCP Working Group; defines an API and OAuth-based authorization for issuing verifiable credentials.
239,EU Artificial Intelligence Act,EU AI Act,European Parliament and Council of the European Union,European Union,public,2024,2024,,phased-in,regional,binding-regulation,mandatory,mandate-driven,mandating-regulation,mutual-recognition,Digital systems and data,AI safety & governance failure,high,AI trust & safety,high,adjacent AI trust,Adjacent: AI Trust,"safety, compliance-conformity",unsafe or rights-violating AI systems,adjacent context,New Legislative Framework; OECD AI system definition; CEN-CENELEC harmonised standards,"Regulation (EU) 2024/1689 was adopted 13 June 2024, published in the Official Journal 12 July 2024, and entered into force 1 Aug 2024, with phased application (prohibitions/AI-literacy from 2 Feb 2025; GPAI-model obligations from 2 Aug 2025; general application 2 Aug 2026; Art. 6(1) and legacy GPAI models from 2 Aug 2027). [https://eur-lex.europa.eu/legal-content/EN/TXT/?uri=CELEX:32024R1689]",1,No published evaluation identified (checked),0,No published compliance-cost figure identified,0,https://eur-lex.europa.eu/eli/reg/2024/1689/oj/eng,"Confirmed on EUR-Lex: Regulation (EU) 2024/1689, adopted 13 Jun 2024 by Parliament and Council, published in the Official Journal; risk-tiered, staggered application through 2027."
241,NIST AI Risk Management Framework 1.0 (NIST AI 100-1),NIST AI RMF,"NIST, U.S. Department of Commerce",NIST,public,2023,2023,,in force,national,govt-referenced-standard,voluntary,market-driven,governance-mutual-recognition,mutual-recognition,Digital systems and data,AI safety & governance failure,high,AI trust & safety,high,adjacent AI trust,Adjacent: AI Trust,"safety, compliance-conformity","unmanaged AI risks (bias, safety, security)",adjacent context,OECD AI Principles; ISO/IEC 23894,"Cited in U.S. OMB Memorandum M-24-10 (28 March 2024) as a source of additional AI risk-management best practices federal agencies should draw on, layered on top of the memo's own minimum practices for safety- and rights-impacting AI use. [https://www.whitehouse.gov/wp-content/uploads/2024/03/M-24-10-Advancing-Governance-Innovation-and-Risk-Management-for-Agency-Use-of-Artificial-Intelligence.pdf]",1,No published evaluation identified (checked),0,No published compliance-cost figure identified,0,https://www.nist.gov/itl/ai-risk-management-framework,Confirmed on nist.gov: NIST AI 100-1 released 26 Jan 2023 by NIST/ITL; explicitly intended for voluntary use to build trustworthiness into AI (Govern/Map/Measure/Manage functions).
242,NIST AI RMF Generative AI Profile (NIST AI 600-1),NIST GenAI Profile,"NIST, U.S. Department of Commerce",NIST,public,2024,2024,,in force,national,govt-referenced-standard,voluntary,market-driven,governance-mutual-recognition,mutual-recognition,Digital systems and data,AI safety & governance failure,high,AI trust & safety,high,adjacent AI trust,Adjacent: AI Trust,"safety, authenticity-anti-counterfeit","generative-AI harms (CBRN uplift, disinformation, CSAM)",adjacent context,NIST AI RMF 1.0; Executive Order 14110,"NIST published an official crosswalk (May 2025) mapping AI 600-1 point-by-point to Singapore's IMDA AI Verify Testing Framework, ""supporting organisations in aligning their AI work with U.S. and Singapore recommendations"" — evidence of its use as a cross-jurisdictional benchmarking reference. [https://airc.nist.gov/documents/1/20250527-Crosswalk_NIST_600-1_IMDA_AI_Verify.pdf]",1,No published evaluation identified (checked),0,No published compliance-cost figure identified,0,https://nvlpubs.nist.gov/nistpubs/ai/NIST.AI.600-1.pdf,"Confirmed via NIST publication PDF: NIST AI 600-1, published Jul 2024, companion Generative AI Profile to the AI RMF (developed pursuant to EO 14110); voluntary."
243,ISO/IEC 42001:2023 Information technology — Artificial intelligence — Management system,AIMS / ISO 42001,ISO/IEC JTC 1/SC 42,ISO / IEC,private,2023,2023,,in force,global-multilateral,voluntary-consensus-standard,voluntary,market-driven,conformity-assessment-certification,mutual-recognition,Digital systems and data,AI safety & governance failure,high,AI trust & safety,high,adjacent AI trust,Adjacent: AI Trust,"compliance-conformity, safety",ungoverned AI development and deployment,adjacent context,ISO harmonised structure (Annex SL); ISO/IEC 22989; ISO/IEC 23894,"BSI became an accredited AI-management-system certification body in Dec. 2024 and certified early adopters (e.g., Darktrace) shortly after. Independent market tracking (AI Compliance Vendors, citing certification-body disclosures) counted 350+ organizations holding ISO/IEC 42001 certificates worldwide by April 2026, ""rising sharply""; the standard was not yet included in the official ISO Survey as of the 2024 edition. [https://www.bsigroup.com/en-GB/insights-and-media/media-centre/press-releases/2024/december/bsi-announced-as-an-accredited-ai-management-system-certification-body/]",1,No published evaluation identified (checked),0,No published compliance-cost figure identified,0,https://www.iso.org/standard/42001,"Confirmed on iso.org: ISO/IEC 42001:2023, edition 1 (Dec 2023); the world's first certifiable AI management system standard (Plan-Do-Check-Act)."
244,ISO/IEC 23894:2023 Artificial intelligence — Guidance on risk management,ISO 23894,ISO/IEC JTC 1/SC 42,ISO / IEC,private,2023,2023,,in force,global-multilateral,voluntary-consensus-standard,voluntary,market-driven,governance-mutual-recognition,mutual-recognition,Digital systems and data,AI safety & governance failure,high,AI trust & safety,high,adjacent AI trust,Adjacent: AI Trust,"safety, compliance-conformity",unmanaged AI-specific risk,adjacent context,ISO 31000; ISO/IEC 22989,Published 2023 by ISO/IEC JTC 1/SC 42; used as the risk-management guidance referenced alongside the ISO/IEC 42001 AI management system certification scheme that began issuing certificates in 2024-2025 (no independent penetration/scale figure verified this session). [https://aistandardshub.org/a-new-standard-for-ai-risk-management],1,No published evaluation identified (checked),0,No published compliance-cost figure identified,0,https://www.iso.org/standard/77304.html,"Confirmed on iso.org: ISO/IEC 23894:2023, edition 1 (6 Feb 2023); AI-specific risk management guidance adapting ISO 31000 for AI."
245,ISO/IEC TR 24028:2020 Overview of trustworthiness in artificial intelligence,ISO TR 24028,ISO/IEC JTC 1/SC 42,ISO / IEC,private,2020,2020,,in force,global-multilateral,voluntary-consensus-standard,voluntary,market-driven,governance-mutual-recognition,mutual-recognition,Digital systems and data,AI safety & governance failure,high,AI trust & safety,high,adjacent AI trust,Adjacent: AI Trust,"safety, compliance-conformity",untrustworthy AI systems,adjacent context,"Technical Report from ISO/IEC JTC 1/SC 42 with no normative references, but its informative/bibliographic references and terminology draw on ISO/IEC 2382:2015, ISO/IEC 27000:2016, ISO 9000:2005, ISO/IEC Guide 51:2014 and ISO 31000:2018; it served as foundational survey work that fed into later SC 42 AI trustworthiness standards (e.g. ISO/IEC 42001, 23894, 42005).",No published figure identified (checked),0,No published evaluation identified (checked),0,No published compliance-cost figure identified,0,https://www.iso.org/standard/77608.html,"Confirmed on iso.org: ISO/IEC TR 24028:2020, edition 1 (May 2020), a Technical Report defining AI trustworthiness concepts (transparency, explainability, controllability, robustness)."
246,ISO/IEC 42005:2025 Artificial intelligence (AI) — AI system impact assessment,ISO 42005,ISO/IEC JTC 1/SC 42,ISO / IEC,private,2025,2025,,in force,global-multilateral,voluntary-consensus-standard,voluntary,market-driven,conformity-assessment-certification,mutual-recognition,Digital systems and data,AI safety & governance failure,high,AI trust & safety,high,adjacent AI trust,Adjacent: AI Trust,"safety, compliance-conformity",unassessed AI impacts on individuals and society,adjacent context,ISO/IEC 42001; ISO/IEC 23894,No published figure identified (checked),0,No published evaluation identified (checked),0,No published compliance-cost figure identified,0,https://www.iso.org/standard/42005,"Confirmed on iso.org: ISO/IEC 42005:2025, edition 1 (May 2025); guidance for documenting AI system impact assessments across the lifecycle."
247,ISO/IEC 42006:2025 Requirements for bodies providing audit and certification of AI management systems,ISO 42006,ISO/IEC JTC 1/SC 42,ISO / IEC,private,2025,2025,,in force,global-multilateral,accreditation-or-mutual-recognition-arrangement,voluntary,market-driven,accreditation,mutual-recognition,Digital systems and data,AI safety & governance failure,high,AI trust & safety,high,adjacent AI trust,Adjacent: AI Trust,compliance-conformity,inconsistent or unreliable AI certification,adjacent context,ISO/IEC 17021-1; ISO/IEC 42001; ISO/IEC 17065,No published figure identified (checked),0,No published evaluation identified (checked),0,No published compliance-cost figure identified,0,https://www.iso.org/standard/42006,"Confirmed on iso.org: ISO/IEC 42006:2025, edition 1 (Jul 2025); sets competence requirements for bodies certifying ISO/IEC 42001 AIMS, building on ISO/IEC 17021-1."
253,Model Cards for Model Reporting,Model Cards,"Google (Mitchell, Gebru et al.), published at ACM FAT* 2019",Google,private,2019,2019,,in force,sectoral,private-industry-scheme,voluntary,market-driven,data-credential-model,mutual-recognition,Digital systems and data,AI safety & governance failure,high,AI trust & safety,high,adjacent AI trust,Adjacent: AI Trust,"origin-provenance, compliance-conformity",opaque models misapplied in high-stakes settings,adjacent context,"Follow-on work explicitly building on the 'Datasheets for Datasets' documentation-transparency concept, extending it from datasets to trained models.","2,948 citations recorded (Semantic Scholar, as retrieved this session) for the original 2019 FAT*/ACM paper; the model-card concept was subsequently adopted as a de facto documentation standard by Hugging Face and other major ML platforms/organizations. [https://dl.acm.org/doi/10.1145/3287560.3287596]",1,No published evaluation identified (checked),0,No published compliance-cost figure identified,0,https://arxiv.org/abs/1810.03993,"Confirmed via arXiv 1810.03993: Mitchell, Wu, Zaldivar, Barnes, Vasserman, Hutchinson, Spitzer, Raji, Gebru; presented at ACM FAT* 2019; proposes standardized 'model card' documentation of model performance, intended use and limitations across groups; now de-facto convention (HuggingFace, Google)."
254,Datasheets for Datasets,Datasheets,Gebru et al. (Microsoft Research / academia); published in Communications of the ACM,Gebru et al. ; published in Communications of the ACM,private,2021,2021,,in force,sectoral,private-industry-scheme,voluntary,market-driven,data-credential-model,mutual-recognition,Digital systems and data,"Data, research & assurance integrity failure",high,AI trust & safety,high,adjacent AI trust,Adjacent: AI Trust,"origin-provenance, composition",undocumented dataset bias and misuse,adjacent context,(no explicit dependency identified),"Per the ACM Communications retrospective, academic researchers adopted the proposal and released datasets with accompanying datasheets, and Microsoft, Google, and IBM piloted the approach internally; it directly inspired Google's Model Cards, IBM's FactSheets, the Data Nutrition Project's Dataset Nutrition Label, and Partnership on AI's cross-industry documentation guidance. [https://cacm.acm.org/research/datasheets-for-datasets]",1,No published evaluation identified (checked),0,No published compliance-cost figure identified,0,https://arxiv.org/abs/1803.09010,"Confirmed via arXiv 1803.09010: Gebru, Morgenstern, Vecchione, Wortman Vaughan, Wallach, Daume III, Crawford; published in Communications of the ACM (Dec 2021); proposes standardized dataset documentation (motivation, composition, collection, recommended uses)."
255,Model AI Governance Framework for Generative AI (Singapore),Singapore MGF-GenAI,"AI Verify Foundation and IMDA (Infocomm Media Development Authority), Singapore",AI Verify Foundation and IMDA,hybrid,2024,2024,,in force,national,govt-referenced-standard,voluntary,market-driven,governance-mutual-recognition,mutual-recognition,Digital systems and data,AI safety & governance failure,high,AI trust & safety,high,adjacent AI trust,Adjacent: AI Trust,"safety, authenticity-anti-counterfeit",generative-AI harms without governance guardrails,adjacent context,Singapore Model AI Governance Framework (2019/2020); NIST AI RMF; ISO/IEC 42001,"Published 19 June 2024, jointly by Singapore's Infocomm Media Development Authority (IMDA) and the AI Verify Foundation. [https://aiverifyfoundation.sg/wp-content/uploads/2024/06/Model-AI-Governance-Framework-for-Generative-AI-19-June-2024.pdf]",1,No published evaluation identified (checked),0,No published compliance-cost figure identified,0,https://aiverifyfoundation.sg/wp-content/uploads/2024/06/Model-AI-Governance-Framework-for-Generative-AI-19-June-2024.pdf,"Confirmed via AI Verify Foundation PDF: published 30 May 2024 by AI Verify Foundation and IMDA; voluntary framework with nine dimensions (accountability, data governance, trusted development/deployment, incident reporting, testing/assurance, security, content provenance, safety/alignment R&D, AI for public good)."
269,Starling Framework for Data Integrity (Starling Lab),Starling,Starling Lab for Data Integrity (Stanford Dept. of Electrical Engineering + USC Shoah Foundation),Starling Lab for Data Integrity,NGO-multistakeholder,2021,2021,,in force,global-multilateral,NGO-multistakeholder-scheme,voluntary,market-driven,traceability-exchange-protocol,mutual-recognition,Digital systems and data,"Data, research & assurance integrity failure",high,Content & media integrity,high,adjacent content trust / human rights & journalism,Adjacent: Content & Information,"authenticity-anti-counterfeit, chain-of-custody, origin-provenance","tampered evidence, disinformation",adjacent context,"C2PA, IPFS/Filecoin (decentralized storage), cryptographic hashing","Applied by Starling Lab with Hala Systems to prepare a cryptographic evidence submission on alleged war crimes (Kharkiv school strikes) filed with the International Criminal Court on 10 June 2022 — registering content hashes across seven blockchains (Avalanche, Hedera, Flow, Polkadot/Moonbeam, Bitcoin, Ethereum, LikeCoin) plus Filecoin/Storj storage, per an official USC Shoah Foundation announcement (Starling Lab's institutional home). [https://sfi.usc.edu/news/2022/06/33571-starling-lab-and-hala-systems-file-cryptographic-submission-evidence-war-crimes]",1,No published evaluation identified (checked),0,No published compliance-cost figure identified,0,https://www.starlinglab.org/about-us/,"Confirmed via Starling Lab about page: joint Stanford (EE) + USC Shoah Foundation lab; program began Oct 2018, formally launched June 2021; open-source Capture-Store-Verify framework using cryptography, Web3/decentralized ledgers to establish media provenance, authenticity and integrity."
270,ORCID (Open Researcher and Contributor ID),ORCID,"ORCID, Inc. (non-profit)",ORCID,NGO-multistakeholder,2012,2012,,in force,global-multilateral,NGO-multistakeholder-scheme,voluntary,hybrid,identifier,mutual-recognition,Digital systems and data,"Data, research & assurance integrity failure",high,Digital identity & civil registration,high,adjacent research and data trust,Adjacent: Research & Data,identity,author name ambiguity / misattributed research,adjacent context,"ISO 27729 (ISNI), ISO/IEC 7064","Over 20 million ORCID iDs issued in total, with about 9 million records actively used in 2024 (UNESCO Open Science Hub, citing ORCID's own data). [https://www.unesco.org/en/open-science/inclusive-science/orcid-identifying-researchers-and-tracing-authorship-unique-ids]",1,No published evaluation identified (checked),0,No published compliance-cost figure identified,0,https://support.orcid.org/hc/en-us/articles/360006897674-Structure-of-the-ORCID-Identifier,Confirmed 16-digit ISO 27729 (ISNI)-compatible iD with ISO/IEC 7064 MOD 11-2 checksum; open non-profit registry publicly launched Oct 2012.
271,Contributor Roles Taxonomy (ANSI/NISO Z39.104-2022),CRediT,National Information Standards Organization (NISO),National Information Standards Organization,NGO-multistakeholder,2022,2022,,in force,global-multilateral,voluntary-consensus-standard,voluntary,market-driven,data-credential-model,mutual-recognition,Digital systems and data,"Data, research & assurance integrity failure",high,Research & data integrity,high,adjacent research and data trust,Adjacent: Research & Data,identity,opaque or unfair authorship credit,adjacent context,CASRAI CRediT taxonomy (origin),"The WTO states that 80-90% of world trade relies on trade finance (trade credit and insurance/guarantees), mostly short-term — the backbone instrument set that includes documentary letters of credit. The WTO page does not give a standalone dollar figure or LC-specific volume.",1,No published outcome evaluation identified,0,Instruments carry bank fees and documentary-compliance costs; documentary LC use has been declining relative to open-account trade.,1,https://www.niso.org/publications/z39104-2022-credit,"Confirmed ANSI/NISO Z39.104-2022, 14 contributor roles, approved Jan and published Feb 2022 by NISO (ANSI-accredited)."
272,Crossref DOI registration agency,Crossref,"Publishers International Linking Association, Inc. d/b/a Crossref (non-profit)",Publishers International Linking Association,NGO-multistakeholder,2000,2000,,in force,global-multilateral,NGO-multistakeholder-scheme,voluntary,market-driven,identifier,mutual-recognition,Digital systems and data,"Data, research & assurance integrity failure",high,Research & data integrity,high,adjacent research and data trust,Adjacent: Research & Data,identity,"link rot / uncitable, unfindable research",adjacent context,"ISO 26324 (DOI), Handle System","23,622 member organizations across 164 countries, having registered approximately 175 million DOI records, as of 2025 (Crossref's own membership-history blog post). [https://www.crossref.org/blog/crossref-members-over-the-years-a-journey-through-space-and-time/]",1,No published evaluation identified (checked),0,No published compliance-cost figure identified,0,https://www.crossref.org/membership/,"Confirmed non-profit (PILA d/b/a Crossref) founded 2000, >25,000 members in 167 countries; DOI registration agency for scholarly content."
273,DataCite DOI registration for research data,DataCite,DataCite e.V. (non-profit),DataCite e.V,NGO-multistakeholder,2009,2009,,in force,global-multilateral,NGO-multistakeholder-scheme,voluntary,market-driven,identifier,mutual-recognition,Digital systems and data,"Data, research & assurance integrity failure",high,Research & data integrity,high,adjacent research and data trust,Adjacent: Research & Data,"identity, origin-provenance",uncitable / non-reproducible research datasets,adjacent context,"ISO 26324 (DOI), FAIR principles","1,557 member organizations in 2024 (up 14.2% from 1,363 in 2022); approximately 20 million DOIs were registered in 2024 alone, bringing the cumulative total since 2009 to roughly 71.8 million DOIs (DataCite Annual Report 2024). [https://datacite.org/wp-content/uploads/2025/04/DataCite_Annual_Report_2024_Final.pdf]",1,No published evaluation identified (checked),0,No published compliance-cost figure identified,0,https://datacite.org/blog/how-it-all-began/,"Confirmed founded 1 Dec 2009 in London by an international library consortium (TIB, British Library, others) as a not-for-profit DOI agency for research data."
274,COPE Core Practices,COPE,Committee on Publication Ethics (COPE),Committee on Publication Ethics,NGO-multistakeholder,2017,2017,,in force,global-multilateral,NGO-multistakeholder-scheme,voluntary,market-driven,governance-mutual-recognition,mutual-recognition,Digital systems and data,"Data, research & assurance integrity failure",high,Research & data integrity,high,adjacent research and data trust,Adjacent: Research & Data,"compliance-conformity, authenticity-anti-counterfeit",research misconduct / fraudulent publications,adjacent context,COPE Code of Conduct / Good Publication Practice (1999),"COPE states it works with 'over 15,000 members' worldwide (publicationethics.org membership page, current as of a February 2025 update). [https://publicationethics.org/about/what-we-do/our-story/history-code-conduct]",1,No published evaluation identified (checked),0,No published compliance-cost figure identified,0,https://publicationethics.org/about/what-we-do/our-story/history-code-conduct,Confirmed Core Practices published 2017 replacing the 1999 Code of Conduct; COPE is a registered charity/company in England and Wales.
275,FAIR Guiding Principles for scientific data management and stewardship,FAIR,"Wilkinson, Dumontier et al. (FORCE11 origin); stewarded by GO FAIR Initiative",Wilkinson,NGO-multistakeholder,2016,2016,,in force,global-multilateral,voluntary-consensus-standard,voluntary,hybrid,governance-mutual-recognition,mutual-recognition,Digital systems and data,"Data, research & assurance integrity failure",high,Research & data integrity,high,adjacent research and data trust,Adjacent: Research & Data,"identity, origin-provenance",irreproducible / unreusable research data,adjacent context,ISO/IEC 17065,"Adopted as a mandatory funder requirement across the EU's Horizon Europe programme (2021–2027, ~€95.5B): grant recipients must manage data 'in line with the FAIR principles' via an EC-mandated Data Management Plan template. [https://www.nature.com/articles/sdata201618]",1,No quantified outcome/verdict study found this session (only adoption/mandate evidence located). [https://www.nature.com/articles/sdata201618],0,No published compliance-cost figure identified,0,https://www.nature.com/articles/sdata201618,"Confirmed published 15 Mar 2016 in Scientific Data (3:160018) by Wilkinson, Dumontier + 71 co-authors; Findable, Accessible, Interoperable, Reusable."
276,WHO International Clinical Trials Registry Platform & Trial Registration Data Set,ICTRP / WHO TRDS,World Health Organization (WHO),World Health Organization,public,2006,,https://cdn.who.int/media/docs/default-source/clinical-trials/flyer_ictrp_foldable_en.pdf,in force,global-multilateral,govt-referenced-standard,de-facto-required-for-market-access,hybrid,governance-mutual-recognition,mutual-recognition,Digital systems and data,"Data, research & assurance integrity failure",high,Research & data integrity,high,adjacent research and data trust,Adjacent: Research & Data,"identity, compliance-conformity, safety",hidden / unreported clinical trials; medical publication bias,adjacent context,WHO Trial Registration Data Set; ICMJE registration policy,"WHO Global Observatory on Health R&D (data through June 2025, published Nov 2025): 197,090 trials registered by the USA, 163,704 by China, and 94,141 by India cumulatively 1999–June 2025 across ICTRP's linked primary registries. [https://www.who.int/observatories/global-observatory-on-health-research-and-development/monitoring/number-of-trial-registrations-by-year-location-disease-and-phase-of-development]",1,No published evaluation identified (checked),0,No published compliance-cost figure identified,0,https://www.who.int/tools/clinical-trials-registry-platform,"Confirmed WHO platform aggregating WHO-standard primary registries via an internationally-agreed Trial Registration Data Set; itself not a registry (year of establishment not shown on source, left blank). [Batch year-fill: 2006 (established), high confidence. https://cdn.who.int/media/docs/default-source/clinical-trials/flyer_ictrp_foldable_en.pdf]"
277,"ClinicalTrials.gov (FDAAA 801 & Final Rule, 42 CFR Part 11)",,US National Institutes of Health / National Library of Medicine (NIH/NLM); HHS/FDA statute,US National Institutes of Health / National Library of Medicine ; HHS/FDA statute,public,2007,2007,,in force,national,binding-regulation,mandatory,mandate-driven,mandating-regulation,mutual-recognition,Digital systems and data,"Data, research & assurance integrity failure",high,Research & data integrity,high,adjacent research and data trust,Adjacent: Research & Data,"identity, compliance-conformity, safety",unreported trial results endangering patients,adjacent context,WHO Trial Registration Data Set; ICMJE policy,No published figure identified (checked),0,"limited — Anderson et al., NEJM 2015 ('Compliance with Results Reporting at ClinicalTrials.gov'): only 13.4% of 'highly likely applicable' trials reported results within the legally mandated 12-month window; only 38.3% ever reported within 5 years, despite the FDAAA legal requirement. [https://www.nejm.org/doi/full/10.1056/NEJMsa1409364]",1,No published compliance-cost figure identified,0,https://grants.nih.gov/policy-and-compliance/policy-topics/clinical-trials/reporting/understanding,Confirmed operated by NIH/NLM; FDAAA 801 (2007 statute) and 42 CFR Part 11 Final Rule (2016) mandate registration and summary-results reporting for applicable clinical trials.
278,Gaia-X Trust Framework,Gaia-X,Gaia-X European Association for Data and Cloud (AISBL),Gaia-X European Association for Data and Cloud,hybrid,2022,,https://docs.gaia-x.eu/policy-rules-committee/trust-framework/22.04/,in force,regional,NGO-multistakeholder-scheme,voluntary,market-driven,conformity-assessment-certification,mutual-recognition,System interoperability,Interoperability & fragmentation failure,medium,Research & data integrity,high,adjacent research and data trust,Adjacent: Research & Data,"identity, compliance-conformity",distrust and loss of sovereignty in cloud/data sharing,adjacent context,"W3C Verifiable Credentials, W3C Linked Data",No published figure identified (checked),0,No published evaluation identified (checked),0,No published compliance-cost figure identified,0,https://gaia-x.gitlab.io/policy-rules-committee/trust-framework/gaia-x_trust_framework/,"Confirmed defines minimum-baseline compliance rules, labelling criteria, and W3C VC-based signed self-descriptions for the Gaia-X ecosystem; published by Gaia-X AISBL Policy Rules Committee (continuously versioned, no single year). [Batch year-fill: 2022 (first published/adopted (earliest versioned release ""22.04"", i.e., April 2022, of the Gaia-X Trust Framework, formerly the Gaia-X Compliance and Labelling Framework)), high confidence. https://docs.gaia-x.eu/policy-rules-committee/trust-framework/22.04/]"
279,International Data Spaces Reference Architecture Model,IDS-RAM,International Data Spaces Association (IDSA),International Data Spaces Association,NGO-multistakeholder,2019,2019,,in force,global-multilateral,private-industry-scheme,voluntary,market-driven,traceability-exchange-protocol,mutual-recognition,Digital systems and data,"Data, research & assurance integrity failure",high,Research & data integrity,high,adjacent research and data trust,Adjacent: Research & Data,"chain-of-custody, origin-provenance, compliance-conformity",loss of data sovereignty / control in data sharing,adjacent context,IDS Information Model; Fraunhofer Industrial Data Space,"IDSA Data Connector Report No. 13 (March 2024, official IDSA publication): 33 connectors documented across ~25+ organisations, but only 2 connectors (Telekom DIH Connector; TNO Security Gateway) had achieved formal IDS Certification as of that report. [https://internationaldataspaces.org/wp-content/uploads/dlm_uploads/IDSA-Data-Connector-Report-89-No-13-March-2024-5.pdf]",1,No published evaluation identified (checked),0,No published compliance-cost figure identified,0,https://internationaldataspaces.org/offers/reference-architecture/,"Confirmed IDSA-published conceptual framework for sovereign data exchange (data sovereignty, technically-enforced usage control, connectors); RAM 3.0 dated 2019 with v4/v5 in progress."
280,"Data Governance Act, Regulation (EU) 2022/868",DGA,European Union (European Parliament & Council),European Union,public,2022,2022,,in force,regional,binding-regulation,mandatory,mandate-driven,mandating-regulation,mutual-recognition,Digital systems and data,"Data, research & assurance integrity failure",high,Research & data integrity,high,adjacent research and data trust,Adjacent: Research & Data,"identity, compliance-conformity, origin-provenance",distrust in data sharing; data monopolies,adjacent context,GDPR (Reg 2016/679); amends Reg (EU) 2018/1724,"European Commission's official data-intermediary-services page: 33 data intermediation services notified/registered under the DGA across at least 8 EU Member States (e.g. France 12, Netherlands 10, Belgium 3), as progressively reported by Member States to the Commission. [https://digital-strategy.ec.europa.eu/en/policies/data-intermediary-services]",1,No published evaluation identified (checked),0,No published compliance-cost figure identified,0,https://eur-lex.europa.eu/eli/reg/2022/868/oj/eng,"Confirmed Reg (EU) 2022/868 adopted 30 May 2022, published 3 Jun 2022, entered force 23 Jun 2022; governs data intermediation services, data altruism, and re-use of protected public-sector data."
281,ISO/IEC 38505-1:2017 Governance of data,ISO/IEC 38505-1,ISO / IEC (JTC 1),ISO / IEC,NGO-multistakeholder,2017,2017,,in force,global-multilateral,voluntary-consensus-standard,voluntary,market-driven,governance-mutual-recognition,standalone-silo,Digital systems and data,"Data, research & assurance integrity failure",high,Research & data integrity,high,adjacent research and data trust,Adjacent: Research & Data,compliance-conformity,poor organizational data stewardship / misuse,adjacent context,ISO/IEC 38500,No published figure identified (checked),0,No published evaluation identified (checked),0,No published compliance-cost figure identified,0,https://www.iso.org/standard/56639.html,Confirmed ISO/IEC 38505-1:2017 applies the ISO/IEC 38500 governance principles/model to the governance of data for organizational governing bodies; published 2017.
282,CoreTrustSeal Trustworthy Data Repositories Requirements,CoreTrustSeal / CTS,CoreTrustSeal Standards and Certification Board,CoreTrustSeal Standards and Certification Board,NGO-multistakeholder,2017,2017,,in force,global-multilateral,NGO-multistakeholder-scheme,voluntary,market-driven,conformity-assessment-certification,mutual-recognition,Digital systems and data,"Data, research & assurance integrity failure",high,Research & data integrity,high,adjacent research and data trust,Adjacent: Research & Data,"compliance-conformity, chain-of-custody",untrustworthy long-term research data preservation / loss,adjacent context,Data Seal of Approval; ICSU World Data System certification; ISO 16363,160 repositories currently hold CoreTrustSeal certification (current count per the official CoreTrustSeal site). [https://www.coretrustseal.org/about/history/],1,No published evaluation identified (checked),0,No published compliance-cost figure identified,0,https://www.coretrustseal.org/why-certification/requirements/,Confirmed certification of trustworthy data repositories against equally-weighted requirements assessed by peer review; governed by CoreTrustSeal Board (The Hague); requirements versions run from 2017-2019 onward.
283,Research Organization Registry,ROR,"California Digital Library, Crossref & DataCite (joint governance)",California Digital Library,NGO-multistakeholder,2019,2019,,in force,global-multilateral,NGO-multistakeholder-scheme,voluntary,market-driven,identifier,mutual-recognition,Digital systems and data,"Data, research & assurance integrity failure",high,Research & data integrity,high,adjacent research and data trust,Adjacent: Research & Data,identity,institutional affiliation ambiguity in research metadata,adjacent context,GRID (Global Research Identifier Database),"Over 120,000 organization records as of 2025 (ROR added 8,637 new records in 2024 alone, per ROR's own reporting). [https://ror.org/about/history/]",1,No published evaluation identified (checked),0,No published compliance-cost figure identified,0,https://ror.org/about/,"Confirmed launched Jan 2019; open CC0 registry of persistent research-organization IDs jointly governed by CDL, Crossref and DataCite; default org ID in Crossref/DataCite/ORCID metadata."
284,Registered Reports,,Center for Open Science (COS) (coordinator); adopted by 300+ journals,Center for Open Science ; adopted by 300+ journals,NGO-multistakeholder,2014,2014,,in force,global-multilateral,NGO-multistakeholder-scheme,voluntary,market-driven,governance-mutual-recognition,mutual-recognition,Digital systems and data,"Data, research & assurance integrity failure",high,Research & data integrity,high,adjacent research and data trust,Adjacent: Research & Data,"compliance-conformity, authenticity-anti-counterfeit","publication bias, p-hacking, irreproducible findings",adjacent context,Study pre-registration; clinical-trial registration model,No published figure identified (checked),0,"reduced-harm — Scheel, Schijen & Lakens (2021), Advances in Methods and Practices in Psychological Science: standard psychology literature shows 96% positive results vs. only 44% positive results in Registered Reports, indicating Registered Reports substantially counteract publication/positive-results bias. [https://journals.sagepub.com/doi/10.1177/25152459211007467]",1,No published compliance-cost figure identified,0,https://www.cos.io/initiatives/registered-reports,"Confirmed two-stage peer review with in-principle acceptance before data collection/results; coordinated by Center for Open Science; emerged 2014, offered by 300+ journals."
285,International Standards on Auditing,ISA,"International Auditing and Assurance Standards Board (IAASB), under IFAC",International Auditing and Assurance Standards Board,NGO-multistakeholder,2025,2025 handbook (ISAs ongoing since 1991),,in force,global-multilateral,voluntary-consensus-standard,de-facto-required-for-market-access,hybrid,conformity-assessment-certification,mutual-recognition,Financial integrity,"Financial crime, AML & mispriced risk",high,Financial services & AML,high,adjacent financial and institutional trust,Adjacent: Financial & Institutional,compliance-conformity,financial misstatement / investor deception,adjacent context,"IESBA Code of Ethics, ISQM 1","IFAC 2024 Global Adoption Status Snapshot (data as of 31 Dec 2023, published Jan 2025): 100 jurisdictions have adopted ISA, representing over 90% of IFAC member jurisdictions — up from 90 jurisdictions in the 2019 snapshot. [https://ifacweb.blob.core.windows.net/publicfiles/2024-12/IFAC-International-Standards-2024-Global-Adoption-Snapshot.pdf]",1,No published evaluation identified (checked),0,No published compliance-cost figure identified,0,https://www.iaasb.org/standards-pronouncements,"IAASB Standards & Pronouncements page and 2025 Handbook confirm IAASB issues ISAs (e.g. ISA 240, ISA 570) as global auditing standards."
286,IFRS S1 General Requirements for Disclosure of Sustainability-related Financial Information,IFRS S1,"International Sustainability Standards Board (ISSB), IFRS Foundation",International Sustainability Standards Board,NGO-multistakeholder,2023,2023,,in force,global-multilateral,voluntary-consensus-standard,voluntary,hybrid,data-credential-model,mutual-recognition,Product integrity,Greenwashing & ESG/climate misrepresentation,high,Financial services & AML,high,adjacent financial and institutional trust,Adjacent: Financial & Institutional,"sustainability-carbon,compliance-conformity",greenwashing / opaque sustainability risk,adjacent context,"TCFD, SASB Standards, Integrated Reporting Framework","S&P Global Sustainable1 (published 25 Mar 2025): 15 jurisdictions have adopted the ISSB standards (IFRS S1/S2) on a voluntary or mandatory basis with reporting effective Jan 1, 2024 or Jan 1, 2025; a further 21 jurisdictions are planning future adoption. [https://www.spglobal.com/sustainable1/en/insights/march-2025-where-does-the-world-stand-on-issb-adoption]",1,No published evaluation identified (checked),0,No published compliance-cost figure identified,0,https://www.ifrs.org/issued-standards/ifrs-sustainability-standards-navigator/ifrs-s1-general-requirements/,"IFRS.org confirms ISSB issued IFRS S1 June 2023, effective annual periods on/after 1 Jan 2024."
287,IFRS S2 Climate-related Disclosures,IFRS S2,"International Sustainability Standards Board (ISSB), IFRS Foundation",International Sustainability Standards Board,NGO-multistakeholder,2023,2023,,in force,global-multilateral,voluntary-consensus-standard,voluntary,hybrid,data-credential-model,mutual-recognition,Product integrity,Greenwashing & ESG/climate misrepresentation,high,"Energy, carbon & environmental claims",high,adjacent financial and institutional trust,Adjacent: Financial & Institutional,sustainability-carbon,greenwashing / undisclosed climate risk,adjacent context,"TCFD recommendations, SASB Standards","Same S&P Global tracking (25 Mar 2025) as IFRS S1: 15 jurisdictions adopted (S1 and S2 are adopted as a pair in nearly all jurisdictions), 21 more planning adoption. [https://www.spglobal.com/sustainable1/en/insights/march-2025-where-does-the-world-stand-on-issb-adoption]",1,No published evaluation identified (checked),0,No published compliance-cost figure identified,0,https://www.ifrs.org/issued-standards/ifrs-sustainability-standards-navigator/ifrs-s2-climate-related-disclosures/,"IFRS.org confirms ISSB issued IFRS S2 June 2023, effective 1 Jan 2024, integrates and builds on TCFD and SASB."
288,Core Principles for Effective Deposit Insurance Systems,IADI CP,International Association of Deposit Insurers (IADI),International Association of Deposit Insurers,hybrid,2014,2014 (revised 2025),,in force,global-multilateral,govt-referenced-standard,voluntary,hybrid,governance-mutual-recognition,mutual-recognition,Financial integrity,"Financial crime, AML & mispriced risk",high,Financial services & AML,high,adjacent financial and institutional trust,Adjacent: Financial & Institutional,"safety,compliance-conformity",bank runs / depositor losses,adjacent context,"FSB Key Attributes of Effective Resolution Regimes, Basel Core Principles",No published figure identified (checked),0,"mixed — IADI's own 'Deposit Insurance in 2025: Global Trends and Key Issues' report (July 2025): the share of deposit insurers commencing reimbursement within the Core-Principle-mandated 7 working days rose from just over 30% (2013) to approximately 70% (2024), a clear improvement but with the report noting 'meeting this standard remains a challenge for a number of deposit insurers.' [https://www.iadi.org/uploads/Deposit-Insurance-in-2025-Global-Trends-Report.pdf]",1,No published compliance-cost figure identified,0,https://www.bis.org/fsi/fsisummaries/iadi_core_principles.htm,"BIS FSI summary confirms IADI-issued Core Principles (2009, revised 2014) to protect depositors and support financial stability, updated for FSB consistency; a further revision issued Sept 2025."
289,NRSRO registration regime (Credit Rating Agency Reform Act of 2006),NRSRO,U.S. Securities and Exchange Commission (SEC),U.S. Securities and Exchange Commission,public,2006,2006,,in force,national,binding-regulation,mandatory,mandate-driven,mandating-regulation,standalone-silo,Financial integrity,"Financial crime, AML & mispriced risk",high,Financial services & AML,high,adjacent financial and institutional trust,Adjacent: Financial & Institutional,compliance-conformity,"inflated / unreliable credit ratings, investor loss",adjacent context,IOSCO CRA Code of Conduct,"SEC official statistics: exactly 10 credit rating agencies were registered as NRSROs as of December 31, 2024. [https://www.sec.gov/data-research/statistics-data-visualizations/nationally-recognized-statistical-rating-organizations-nrsros]",1,No published evaluation identified (checked),0,No published compliance-cost figure identified,0,https://www.everycrsreport.com/reports/RS22519.html,CRS report RS22519 confirms P.L. 109-291 (enacted 29 Sep 2006) requires CRAs seeking NRSRO status to file/register with the SEC disclosing methodology and conflicts.
290,Regulation (EC) No 1060/2009 on Credit Rating Agencies,EU CRA Regulation,European Parliament and Council; supervised by ESMA,European Union,public,2009,2009,,in force,regional,binding-regulation,mandatory,mandate-driven,mandating-regulation,mutual-recognition,Financial integrity,"Financial crime, AML & mispriced risk",high,Financial services & AML,high,adjacent financial and institutional trust,Adjacent: Financial & Institutional,compliance-conformity,unreliable ratings / conflicts of interest,adjacent context,IOSCO CRA Code of Conduct,26 credit rating agencies registered/certified under the Regulation as of the ESMA register (updated 10 July 2024). [https://www.esma.europa.eu/sites/default/files/library/esma80-416-1564_report_on_cra_market_share_calculation_2022.pdf],1,"Mixed/limited: despite the Regulation's aim of increasing competition and reducing over-reliance on ratings, ESMA's official market-share report found the three largest CRAs (S&P 50.13%, Moody's 32.79%, Fitch 10.05%) held a combined 92.97% of the EU market in 2021 — concentration essentially unchanged since the crisis. [https://www.esma.europa.eu/sites/default/files/library/esma80-416-1564_report_on_cra_market_share_calculation_2022.pdf]",1,No published compliance-cost figure identified,0,https://eur-lex.europa.eu/legal-content/EN/TXT/HTML/?uri=LEGISSUM%3Ami0009,"EUR-Lex summary confirms Regulation (EC) 1060/2009 (16 Sep 2009); since July 2011 ESMA has exclusive registration/supervision of CRAs, registration mandatory to operate in EU."
291,GRI Sustainability Reporting Standards (Universal Standards 2021),GRI,Global Reporting Initiative / Global Sustainability Standards Board (GSSB),Global Reporting Initiative / Global Sustainability Standards Board,NGO-multistakeholder,2021,2021 (effective 1 Jan 2023),,in force,global-multilateral,NGO-multistakeholder-scheme,voluntary,market-driven,data-credential-model,mutual-recognition,Product integrity,Greenwashing & ESG/climate misrepresentation,high,"Energy, carbon & environmental claims",high,adjacent financial and institutional trust,Adjacent: Financial & Institutional,"sustainability-carbon,compliance-conformity",greenwashing / non-comparable impact disclosure,adjacent context,"GRI Standards (2016, updated with Universal Standards 2021) are explicitly built on the earlier G4 Sustainability Reporting Guidelines: 'The GRI Standards are based on the content from the G4 Guidelines' — GRI mandated the switch from G4 to Standards for reports published on/after 1 July 2018.","78% of the world's largest 250 companies (G250) and 68% of N100 companies (5,800 firms across 58 countries) reported using GRI Standards, per the KPMG Survey of Sustainability Reporting 2022 (published 26 Oct 2022). [https://www.globalreporting.org/how-to-use-the-gri-standards/transitioning-from-g4-to-gri-standards/]",1,No published evaluation identified (checked),0,No published compliance-cost figure identified,0,https://www.globalreporting.org/standards,"GRI standards page confirms GRI as global sustainability-reporting standards; revised Universal Standards published Oct 2021, effective for reporting from 1 Jan 2023, governed by GSSB."
292,PCAOB Auditing Standards,PCAOB AS,Public Company Accounting Oversight Board (PCAOB),Public Company Accounting Oversight Board,public,2003,2003 onward (ongoing; amendments effective 15 Dec 2025),,in force,national,govt-referenced-standard,mandatory,mandate-driven,conformity-assessment-certification,standalone-silo,Financial integrity,"Financial crime, AML & mispriced risk",high,Financial services & AML,high,adjacent financial and institutional trust,Adjacent: Financial & Institutional,compliance-conformity,audit failure / financial fraud,adjacent context,Sarbanes-Oxley Act of 2002,Mandatory for audits of all PCAOB-registered issuers/broker-dealers in the US; PCAOB's 2024 inspection cycle reviewed audits by the largest US firms (Big Four + Global Network Firms). [https://pcaobus.org/news-events/news-releases/news-release-detail/pcaob-posts-report-detailing-significant-improvements-across-largest-firms--alongside-inspection-results-in-record-time],1,"Reduced-harm trend: PCAOB reported the aggregate Part I.A deficiency rate for Big Four US firms fell to 20% in 2024 from 26% in 2023, and for all six US Global Network Firms fell to 26% from 34% — per PCAOB's own 2024 inspection results release (31 March 2025). [https://pcaobus.org/news-events/news-releases/news-release-detail/pcaob-posts-report-detailing-significant-improvements-across-largest-firms--alongside-inspection-results-in-record-time]",1,No published compliance-cost figure identified,0,https://pcaobus.org/oversight/standards/auditing-standards,"PCAOB standards page confirms Sarbanes-Oxley Act 2002 directs the Board to set auditing standards for registered firms' audits of public companies, issuers and broker-dealers."
293,ISAE 3000 (Revised) Assurance Engagements Other than Audits or Reviews of Historical Financial Information,ISAE 3000,International Auditing and Assurance Standards Board (IAASB),International Auditing and Assurance Standards Board,NGO-multistakeholder,2013,2013 (effective 15 Dec 2015),,in force,global-multilateral,voluntary-consensus-standard,de-facto-required-for-market-access,hybrid,conformity-assessment-certification,mutual-recognition,Digital systems and data,"Data, research & assurance integrity failure",high,Cross-sector conformity assessment & accreditation,medium,adjacent financial and institutional trust,Adjacent: Financial & Institutional,"compliance-conformity,sustainability-carbon",unreliable non-financial / ESG assurance,adjacent context,"IESBA Code, ISQM 1",No published figure identified (checked),0,No published evaluation identified (checked),0,No published compliance-cost figure identified,0,https://www.iaasb.org/publications/international-standard-assurance-engagements-isae-3000-revised-assurance-engagements-other-audits-or,"IAASB page confirms ISAE 3000 (Revised) covers assurance engagements other than audits/reviews of historical financial information, effective for reports dated on/after 15 Dec 2015."
294,ISAE 3410 Assurance Engagements on Greenhouse Gas Statements,ISAE 3410,International Auditing and Assurance Standards Board (IAASB),International Auditing and Assurance Standards Board,NGO-multistakeholder,2012,2012 (effective 30 Sep 2013),,in force,global-multilateral,voluntary-consensus-standard,voluntary,hybrid,conformity-assessment-certification,mutual-recognition,Product integrity,Greenwashing & ESG/climate misrepresentation,high,"Energy, carbon & environmental claims",high,adjacent financial and institutional trust,Adjacent: Financial & Institutional,sustainability-carbon,unverified carbon / GHG emission claims,adjacent context,"ISAE 3000, GHG Protocol",No published figure identified (checked),0,No published evaluation identified (checked),0,No published compliance-cost figure identified,0,https://www.iaasb.org/news-events/2025-05/iaasb-announces-withdrawal-isae-3410-assurance-engagements-greenhouse-gas-statements,"IAASB May 2025 notice confirms ISAE 3410 (GHG statement assurance) and announces its withdrawal effective 15 Dec 2026 as ISSA 5000 takes effect. [Validation: status normalized from 'in force (to be withdrawn 15 Dec 2026, superseded by ISSA 5000)'. Currently in force; scheduled to be withdrawn 15 Dec 2026, superseded by ISSA 5000 (original status text preserved here).]"
295,ISSA 5000 General Requirements for Sustainability Assurance Engagements,ISSA 5000,International Auditing and Assurance Standards Board (IAASB),International Auditing and Assurance Standards Board,NGO-multistakeholder,2024,2024 (approved 12 Nov 2024),,phased-in,global-multilateral,voluntary-consensus-standard,de-facto-required-for-market-access,hybrid,conformity-assessment-certification,mutual-recognition,Product integrity,Greenwashing & ESG/climate misrepresentation,high,Cross-sector conformity assessment & accreditation,medium,adjacent financial and institutional trust,Adjacent: Financial & Institutional,"sustainability-carbon,compliance-conformity",greenwashing / unreliable sustainability assurance,adjacent context,"ISAE 3000, ISAE 3410, IESBA Code","Effective for sustainability information reported for periods beginning on or after 15 December 2026 (early adoption encouraged), per IAASB — i.e., adoption is still prospective/global-baseline at present, per the standard's own effective-date provisions. [https://www.iaasb.org/consultations-projects/issa-5000-adoption-and-implementation]",1,No published evaluation identified (checked),0,No published compliance-cost figure identified,0,https://www.iaasb.org/publications/international-standard-sustainability-assurance-5000-general-requirements-sustainability-assurance,"IAASB publication confirms ISSA 5000, General Requirements for Sustainability Assurance Engagements, approved 12 Nov 2024 as the first comprehensive global sustainability-assurance standard. [Validation: status normalized from 'phased-in (effective periods beginning on/after 15 Dec 2026)'. Phased-in for assurance engagements covering periods beginning on or after 15 Dec 2026 (original status text preserved here).]"
296,SOC 2 (2017 Trust Services Criteria),SOC 2 / TSC,AICPA — Assurance Services Executive Committee (ASEC),AICPA — Assurance Services Executive Committee,private,2017,2017 (revised points of focus 2022),,in force,sectoral,private-industry-scheme,de-facto-required-for-market-access,market-driven,conformity-assessment-certification,standalone-silo,Digital systems and data,"Data, research & assurance integrity failure",high,Cross-sector conformity assessment & accreditation,high,adjacent financial and institutional trust,Adjacent: Financial & Institutional,"safety,compliance-conformity",data breach / unreliable service-organization controls,adjacent context,"SSAE 18 / AT-C 205, COSO framework",No published figure identified (checked),0,No published evaluation identified (checked),0,No published compliance-cost figure identified,0,https://www.aicpa-cima.com/resources/download/2017-trust-services-criteria-with-revised-points-of-focus-2022,"AICPA-CIMA page confirms 2017 Trust Services Criteria (security, availability, processing integrity, confidentiality, privacy), revised points of focus 2022, used in SOC 2 attestation engagements."
300,Code of Conduct Fundamentals for Credit Rating Agencies,IOSCO CRA Code,International Organization of Securities Commissions (IOSCO),International Organization of Securities Commissions,public,2015,2015 (revised; original 2004),,in force,global-multilateral,govt-referenced-standard,voluntary,hybrid,governance-mutual-recognition,mutual-recognition,Financial integrity,"Financial crime, AML & mispriced risk",high,Financial services & AML,high,adjacent financial and institutional trust,Adjacent: Financial & Institutional,compliance-conformity,rating conflicts of interest / mis-rating,adjacent context,IOSCO Principles Regarding the Activities of Credit Rating Agencies,No published figure identified (checked),0,No published evaluation identified (checked),0,No published compliance-cost figure identified,0,https://www.iosco.org/library/pubdocs/pdf/IOSCOPD482.pdf,"IOSCO final report (March 2015) confirms the Board-issued Code of Conduct Fundamentals for CRAs as the international standard for CRA self-governance, protecting rating-process integrity."
301,Core Principles for Effective Banking Supervision (Basel Core Principles),BCP,Basel Committee on Banking Supervision (BCBS),Basel Committee on Banking Supervision,public,2024,2024 revised (original 1997),,in force,global-multilateral,govt-referenced-standard,voluntary,hybrid,governance-mutual-recognition,mutual-recognition,Financial integrity,"Financial crime, AML & mispriced risk",high,Financial services & AML,high,adjacent financial and institutional trust,Adjacent: Financial & Institutional,"safety,compliance-conformity",bank failures / systemic financial instability,adjacent context,Basel Framework,"Used globally by the IMF and World Bank as the benchmark for evaluating countries' banking supervision under the Financial Sector Assessment Program (FSAP), per the Bank for International Settlements (BCBS's parent body). [https://www.bis.org/fsi/fsisummaries/cps_for_banking.htm]",1,No published evaluation identified (checked),0,No published compliance-cost figure identified,0,https://www.fsb.org/2024/04/consolidated-basel-framework-core-principles-for-effective-banking-supervision-bcp/,"FSB page confirms BCBS-issued Core Principles (1997, revised endorsed 24-25 Apr 2024) as the de facto minimum standard for prudential banking regulation and supervision, used in IMF/WB FSAP."
303,International Code of Ethics for Professional Accountants (including International Independence Standards),IESBA Code,International Ethics Standards Board for Accountants (IESBA),International Ethics Standards Board for Accountants,NGO-multistakeholder,2018,Restructured 2018 (2025 Handbook),,in force,global-multilateral,voluntary-consensus-standard,de-facto-required-for-market-access,hybrid,governance-mutual-recognition,mutual-recognition,Financial integrity,"Financial crime, AML & mispriced risk",high,Financial services & AML,high,adjacent financial and institutional trust,Cross-sector Horizontal,compliance-conformity,auditor conflicts of interest / compromised independence,peer framework,(no explicit dependency identified),"Adopted, used, or referenced in more than 130 jurisdictions, including 18 of the G20 economies, per the IESBA/Ethics Board's own page. [https://www.ethicsboard.org/iesba-code]",1,No published evaluation identified (checked),0,No published compliance-cost figure identified,0,https://www.ethicsboard.org/iesba-code,"IESBA site confirms its principles-based Code of Ethics and Independence Standards for accountants/assurance practitioners worldwide, adopted/referenced in 130+ jurisdictions incl. 18 of the G20."
304,International Sustainability & Carbon Certification,ISCC,"ISCC System GmbH (governed by ISCC association, 255+ members)",ISCC System GmbH,NGO-multistakeholder,2010,,https://www.iscc-system.org/about/who-we-are/history/,in force,global-multilateral,NGO-multistakeholder-scheme,de-facto-required-for-market-access,hybrid,conformity-assessment-certification,mutual-recognition,Product integrity,Greenwashing & ESG/climate misrepresentation,high,"Energy, carbon & environmental claims",high,"biofuels/bioenergy, agriculture, circular materials",Excise & Environmental,"sustainability-carbon, origin-provenance, chain-of-custody","deforestation, unsustainable feedstock sourcing, GHG emissions",sectoral scheme/standard,"EU RED, ISO 17065, GHG accounting methodologies","More than 59,000 certificates issued (over 10,000 in 2023 alone) to operators across more than 130 countries, per ISCC's own published impact data. [https://iscc-system.org/certification/certification-schemes/iscc-eu/]",1,No published evaluation identified (checked),0,No published compliance-cost figure identified,0,https://www.iscc-system.org/,"iscc-system.org confirms global sustainability certification governed by 255+ member association, 13000+ certificates in 130+ countries, covers biomass/wastes/circular feedstocks with GHG accounting and supply-chain traceability. [Batch year-fill: 2010 (ISCC Association formally established (Berlin) and first ISCC certificate issued; concept development/multi-stakeholder dialogue began earlier in 2006), high confidence. https://www.iscc-system.org/about/who-we-are/history/]"
305,GLOBALG.A.P.,GGAP,AGRAYA GmbH (formerly FoodPLUS GmbH),AGRAYA GmbH,private,1997,,https://globalgap.org/about/history/,in force,global-multilateral,private-industry-scheme,de-facto-required-for-market-access,market-driven,conformity-assessment-certification,mutual-recognition,Product integrity,Unsafe or non-compliant products,high,"Food, agriculture & beverages",high,"agriculture, aquaculture, floriculture",Adjacent: Financial & Institutional,"safety, origin-provenance, chain-of-custody, sustainability-carbon","food-safety hazards, irresponsible production",adjacent context,"ISO 17065, GFSI benchmark, Codex","190,465 certified producers across 135 countries in 2024; 5,137 certified supply-chain (Chain of Custody) companies (+20.2% YoY); 4,588,347 ha of certified plant production; 193 approved certification bodies in 46 countries. [https://documents.globalgap.org/documents/250523_GLOBALGAP_Annual_Report_2024_en.pdf]",1,"Not found in this source (Annual Report 2024 reports scale/output metrics, not a reduced-harm/mixed-type outcome verdict). [https://documents.globalgap.org/documents/250523_GLOBALGAP_Annual_Report_2024_en.pdf]",0,No published compliance-cost figure identified,0,https://www.globalgap.org/what-we-do/,"globalgap.org confirms a portfolio of farm-assurance standards for plant production, aquaculture and floriculture, owned by AGRAYA GmbH (formerly FoodPLUS GmbH), covering food safety plus supply-chain segregation and traceability. [Batch year-fill: 1997 (founded/established as EurepGAP working group), high confidence. https://globalgap.org/about/history/]"
306,Bonsucro,Bonsucro,Bonsucro (global sustainability platform and standard),Bonsucro,NGO-multistakeholder,2011,2011,,in force,global-multilateral,NGO-multistakeholder-scheme,voluntary,market-driven,conformity-assessment-certification,mutual-recognition,Product integrity,Greenwashing & ESG/climate misrepresentation,high,"Food, agriculture & beverages",high,"sugarcane (sugar, ethanol, molasses, bagasse)","Food, Agriculture & Seafood","sustainability-carbon, origin-provenance, chain-of-custody","unsustainable sugarcane production, human-rights and climate impacts",sectoral scheme/standard,"ISEAL Codes, EU RED, ISO 17065","337 member organizations as of April 1, 2025 (45 new members from 17 countries added in the prior year); 12.2 million tonnes of sugar and 4.5 million m3 of ethanol produced to Bonsucro Production Standards in the 2023–24 season. [https://bonsucro.com/bonsucro-impact/]",1,"reduced-harm (self-reported): certified farms/mills report an average 31% reduction in water use and 13% reduction in GHG emissions within 5 years of certification; workplace accident rates fall 42% (mills) and 45% (farms) over the same period; 285,000+ workers covered by the Standard's human-rights provisions. [https://bonsucro.com/bonsucro-impact/]",1,No published compliance-cost figure identified,0,https://bonsucro.com/what-is-bonsucro/,"bonsucro.com confirms leading global sugarcane sustainability platform/standard; certification launched under the Bonsucro brand in 2011; Production, Chain of Custody, Smallholder and EU RED standards; 50+ countries; ISEAL Code Compliant."
307,Global Dialogue on Seafood Traceability (GDST Standard),GDST,"GDST (non-profit foundation, partner-driven)",GDST,NGO-multistakeholder,2017,,https://thegdst.org/about/,in force,global-multilateral,NGO-multistakeholder-scheme,voluntary,market-driven,traceability-exchange-protocol,mutual-recognition,Product integrity,Illegal or misrepresented origin & sourcing,high,Seafood & fisheries,high,seafood,"Food, Agriculture & Seafood","origin-provenance, chain-of-custody, identity","IUU fishing, seafood fraud, opaque supply chains",sectoral scheme/standard,GS1/EPCIS concepts (key data elements / critical tracking events),"~2 dozen companies drafted the original standard from its April 2017 launch, growing to 60+ companies in the dialogue; by February 2021 a coalition of five seafood-industry platforms represented over 150 companies that had endorsed the call to adopt GDST 1.0 (corroborated independently by SeafoodSource). [https://www.worldwildlife.org/our-work/oceans/sustainable-seafood/universal-standards-for-seafood-traceability/]",1,Not verified this session. [https://www.worldwildlife.org/our-work/oceans/sustainable-seafood/universal-standards-for-seafood-traceability/],0,No published compliance-cost figure identified,0,https://thegdst.org/,"thegdst.org confirms a non-profit foundation providing a global Standard for interoperable digital seafood traceability with a common data language and implementation rules/guidance from catch or farm to sale. [Batch year-fill: 2017 (), high confidence. https://thegdst.org/about/]"
308,ISEAL Alliance (Credibility Principles / Codes of Good Practice),ISEAL,ISEAL Alliance (global membership association),ISEAL Alliance,NGO-multistakeholder,2002,,https://find-and-update.company-information.service.gov.uk/company/04625800,in force,global-multilateral,NGO-multistakeholder-scheme,voluntary,market-driven,governance-mutual-recognition,mutual-recognition,Product integrity,Greenwashing & ESG/climate misrepresentation,high,Cross-sector conformity assessment & accreditation,high,cross-sector sustainability standards,Cross-sector Horizontal,"compliance-conformity, sustainability-carbon","non-credible/greenwashing standards, weak assurance",peer framework,"ISO/IEC 17000 series, WTO TBT Code of Good Practice","By end of 2024, membership had grown to 49 Community Members and 19 Code Compliant Members (68 total). The new ISEAL Code of Good Practice for Sustainability Systems took effect March 1, 2024, with an 18-month transition for Code Compliant members. [https://isealalliance.org/sustainability-news/iseal-publishes-2024-annual-review]",1,"Not found as a verdict-style outcome finding in this source (2024 Annual Review describes program activity, e.g., 13 Innovations Fund projects and a Living Income Community of Practice with 3,000+ subscribers, but no reduced-harm/mixed/limited-type verdict). [https://isealalliance.org/sustainability-news/iseal-publishes-2024-annual-review]",0,No published compliance-cost figure identified,0,https://www.isealalliance.org/,"isealalliance.org confirms it is the global membership association for sustainability standards, providing Credibility Principles, requirements for open standards development, independent transparent verification and impact measurement. [Batch year-fill: 2002 (), high confidence. https://find-and-update.company-information.service.gov.uk/company/04625800]"
309,GCC Standardization Organization & Gulf Conformity Mark,GSO / G-Mark,GCC Standardization Organization (GSO),GCC Standardization Organization,public,2001,2001 GSO (operational 2004); 2009 G-Mark,,in force,regional,govt-referenced-standard,mandatory,mandate-driven,conformity-assessment-certification,mutual-recognition,Product integrity,Unsafe or non-compliant products,high,Consumer & manufactured products,high,"regulated products (toys, low-voltage electrical, etc.)",Manufactured & Consumer Products,"safety, compliance-conformity",unsafe/non-conforming products on the GCC market,sectoral scheme/standard,"GCC technical regulations, WTO TBT, ISO/IEC conformity assessment","GSO established by GCC Supreme Council resolution in December 2001 (operational since May 2004); 7 member states (6 founding GCC states plus Yemen, joined January 2010). The Gulf Conformity Mark Technical Regulation was approved by the GSO Board on May 24, 2009, initially prioritizing toys and low-voltage devices. [https://www.gso.org.sa/en/about-gso/]",1,Not verified this session. [https://www.gso.org.sa/en/about-gso/],0,No published compliance-cost figure identified,0,https://www.gso.org.sa/en/gcc-conformity-mark/,"gso.org.sa confirms GSO is a Regional Standardization Organization established by GCC Supreme Council resolution (2001, operational 2004) with 7 member states; the G-Mark (adopted 2009) is mandatory for products covered by GCC technical regulations (initially toys and low-voltage electrical) and unmarked products cannot legally be sold."
310,Saber conformity assessment platform (SASO),Saber / SASO,"Saudi Standards, Metrology and Quality Organization (SASO)",Saudi Standards,public,2019,,https://www.saso.gov.sa/en/mediacenter/news/Pages/saso_news_953.aspx,in force,national,govt-referenced-standard,mandatory,mandate-driven,conformity-assessment-certification,standalone-silo,Product integrity,Unsafe or non-compliant products,high,Cross-sector conformity assessment & accreditation,high,imported and locally manufactured regulated products,Cross-sector Horizontal,"safety, compliance-conformity, identity",unsafe/non-conforming products entering the Saudi market,component standard,"SALEEM (Saudi Product Safety Program), GCC technical regulations","As of February 2019 (SASO's own announcement), more than 5,000 commercial facilities/local factories had enrolled and over 60,000 consumer products had been registered on the Saber platform, initially covering gas appliances/accessories with further product categories phased in afterward. [https://www.saso.gov.sa/en/mediacenter/news/Pages/saso_news_967.aspx]",1,Not verified this session (no more recent official statistics located). [https://www.saso.gov.sa/en/mediacenter/news/Pages/saso_news_967.aspx],0,No published compliance-cost figure identified,0,https://saber.sa/,"saber.sa confirms a government electronic platform operated under SASO for product registration and issuance of product/shipment conformity certificates for importers, local manufacturers and government entities, with a supplier-name-on-product requirement from 1 October 2026. [Batch year-fill: 2019 (launched / entered into force), high confidence. https://www.saso.gov.sa/en/mediacenter/news/Pages/saso_news_953.aspx]"
311,Global LEI System — Legal Entity Identifier & verifiable LEI,LEI / vLEI (GLEIF; ISO 17442),Global Legal Entity Identifier Foundation (GLEIF),Global Legal Entity Identifier Foundation,hybrid,2014,2014,,in force,global-multilateral,govt-referenced-standard,de-facto-required-for-market-access,hybrid,identifier,mutual-recognition,Financial integrity,"Financial crime, AML & mispriced risk",high,Cross-sector conformity assessment & accreditation,high,financial markets / cross-sector legal entities,Cross-sector Horizontal,identity,"opaque counterparties, systemic risk, fraud, inability to identify who you deal with",component standard,"ISO 17442, FSB/G20 mandate, vLEI on W3C VC / ACDC","Global LEI population passed 1 million (2017), 2 million (2022), and 2.6 million active LEIs by 2024 (+84% vs. 2019, per FSB); GLEIF reports 2.93 million+ active LEIs in 2025 with 13.5% annual growth (up from 11.5% in 2024) and 355,000+ new LEIs issued that year. [https://www.fsb.org/2024/10/implementation-of-the-legal-entity-identifier-progress-report/]",1,"mixed — FSB's October 2024 progress report finds the LEI well-established in derivatives and securities markets, but states 'broader adoption of the LEI in cross-border payments remains challenging,' citing cost barriers (especially in low-income jurisdictions) and weak incentives; it notes 'some jurisdictions have made no tangible progress' and reiterates its 2022 recommendations for fuller implementation. [https://www.fsb.org/2024/10/implementation-of-the-legal-entity-identifier-progress-report/]",1,No published compliance-cost figure identified,0,https://www.gleif.org/en/about/this-is-gleif,"gleif.org confirms GLEIF is a supra-national non-profit created in 2014 by the Financial Stability Board, overseen by the ROC (regulators from 50+ countries), operating the Global LEI Index; the vLEI is described as the verifiable/digital counterpart to the LEI."
312,Modular Open Source Identity Platform,MOSIP,MOSIP (incubated at IIIT Bangalore),MOSIP,hybrid,2018,2018,,in force,global-multilateral,NGO-multistakeholder-scheme,voluntary,market-driven,identifier,mutual-recognition,System interoperability,Interoperability & fragmentation failure,high,Digital identity & civil registration,high,government / public digital ID,Cross-sector Horizontal,identity,lack of legal identity and exclusion; vendor lock-in in national ID systems,component standard,"open identity standards (OpenID, W3C, ISO ID building blocks)","MOSIP's own site reports 29 country engagements and 13 national rollouts (2025–26). Independent trade coverage (Biometric Update, citing MOSIP data) reported MOSIP-based systems had issued over 100 million digital/civil identities across 11 countries in Africa and Asia by December 2023, up from 71.1 million across 6 countries in September 2022. [https://www.mosip.io/]",1,Not verified this session. [https://www.mosip.io/],0,No published compliance-cost figure identified,0,https://www.mosip.io/,"mosip.io confirms a modular open-source foundational digital identity platform established in 2018 at IIIT Bangalore, with 29 country engagements, 13 national rollouts and 125+ commercial technology partners."
313,Metre Convention (Convention du Mètre),,"BIPM / CGPM / CIPM (intergovernmental, Metre Convention)",BIPM / CGPM / CIPM,public,1875,1875,,in force,global-multilateral,treaty-instrument,mandatory,mandate-driven,governance-mutual-recognition,mutual-recognition,System interoperability,Interoperability & fragmentation failure,high,Metrology & measurement,high,metrology (cross-sector foundation),Metrology & Measurement,"chain-of-custody, compliance-conformity","incomparable, non-equivalent measurements across borders",component standard,SI / Metre Convention,Signed in 1875; as of the current BIPM listing there are 67 Member States and 36 Associate States and Economies party to the treaty. [https://www.bipm.org/en/member-states],1,"Not applicable (foundational treaty, not a program with harm-reduction outcomes). [https://www.bipm.org/en/member-states]",0,No published compliance-cost figure identified,0,https://www.bipm.org/en/metre-convention,BIPM page confirms signed 20 May 1875 by 17 states (amended 1921); created the BIPM and the CGPM/CIPM governance bodies for world measurement.
314,"International System of Units (SI Brochure, 9th edition)",SI,BIPM / CGPM (Bureau International des Poids et Mesures),BIPM / CGPM,public,2019,2019,,in force,global-multilateral,govt-referenced-standard,mandatory,hybrid,data-credential-model,mutual-recognition,System interoperability,Interoperability & fragmentation failure,high,Metrology & measurement,high,metrology (cross-sector foundation),Metrology & Measurement,"chain-of-custody, compliance-conformity","unreliable/non-traceable quantities in trade, health, safety",component standard,Metre Convention; 26th CGPM (2018) Resolution 1,"9th edition published by BIPM in 2019, implementing the 2018 CGPM resolution that redefined the SI base units; used globally through BIPM's network of National Metrology Institutes and Regional Metrology Organizations (AFRIMETS, APMP, COOMET, EURAMET, GULFMET, SIM). [https://www.bipm.org/en/publications/si-brochure]",1,Not applicable. [https://www.bipm.org/en/publications/si-brochure],0,No published compliance-cost figure identified,0,https://www.bipm.org/en/publications/si-brochure,BIPM confirms SI Brochure 9th ed. (2019) defines the seven base units via fixed constants; revised SI took effect 20 May 2019 (26th CGPM).
315,OIML Certification System,OIML-CS,OIML / BIML (International Organization of Legal Metrology),OIML / BIML,public,2018,2018,,in force,global-multilateral,accreditation-or-mutual-recognition-arrangement,de-facto-required-for-market-access,hybrid,conformity-assessment-certification,mutual-recognition,System interoperability,Interoperability & fragmentation failure,high,Metrology & measurement,high,legal metrology / measuring instruments trade,Metrology & Measurement,compliance-conformity,"duplicated instrument type testing, unreliable instruments reaching market",component standard,OIML B 18:2016; OIML Recommendations; ISO/IEC 17025; ISO/IEC 17065,Per the OIML-CS report in OIML Bulletin 2026-01: 292 OIML certificates issued in 2024 (up from 249 in 2020); 14 OIML Issuing Authorities and 38 Utilizers/Associates participating as of 2025.,1,No published outcome evaluation identified,0,"Manufacturers pay certification/testing fees to an OIML Issuing Authority; a single OIML certificate is designed to be reused for type approval across participating economies, reducing duplicative national testing.",1,https://www.oiml.org/en/certificates/oiml-cs/general-information,"OIML confirms OIML-CS launched 1 Jan 2018 under OIML B 18:2016, replacing the OIML Basic Certificate System and MAA; issues/registers OIML type-evaluation certificates via Scheme A (accredited/peer-assessed) and Scheme B."
316,OIML R 76 Non-automatic weighing instruments,R 76,OIML (International Organization of Legal Metrology),OIML,public,1993,1993,,in force,global-multilateral,govt-referenced-standard,de-facto-required-for-market-access,hybrid,conformity-assessment-certification,mutual-recognition,Identity and personal security,"Fraud, forgery & impersonation",high,Metrology & measurement,high,legal metrology / retail weighing trade,Metrology & Measurement,"compliance-conformity, safety",short-measure fraud and inaccurate weighing in commerce,component standard,VIM; GUM; OIML D 11,"As of September 2023, only 13 of OIML's 63 member countries (India newly admitted as the 13th, alongside Australia, Switzerland, China, Czech Republic, Germany, Denmark, France, UK, Japan, Netherlands, Sweden, Slovakia) hold Issuing Authority status able to issue internationally recognized OIML-CS certificates covering R76, alongside R35, R49 and R117. [https://wema.co.in/weighing-industry-in-market-expansion-mode/]",1,Not verified this session. [https://wema.co.in/weighing-industry-in-market-expansion-mode/],0,No published compliance-cost figure identified,0,https://www.oiml.org/en/files/pdf_r/r076-2-e93.pdf,"Fetched OIML R 76 (1993 ed., Amd.1 1995) Part 2 PDF; sets metrological/technical requirements and pattern-evaluation report format for type approval of non-automatic weighing instruments (later revised as R 76-1:2006)."
317,OIML R 117 Dynamic measuring systems for liquids other than water,R 117,OIML (International Organization of Legal Metrology),OIML,public,2019,2019,,in force,global-multilateral,govt-referenced-standard,de-facto-required-for-market-access,hybrid,conformity-assessment-certification,mutual-recognition,Identity and personal security,"Fraud, forgery & impersonation",high,Metrology & measurement,high,legal metrology / fuel and liquid dispensing trade,Metrology & Measurement,"compliance-conformity, safety",short-measure fraud at fuel pumps and liquid metering systems,component standard,VIM; OIML D 11,"Current edition OIML R 117:2019 published by OIML TC 8/SC 3 Project Group 4, approved by the International Committee of Legal Metrology at its 54th meeting. As of Sept 2023, R117 certification (like R76/R49/R35) could be issued by only 13 of OIML's 63 member-country Issuing Authorities. [https://www.oiml.org/en/files/pdf_r/r117-e19.pdf]",1,Not verified this session. [https://www.oiml.org/en/files/pdf_r/r117-e19.pdf],0,No published compliance-cost figure identified,0,https://www.oiml.org/en/files/pdf_r/r117-e19.pdf,"Fetched OIML R 117 (Edition 2019) PDF; establishes metrological/technical requirements for dynamic measuring systems for non-water liquids (e.g. fuel dispensers, petroleum metering)."
318,OIML R 49 Water meters for cold potable water and hot water,R 49,OIML (International Organization of Legal Metrology),OIML,public,2024,2024,,in force,global-multilateral,govt-referenced-standard,de-facto-required-for-market-access,hybrid,conformity-assessment-certification,mutual-recognition,Product integrity,Unsafe or non-compliant products,high,Metrology & measurement,high,legal metrology / utility (water) billing,Metrology & Measurement,compliance-conformity,inaccurate water metering and unfair consumer billing,component standard,ISO 4064; VIM,"Latest edition OIML R 49:2024 published; as of Sept 2023, R49 certification (like R76/R117/R35) could be issued by only 13 of OIML's 63 member-country Issuing Authorities. [https://www.oiml.org/en/files/pdf_r/r049-1-e13.pdf]",1,Not verified this session. [https://www.oiml.org/en/files/pdf_r/r049-1-e13.pdf],0,No published compliance-cost figure identified,0,https://www.oiml.org/en/files/pdf_r/r049-1-e24.pdf,Fetched OIML R 49-1 (Edition 2024) PDF Part 1; sets metrological/technical requirements for water meters for cold potable and hot water.
319,ISO 17034 General requirements for the competence of reference material producers,,ISO (International Organization for Standardization),ISO / IEC,NGO-multistakeholder,2016,2016,,in force,global-multilateral,voluntary-consensus-standard,voluntary,market-driven,accreditation,mutual-recognition,Digital systems and data,"Data, research & assurance integrity failure",high,Metrology & measurement,high,"metrology / reference materials (chemistry, testing labs)",Metrology & Measurement,"composition, compliance-conformity",unreliable certified reference values biasing measurements and test results,component standard,ISO/IEC 17025; ISO Guide 35,"Became publicly available November 1, 2016. The Asia Pacific Laboratory Accreditation Cooperation (APLAC) mandated a 3-year transition, requiring all accredited Reference Material Producers among its accreditation-body signatories (e.g., A2LA) to transition to the new standard by November 1, 2019. [https://a2la.org/transition-period-for-iso-17034-2016-implementation-established-for-accredited-reference-materials-producers/]",1,Not applicable/not verified this session. [https://a2la.org/transition-period-for-iso-17034-2016-implementation-established-for-accredited-reference-materials-producers/],0,No published compliance-cost figure identified,0,https://www.iso.org/standard/29357.html,"ISO catalogue (accessed via search) confirms ISO 17034:2016, 1st edition, 'General requirements for the competence of reference material producers'; the accreditation basis for CRM/RMP competence."
320,WELMEC European Cooperation in Legal Metrology,WELMEC,WELMEC e.V. (European Cooperation in Legal Metrology),WELMEC e.V,public,1990,1990,,in force,regional,govt-referenced-standard,voluntary,hybrid,governance-mutual-recognition,mutual-recognition,System interoperability,Interoperability & fragmentation failure,high,Metrology & measurement,high,legal metrology (EU/EFTA),Metrology & Measurement,compliance-conformity,divergent national instrument approval and consumer measurement fraud in the single market,component standard,EU Measuring Instruments Directive 2014/32/EU; OIML Recommendations,"Created June 1990 via a Memorandum of Understanding originally signed by 18 countries; grown to more than 30 member organisations across EU/EFTA states; formalized as a legal entity, WELMEC e.V. (Braunschweig, Germany), since September 2020. [https://www.welmec.org/about-welmec/about-us]",1,Not applicable/not verified this session. [https://www.welmec.org/about-welmec/about-us],0,No published compliance-cost figure identified,0,https://www.welmec.org/about-welmec/about-us/,"WELMEC site confirms founded 1990 (MoU, 18 countries; now 30+ members), incorporated as WELMEC e.V. under German law (2019/2020); produces guides recognised by the European Commission giving presumption of conformity under the MID."
321,EURAMET European Association of National Metrology Institutes,EURAMET,EURAMET e.V.,EURAMET e.V,public,2007,2007,,in force,regional,accreditation-or-mutual-recognition-arrangement,voluntary,hybrid,governance-mutual-recognition,mutual-recognition,System interoperability,Interoperability & fragmentation failure,high,Metrology & measurement,high,metrology (European NMIs),Metrology & Measurement,"chain-of-custody, compliance-conformity",measurements not traceable to SI or comparable across Europe,component standard,CIPM MRA; ISO/IEC 17025,"38 member national metrology institutes, per the Czech Metrology Institute's EURAMET membership page (accessed 2026); EURAMET covers NMIs of nearly all EU/EFTA and wider European states. [https://cmi.gov.cz/node/559?language=en ; https://www.euramet.org/about-euramet]",1,No published evaluation identified (checked),0,No published compliance-cost figure identified,0,https://www.euramet.org/publications-media-centre/news/news/the-creation-of-euramet,"EURAMET confirms founded 11 Jan 2007 (26 signatories, successor to EUROMET) as the Regional Metrology Organisation for Europe; peer-reviews CMCs and coordinates comparisons under the CIPM MRA."
322,Guide to the Expression of Uncertainty in Measurement (JCGM 100),GUM,JCGM (Joint Committee for Guides in Metrology),JCGM,hybrid,2008,2008,,in force,global-multilateral,govt-referenced-standard,voluntary,hybrid,data-credential-model,mutual-recognition,Digital systems and data,"Data, research & assurance integrity failure",high,Metrology & measurement,high,metrology (cross-sector measurement methodology),Metrology & Measurement,compliance-conformity,unstated/inconsistent measurement uncertainty leading to wrong conformity decisions,component standard,VIM,"Jointly published/endorsed by 8 international bodies (BIPM, IEC, IFCC, ILAC, ISO, IUPAC, IUPAP, OIML); first issued 1993/95, reissued unchanged as JCGM 100:2008 — the baseline uncertainty standard referenced by accreditation frameworks (e.g., ISO/IEC 17025) worldwide. [https://www.bipm.org/documents/20126/2071204/JCGM_100_2008_E.pdf]",1,No published evaluation identified (checked),0,No published compliance-cost figure identified,0,https://www.bipm.org/en/committees/jc/jcgm/publications,"BIPM/JCGM publications page confirms JCGM 100:2008 GUM plus supplements (JCGM 101/102/106, GUM-1:2023, GUM-6:2020); published by the JCGM (BIPM, OIML, ISO, IEC, IUPAC, IUPAP, IFCC, ILAC)."
323,International Vocabulary of Metrology (JCGM 200 / VIM),VIM,JCGM (Joint Committee for Guides in Metrology),JCGM,hybrid,2012,2012,,in force,global-multilateral,govt-referenced-standard,voluntary,hybrid,data-credential-model,mutual-recognition,Digital systems and data,"Data, research & assurance integrity failure",high,Metrology & measurement,high,metrology (cross-sector terminology),Metrology & Measurement,compliance-conformity,ambiguous metrology terms causing miscommunicated/misused measurement results,component standard,GUM,"Co-published by the same 8 organizations (BIPM, IEC, IFCC, ILAC, ISO, IUPAC, IUPAP, OIML) as the standard reference vocabulary for metrology; 3rd edition issued 2012. [https://www.bipm.org/documents/20126/2071204/JCGM_200_2012.pdf]",1,No published evaluation identified (checked),0,No published compliance-cost figure identified,0,https://www.bipm.org/en/committees/jc/jcgm/publications,"BIPM/JCGM publications page confirms JCGM 200:2012 (VIM, 3rd ed.), 'International Vocabulary of Metrology - Basic and general concepts and associated terms', published by the JCGM."
324,"NIST Handbook 44 - Specifications, Tolerances and Technical Requirements for Weighing and Measuring Devices",HB 44,NIST / NCWM (US National Institute of Standards and Technology; National Conference on Weights and Measures),NIST,public,2026,2026,,in force,national,govt-referenced-standard,mandatory,mandate-driven,conformity-assessment-certification,mutual-recognition,Product integrity,Unsafe or non-compliant products,high,Metrology & measurement,high,legal metrology / US commercial weights and measures,Metrology & Measurement,"compliance-conformity, safety",inaccurate commercial weighing/measuring devices overcharging consumers,component standard,OIML Recommendations; NIST Handbook 130,"Adopted by all 50 US states (each adopting the current or an earlier edition) as the legal basis for weights-and-measures regulation; a new edition is published annually, current is NIST HB44-2026. [https://www.nist.gov/pml/owm/nist-handbooks-and-ncwm-brief-history]",1,No published evaluation identified (checked),0,No published compliance-cost figure identified,0,https://www.nist.gov/publications/nist-handbook-44-specifications-tolerances-and-other-technical-requirements-weighing-18,"NIST confirms HB 44 (2026 ed., published 5 Jan 2026; annual since 1949), developed by NCWM Committee on Specifications and Tolerances with NIST, adopted into law by US state/local weights-and-measures jurisdictions."
325,Aadhaar (Unique Identity Number) / UIDAI,UIDAI,"Unique Identification Authority of India (UIDAI), Ministry of Electronics & IT",Unique Identification Authority of India,public,2016,2016,,in force,national,binding-regulation,de-facto-required-for-market-access,mandate-driven,identifier,standalone-silo,Identity and personal security,"Fraud, forgery & impersonation",high,Digital identity & civil registration,high,"government / public services, finance eKYC",Adjacent: Identity & PKI,identity,"identity fraud, ghost/duplicate beneficiaries, welfare exclusion",adjacent context,"Aadhaar (Targeted Delivery of Financial and Other Subsidies, Benefits and Services) Act 2016","1,448,910,429 Aadhaar numbers generated (cumulative) and 1,624,427,050 Aadhaar updates, per the live UIDAI Aadhaar Dashboard (accessed July 2026) — effectively universal coverage of India's ~1.4 billion residents.",1,No published outcome evaluation identified,0,Enrollment is free to residents; program costs are borne by UIDAI/the Government of India.,1,https://uidai.gov.in/en/about-uidai/unique-identification-authority-of-india.html,"UIDAI site confirms it is a statutory authority under the Aadhaar Act 2016 (est. 12 Jul 2016), issuing a 12-digit number (first Aadhaar 2010; 142cr+ generated) with authentication and e-KYC services."
326,eSign Online Electronic Signature Service,eSign,"Controller of Certifying Authorities (CCA), Ministry of Electronics & IT",Controller of Certifying Authorities,public,2015,2015,,in force,national,binding-regulation,voluntary,hybrid,data-credential-model,mutual-recognition,Product integrity,Counterfeiting & falsification,high,"Legal, notarial & e-commerce",high,"e-governance, financial services, digital contracts",Adjacent: Legal & Notarial,"authenticity-anti-counterfeit, compliance-conformity","document forgery, signature repudiation, transaction fraud",adjacent context,IT Act 2000; RCAI PKI; Aadhaar e-KYC,No published figure identified (checked),0,No published evaluation identified (checked),0,No published compliance-cost figure identified,0,https://cca.gov.in/eSign.html,CCA site confirms eSign is an API-integrated online digital-signature service using e-KYC under the IT Act 2000; CCA gazette page shows first eSign rules (GSR 61(E)) notified 27 Jan 2015.
327,DigiLocker,,"National e-Governance Division (NeGD), Ministry of Electronics & IT",National e-Governance Division,public,2015,2015,,in force,national,binding-regulation,voluntary,hybrid,data-credential-model,mutual-recognition,Product integrity,Counterfeiting & falsification,high,Digital identity & civil registration,high,"e-governance, education, transport, finance",Adjacent: Identity & PKI,"identity, authenticity-anti-counterfeit","fake certificates/documents, forgery, verification friction",adjacent context,IT Act 2000; Digital Locker Rules 2016; Aadhaar,"70+ crore (700M+) registered users and 900+ crore (9B+) documents issued by 900+ issuer organizations, per the official DigiLocker site (July 2026); India Stack separately cites 4.6 billion+ documents issued directly by 1,460 registered issuer institutions. [https://www.digilocker.gov.in/ ; https://indiastack.org/identity.html]",1,No published evaluation identified (checked),0,No published compliance-cost figure identified,0,https://negd.gov.in/blog/digilocker-the-digital-briefcase-for-indias-authentic-e-documents/,NeGD confirms DigiLocker launched 1 Jul 2015 under Digital India; issued documents carry the same legal weight as originals under the IT Act 2000 and Digital Locker Rules 2016.
328,Root Certifying Authority of India,RCAI,"Controller of Certifying Authorities (CCA), Ministry of Electronics & IT",Controller of Certifying Authorities,public,2002,2002,,in force,national,accreditation-or-mutual-recognition-arrangement,mandatory,mandate-driven,accreditation,mutual-recognition,Digital systems and data,Cybersecurity compromise & data interception,high,Internet infrastructure & Web PKI,high,PKI / trust services,Adjacent: Legal & Notarial,"authenticity-anti-counterfeit, compliance-conformity","untrusted certificates, man-in-the-middle, invalid digital signatures",adjacent context,IT Act 2000 s.18; X.509 PKI,"23 licensed Certifying Authorities currently operate under the RCAI hierarchy, per CCA's official Licensed CA disclosure list. [https://cca.gov.in/rcai.html ; https://cca.gov.in/licensed_ca.html]",1,No published evaluation identified (checked),0,No published compliance-cost figure identified,0,https://cca.gov.in/rcai.html,CCA site confirms RCAI is the national root established under IT Act 2000 s.18(b) that digitally signs licensed CAs' public keys; the RCAI Certification Practice Statement dates from 2002.
329,DIVOC (Digital Infrastructure for Verifiable Open Credentialing),DIVOC,eGov Foundation (India),eGov Foundation,hybrid,2021,2021,,in force,national,NGO-multistakeholder-scheme,voluntary,hybrid,data-credential-model,mutual-recognition,Product integrity,Counterfeiting & falsification,high,Digital identity & civil registration,high,public health / vaccination credentials,Cross-sector Horizontal,"identity, authenticity-anti-counterfeit","fake vaccination/health certificates, cross-border verification failure",component standard,W3C Verifiable Credentials; WHO Smart Vaccination Certificate standards,"2 billion vaccination certificates issued across 5 countries (India, Sri Lanka, Philippines, Jamaica, Indonesia) by Sept 2021; certificate format accepted/recognized in 96-120 countries, used by over one-fifth of world population, with system capacity of ~25 million certificates/day. [https://egov.org.in/articles/the-road-to-2-billion/]",1,"WHO granted DIVOC formal compliance certification against the Digital Documentation of COVID-19 Certificates (DDCC) standard (2021), and it is recognized as a Digital Public Good by the DPGA — this is an interoperability/compliance verification, not an independent harm-reduction outcome study. [https://egov.org.in/articles/the-road-to-2-billion/]",1,No published compliance-cost figure identified,0,https://divoc.digit.org/,"DIVOC site confirms it is an open-source digital public good by eGov Foundation; issued 2bn+ digitally-signed COVID certificates via CoWIN and deployed in Sri Lanka, Philippines, Indonesia and Jamaica."
330,National Network Identity Authentication Public Service (Cyberspace ID / 网号-网证),eID,Cyberspace Administration of China (CAC) and Ministry of Public Security (MPS),Cyberspace Administration of China and Ministry of Public Security,public,2025,2025,,in force,national,binding-regulation,voluntary,mandate-driven,identifier,standalone-silo,Digital systems and data,Cybersecurity compromise & data interception,high,Digital identity & civil registration,high,internet services / platform identity,Adjacent: Identity & PKI,identity,"over-collection of personal data, identity theft, data breaches",adjacent context,Cybersecurity Law; PIPL; Measures on Management of National Network Identity Authentication Public Service,GS1 states that 'over two million companies around the world' use GS1 Standards (GTINs/barcodes) to identify products and manage supply chains; the GS1 system operates through 120+ national member organisations worldwide (accessed Jul 2026).,1,"mixed: Peer-reviewed audit (Parsovs, USENIX Security 2020) of Estonia's national e-ID card found systemic key-management failures: 700,000+ cards exposed to the 2017 ROCA RSA-factorization vulnerability (forcing mass certificate suspension), plus duplicate private keys shared across different cardholders and private keys generated off-chip — enabling impersonation, signature forgery, and unauthorized decryption. Direction: a centralized national digital ID delivers services at scale but concentrates catastrophic, demonstrated data-leakage/impersonation risk when key management fails.",1,No published compliance-cost figure identified,0,https://www.cac.gov.cn/2025-05/23/c_1749711107835487.htm,"CAC official text confirms the Measures were jointly issued by six departments (incl. MPS and CAC) and take effect 15 Jul 2025, establishing the 网号/网证 (web number/web credential) federated authentication service."
331,CTID / Cyber Trusted Identity (网络身份认证 / 网证),CTID,Ministry of Public Security First Research Institute (公安部第一研究所),Ministry of Public Security First Research Institute,public,2018,2018,,in force,national,govt-referenced-standard,voluntary,mandate-driven,data-credential-model,standalone-silo,Identity and personal security,"Fraud, forgery & impersonation",high,Digital identity & civil registration,high,identity verification / online services,Adjacent: Identity & PKI,"identity, authenticity-anti-counterfeit","ID-card number exposure, impersonation, data leakage",adjacent context,Resident Identity Card Law; GB national standards,"40 million (4000万) people had applied for the national network ID (网号/网证) as of July 2026, one year after the 'National Network Identity Authentication Public Service Management Measures' took effect (15 July 2025); the service has provided free authentication to 400+ government departments/regulators, local governments, enterprises and major internet platforms, per Ministry of Public Security reporting. [https://www.stdaily.com/web/gdxw/2026-07/14/content_547250.html]",1,"MPS/state-media reporting frames it as reduced-harm for personal-information exposure ('实名不显名' — verified without displaying the underlying name/ID number) to curb identity-data leakage; this is the issuing agency's own claim, not an independent audit. [https://www.stdaily.com/web/gdxw/2026-07/14/content_547250.html]",1,No published compliance-cost figure identified,0,http://chuangxin.chinadaily.com.cn/2018-05/18/content_36226518.htm,"China Daily confirms the CTID network-ID credential (网证) is developed and run by the MPS First Research Institute, piloted 2018 via Alipay in Quzhou/Hangzhou/Fuzhou, mapping to the resident ID card without exposing personal data."
332,RealDID (Real-name Decentralized Identifier),RealDID,Ministry of Public Security First Research Institute with Blockchain-based Service Network (BSN),Ministry of Public Security First Research Institute with Blockchain-based Service Network,hybrid,2023,2023,,in force,national,govt-referenced-standard,voluntary,mandate-driven,identifier,mutual-recognition,Identity and personal security,"Fraud, forgery & impersonation",high,Digital identity & civil registration,high,online services / real-name verification,Adjacent: Identity & PKI,identity,"personal-data linkage and leakage, impersonation",adjacent context,W3C Decentralized Identifiers (DID); BSN infrastructure,No published figure identified (checked),0,No published evaluation identified (checked),0,No published compliance-cost figure identified,0,https://www.coindesk.com/policy/2023/12/12/chinas-ministry-of-public-security-launches-blockchain-based-real-name-decentralized-identifier-system,CoinDesk (citing BSN) confirms the MPS First Research Institute and BSN launched RealDID in Dec 2023 as the 'world's first national-level real-name decentralized identity system' enabling anonymous DID login.
333,Blockchain-based Service Network,BSN,"State Information Center (National Information Center), China Mobile, China UnionPay",State Information Center,hybrid,2020,,https://digichina.stanford.edu/work/knowledge-base-blockchain-based-service-network-bsn-区块链服务网络,in force,national,private-industry-scheme,voluntary,hybrid,traceability-exchange-protocol,mutual-recognition,System interoperability,Interoperability & fragmentation failure,high,Digital identity & civil registration,high,blockchain infrastructure / digital identity,Adjacent: Identity & PKI,"identity, chain-of-custody",fragmented or untrusted blockchain identity infrastructure,adjacent context,hosts RealDID national DID system,"Over 120 city nodes deployed within China, with BSN Spartan (international) nodes established in 20+ countries by early 2025, per CSIS analysis. [https://www.csis.org/blogs/strategic-technologies-blog/chinas-blockchain-playbook-infrastructure-influence-and-new]",1,No published evaluation identified (checked),0,No published compliance-cost figure identified,0,https://www.coindesk.com/policy/2023/12/12/chinas-ministry-of-public-security-launches-blockchain-based-real-name-decentralized-identifier-system,"CoinDesk confirms BSN is operated by China's National Information Center together with China Mobile and China UnionPay and hosts the RealDID national real-name DID system; commercial launch year not confirmed from source. [Batch year-fill: 2020 (official commercial launch (entered into force)), high confidence. https://digichina.stanford.edu/work/knowledge-base-blockchain-based-service-network-bsn-区块链服务网络]"
334,Identitas Kependudukan Digital (Digital Population Identity),IKD,"Directorate General of Population & Civil Registration (Ditjen Dukcapil), Ministry of Home Affairs (Kemendagri)",Directorate General of Population & Civil Registration,public,2022,2022,,phased-in,national,binding-regulation,de-facto-required-for-market-access,mandate-driven,data-credential-model,standalone-silo,Product integrity,Counterfeiting & falsification,high,Digital identity & civil registration,high,government / civil registration,Adjacent: Identity & PKI,identity,"ID fraud, physical-card forgery, service exclusion",adjacent context,Population Administration Law (UU Adminduk); Permendagri No. 72/2022,"Over 14 million users had installed/used the IKD app, with 244,289 citizens completing remote identity verification, as of 26 Feb 2025 (World Bank project document); government target is 25 million citizens installed-and-authenticated by December 2027. [https://documents1.worldbank.org/curated/en/099040125074024669/text/P175218-d03fd493-98b8-4e10-9c27-499c7c04f5e6.txt]",1,No published evaluation identified (checked),0,No published compliance-cost figure identified,0,https://peraturan.go.id/id/permendagri-no-72-tahun-2022,Indonesia's official regulation portal confirms Minister of Home Affairs Regulation (Permendagri) No. 72 of 2022 governs e-KTP hardware/software/blank specifications and the operation of Identitas Kependudukan Digital (IKD).
335,National Digital ID Platform,NDID,"National Digital ID Co., Ltd. (licensed by ETDA)",National Digital ID Co.,hybrid,2018,,https://ndid.co.th/en/ndid-sixty-million-identities-one-trust-framework-2/,in force,national,private-industry-scheme,de-facto-required-for-market-access,hybrid,traceability-exchange-protocol,mutual-recognition,Identity and personal security,"Fraud, forgery & impersonation",high,Digital identity & civil registration,high,banking / eKYC / government services,Adjacent: Identity & PKI,"identity, authenticity-anti-counterfeit","identity fraud in online onboarding, personal-data over-sharing",adjacent context,ETDA Digital ID framework; ISO/IEC 29115 identity assurance levels,"More than 60 million usable digital identities and 30+ million registered user accounts on the NDID platform, with 180+ member organizations (banks, telcos, government agencies, regulators) as of Jan 2026 and roughly 2 million transactions/month, per NDID's own reporting (May 2026). [https://ndid.co.th/en/ndid-sixty-million-identities-one-trust-framework-2/]",1,No published evaluation identified (checked),0,No published compliance-cost figure identified,0,https://ndid.co.th/en/platform-en-2/,"NDID site confirms an IdP/RP/AS/Proxy federated model providing eKYC/eConsent/eSignature; holds ETDA's Digital Identity Exchange Service License and ISO 27001:2022; exact launch year not stated on source. [Batch year-fill: 2018 (founded/established), high confidence. https://ndid.co.th/en/ndid-sixty-million-identities-one-trust-framework-2/]"
336,ThaID,ThaID,"Department of Provincial Administration (DOPA), Bureau of Registration Administration, Ministry of Interior",Department of Provincial Administration,public,2023,2023,,in force,national,govt-referenced-standard,de-facto-required-for-market-access,mandate-driven,data-credential-model,standalone-silo,Identity and personal security,"Fraud, forgery & impersonation",high,Digital identity & civil registration,high,government services / civil registration,Adjacent: Identity & PKI,identity,"impersonation, identity fraud",adjacent context,DOPA registration administration / national Digital ID framework,"Over 28 million Thai citizens registered/verified through ThaID as of 27 Oct 2025, with 400,000+ citizens using the online house-registration transfer service in the app's first year, per Thai media citing the Department of Provincial Administration. [https://www.posttoday.com/smart-city/732445]",1,No published evaluation identified (checked),0,No published compliance-cost figure identified,0,https://www.bora.dopa.go.th/app-thaid/,"DOPA/BORA official page (dated 14 Mar 2023) confirms ThaID is the government Digital ID app with face verification, operated by the Department of Provincial Administration."
337,Philippine Identification System,PhilSys,Philippine Statistics Authority (PSA),Philippine Statistics Authority,public,2018,2018,,phased-in,national,binding-regulation,voluntary,mandate-driven,identifier,standalone-silo,Identity and personal security,"Fraud, forgery & impersonation",high,Digital identity & civil registration,high,government / financial inclusion,Adjacent: Identity & PKI,identity,"identity fraud, exclusion of unbanked/undocumented",adjacent context,Republic Act No. 11055 (2018); Implementing Rules & Regulations 2018,"90,582,172 Filipinos registered and verified as of 30 Nov 2025 (55M+ physical cards distributed, 89M+ digital IDs via eGovPH); 56,520,952 National ID authentications recorded as of 17 Sept 2025, per the Philippine Statistics Authority. [https://philsys.gov.ph/56m-national-id-authentications-largest-use-cases-in-social-protection-financial-inclusion/]",1,"Reduced-harm: DSWD used PhilSys to clean its Listahanan poverty-targeting database, removing duplicate/fraudulent beneficiary records, and Asia United Bank cut mobile-wallet account approval time from 2-3 days to 1 day using PhilSys authentication. [https://philsys.gov.ph/56m-national-id-authentications-largest-use-cases-in-social-protection-financial-inclusion/]",1,No published compliance-cost figure identified,0,https://philsys.gov.ph/legal-bases/,"PhilSys official site confirms the system was established by RA No. 11055 (signed Aug 2018, IRR approved Oct 2018), implemented by the PSA, with PhilID/ePhilID/digital national ID components; registration began 2020."
338,Singpass / National Digital Identity,NDI,"Government Technology Agency (GovTech), Smart Nation",Government Technology Agency,public,2003,,https://www.imda.gov.sg/-/media/imda/files/inner/archive/news-and-events/news_and_events_level2/20071105103244/singpass5nov07annexa.pdf,in force,national,govt-referenced-standard,de-facto-required-for-market-access,mandate-driven,data-credential-model,standalone-silo,Identity and personal security,"Fraud, forgery & impersonation",high,Digital identity & civil registration,high,government + private online services,Adjacent: Identity & PKI,"identity, authenticity-anti-counterfeit","identity fraud, phishing, transaction repudiation",adjacent context,Myinfo data platform,"Over 4.5 million users, covering 97% of Singapore Citizens/Permanent Residents aged 15+; 700+ organizations offering 2,000+ services; 350+ million transactions/year (Ministry of Digital Development and Information factsheet, Feb 2022). [https://www.mddi.gov.sg/newsroom/singpass-factsheet-02032022/]",1,reduced-harm — Myinfo data-prefill cut average application time by up to 80% and lifted business approval rates by up to 15% via improved data quality; Face Verification cut password-reset time from ~10 minutes to seconds (GovTech/MDDI factsheet). [https://www.mddi.gov.sg/newsroom/singpass-factsheet-02032022/],1,No published compliance-cost figure identified,0,https://www.singpass.gov.sg/main/singpass-our-ndi/,"Singpass official site confirms it is Singapore residents' trusted national digital identity spanning 700+ agencies/services with Myinfo and digital document signing; NDI is a Smart Nation strategic project (GovTech per MDDI factsheet; founding year not stated on source). [Batch year-fill: 2003 (Singpass (predecessor of the National Digital Identity/NDI initiative) was launched/adopted as Singapore's national digital identity credential system), high confidence. https://www.imda.gov.sg/-/media/imda/files/inner/archive/news-and-events/news_and_events_level2/20071105103244/singpass5nov07annexa.pdf]"
339,My Number (Individual Number) System & My Number Card,My Number,Digital Agency and J-LIS (Japan Agency for Local Authority Information Systems),Digital Agency and J-LIS,public,2015,2015,,in force,national,binding-regulation,mandatory,mandate-driven,identifier,standalone-silo,Identity and personal security,"Fraud, forgery & impersonation",high,Digital identity & civil registration,high,social security / tax / government,Adjacent: Payments,identity,"identity fraud, administrative record mismatch",adjacent context,My Number Act (Act on Use of Numbers to Identify Specific Individuals),"Approximately 97.99 million cards possessed as of end-April 2025, equal to 78.5% of Japan's population (up from 35.9M/28.7% in Mar 2021 and 84.4M/67.6% in Mar 2023) — Japan Digital Agency. [https://www.digital.go.jp/assets/contents/node/basic_page/field_ref_resources/851e38fd-7aa6-474b-ac14-14d9fedd695e/d5ad3c36/20250519_meeting_mynumber_card_mynumber_outline_05.pdf]",1,No published evaluation identified (checked),0,No published compliance-cost figure identified,0,https://www.digital.go.jp/en/policies/mynumber,Digital Agency site confirms My Number identifies individuals in administrative procedures and is operated by the Digital Agency; individual numbers were assigned to all residents from Oct 2015 (per HRC Japan). [Validation: bindingness 'mandatory' applies to Individual Number assignment (compulsory under the My Number Act); My Number Card issuance itself is voluntary.]
340,Japanese Public Key Infrastructure,JPKI,J-LIS (Japan Agency for Local Authority Information Systems),J-LIS,public,2004,,https://www.mhlw.go.jp/shingi/2009/02/dl/s0206-7d_0001.pdf,in force,national,govt-referenced-standard,voluntary,hybrid,data-credential-model,standalone-silo,Digital systems and data,Cybersecurity compromise & data interception,high,Digital identity & civil registration,high,PKI / online authentication & signing,Adjacent: Cybersecurity & Software,"authenticity-anti-counterfeit, identity","online impersonation, document tampering and repudiation",adjacent context,X.509 PKI; My Number Card,"Approximately 1,246 private companies were using JPKI (e.g., for bank account opening, securities transactions, loan signing) as of April 30, 2026 — Japan Digital Agency. [https://www.digital.go.jp/en/policies/mynumber/private-business/jpki-introduction]",1,No published evaluation identified (checked),0,No published compliance-cost figure identified,0,https://www.digital.go.jp/en/policies/mynumber/private-business/jpki-introduction,"Digital Agency site confirms JPKI is operated by J-LIS as trust anchor; the My Number Card holds a user-authentication certificate and a digital-signature certificate for online authentication and tamper-proof signatures. [Batch year-fill: 2004 (entered into force / service launched), high confidence. https://www.mhlw.go.jp/shingi/2009/02/dl/s0206-7d_0001.pdf]"
341,VNeID,VNeID,"Ministry of Public Security (Department C06), Vietnam",Ministry of Public Security,public,2022,2022,,in force,national,binding-regulation,de-facto-required-for-market-access,mandate-driven,data-credential-model,standalone-silo,Identity and personal security,"Fraud, forgery & impersonation",high,Digital identity & civil registration,high,government administrative services,Adjacent: Identity & PKI,identity,"identity fraud, impersonation",adjacent context,Decree 59/2022/ND-CP; Law on Identification 2023,"Over 102.1 million electronic identity profiles created and 71.5 million accounts activated, as reported July 2, 2026 by Báo Công An Nhân Dân (the Ministry of Public Security's official newspaper). [https://baomoi.com/vneid-dat-hon-102-trieu-ho-so-dinh-danh-kich-hoat-71-5-trieu-tai-khoan-c55531112.epi]",1,No published evaluation identified (checked),0,No published compliance-cost figure identified,0,https://en.baochinhphu.vn/vneid.html,Vietnam Government Portal confirms VNeID is the national digital identity application operated by the Ministry of Public Security and that it became the sole app for administrative-procedure performance from 1 Jul 2024.
342,Fayda National ID (National ID Program),Fayda / NIDP,"National ID Program (NIDP), Government of Ethiopia",National ID Program,public,2023,2023,,phased-in,national,binding-regulation,de-facto-required-for-market-access,mandate-driven,identifier,standalone-silo,Digital systems and data,"Data, research & assurance integrity failure",medium,Digital identity & civil registration,high,foundational digital identity,Adjacent: Identity & PKI,identity,identity exclusion from financial/telecom/government services,adjacent context,"Built on MOSIP (Modular Open Source Identity Platform), an open-source digital public good; Ethiopia/IIIT-Bangalore partnership with MOSIP began June 2020, later branded 'Fayda'.","37.5 million people enrolled as of March 10, 2026 (about 1 million new registrants/week), per National ID Office Executive Director Yodahe Arayaselassie; program targets 90 million registrations by June 2026 (originally 70 million by end-2025). [https://newbusinessethiopia.com/technology/ethiopia-national-digital-id-users-surpass-37-million/]",1,No published evaluation identified (checked),0,No published compliance-cost figure identified,0,https://id.et/benefits,"Official id.et confirms Fayda operates under Digital ID Proclamation No. 1284/2023, Art.16(1) making it legal/sufficient proof of identity; rolling out toward 90M target."
343,National Identification Number / National Identity Management Commission,NIN / NIMC,"National Identity Management Commission (NIMC), Nigeria",National Identity Management Commission,public,2007,2007,,in force,national,binding-regulation,mandatory,mandate-driven,identifier,standalone-silo,Identity and personal security,"Fraud, forgery & impersonation",high,Digital identity & civil registration,high,foundational digital identity / civil registration,Adjacent: Identity & PKI,identity,identity fraud; exclusion from services and rights,adjacent context,(no explicit dependency identified),"136 million NINs registered as of ~July 2026 (up from 123.9 million in October 2025), per NIMC Director-General Abisoye Coker-Odusote; official target is 180 million by December 2026. [https://www.biometricupdate.com/202607/nigeria-seeks-support-to-operationalize-new-digital-id-law-as-nin-tops-136m]",1,"reduced-harm (per government claim) — President Bola Tinubu stated at NIMC's 2025 National Day of Identity (Sept 16, 2025) that mandatory NIN-SIM linkage 'has significantly reduced fraud and enhanced national security'; independent quantified verification was not found this session. [https://www.biometricupdate.com/202607/nigeria-seeks-support-to-operationalize-new-digital-id-law-as-nin-tops-136m]",1,No published compliance-cost figure identified,0,http://lawsofnigeria.placng.org/print.php?sn=410,"Laws of Nigeria full-text confirms NIMC Act 2007 No.72 (commenced 25 May 2007) establishing NIMC, National Identity Database, NIN, and Multi-purpose Identity Card."
344,Maisha Namba / Maisha Digital ID,Maisha Namba,"State Department for Immigration and Citizen Services (National Registration Bureau), Kenya",State Department for Immigration and Citizen Services,public,2023,2023,,phased-in,national,binding-regulation,mandatory,mandate-driven,identifier,standalone-silo,Identity and personal security,"Fraud, forgery & impersonation",high,Digital identity & civil registration,high,foundational digital identity / civil registration,Adjacent: Identity & PKI,identity,identity fraud; exclusion; data-protection risk,adjacent context,(no explicit dependency identified),"Government cleared a 600,000+ ID-card backlog and printed 1.7 million+ new Maisha Namba cards as of early January 2025; birth-registration applications processed online rose to over 90% (Kenya PS for Immigration & Citizen Services, Prof. Julius Bitok). [https://idtechwire.com/judge-halts-kenyas-digital-id-effort-citing-constitutional-concerns/]",1,"limited — Kenya's High Court (Justice Lawrence Mugambi) temporarily halted the Maisha Namba rollout on July 25, 2024 on constitutional grounds, after petitioners (Haki na Sheria Initiative) argued the system risked further excluding historically marginalized groups lacking underlying citizenship documents. [https://idtechwire.com/judge-halts-kenyas-digital-id-effort-citing-constitutional-concerns/]",1,No published compliance-cost figure identified,0,https://nation.africa/kenya/news/maisha-namba-what-new-id-system-means-for-you-4535228,"Daily Nation confirms Maisha Namba unique lifelong identifier / 3rd-gen digital ID card under Registration of Persons (Amendment) Regulations 2023, pilot Nov 2023 by State Dept for Immigration."
345,UAE PASS,UAE PASS,"Telecommunications and Digital Government Regulatory Authority (TDRA), Digital Dubai, and Department of Government Enablement (UAE)",Telecommunications and Digital Government Regulatory Authority,public,2018,2018,,in force,national,binding-regulation,de-facto-required-for-market-access,hybrid,data-credential-model,standalone-silo,Identity and personal security,"Fraud, forgery & impersonation",high,Digital identity & civil registration,high,digital government / identity and e-signature,Adjacent: Legal & Notarial,"identity, authenticity-anti-counterfeit",impersonation; unauthorized access to services,adjacent context,(no explicit dependency identified),"More than 11 million users as of September 2025; over 2.6 billion digital transactions, 600 million logins, and 17 million document shares cumulatively; 15,000+ services offered by 350+ entities (Telecommunications and Digital Government Regulatory Authority, TDRA). [https://tdra.gov.ae/en/media/press-release/2025/uae-digital-achievements]",1,No published evaluation identified (checked),0,No published compliance-cost figure identified,0,https://u.ae/en/about-the-uae/digital-uae/digital-transformation/platforms-and-apps/the-uae-pass-app,"Official UAE government portal (u.ae) confirms UAE PASS is first national digital identity and signature solution, launched at GITEX 2018, operated by TDRA / Digital Dubai / Dept of Government Enablement."
346,Nafath (Unified National Access),Nafath,"National Information Center (NIC), operational arm of SDAIA, Saudi Arabia",National Information Center,public,2021,2021,,in force,national,binding-regulation,de-facto-required-for-market-access,mandate-driven,data-credential-model,standalone-silo,Identity and personal security,"Fraud, forgery & impersonation",high,Digital identity & civil registration,high,digital government / identity authentication,Adjacent: Identity & PKI,"identity, authenticity-anti-counterfeit",impersonation; unauthorized access to government services,adjacent context,OECD guidance,"More than 16.3 million registered users and over 19 million identity-verification transactions, integrated with 500+ government and private platforms, as of May 28, 2024 (Saudi Press Agency, official state news agency, citing SDAIA). [https://www.spa.gov.sa/N2111730]",1,No published evaluation identified (checked),0,No published compliance-cost figure identified,0,https://oecd-opsi.org/innovations/nafath-app/,"OECD-OPSI (authoritative) confirms Nafath introduced 2021, operated by National Information Center (SDAIA arm), mandated by Digital Government Authority as national SSO/biometric auth across 470+ platforms."
347,Absher Platform,Absher,"Ministry of Interior, Kingdom of Saudi Arabia",Ministry of Interior,public,2010,2010,,in force,national,binding-regulation,de-facto-required-for-market-access,hybrid,data-credential-model,standalone-silo,Identity and personal security,"Fraud, forgery & impersonation",high,Digital identity & civil registration,high,digital government / identity and e-services,Adjacent: Identity & PKI,"identity, authenticity-anti-counterfeit",impersonation; unauthorized access to civil services,adjacent context,(no explicit dependency identified),"28 million unified digital identities issued as of December 2024; 605,000+ daily operations over the preceding year; over 448 million digital transactions processed in 2025; 7.7 million transactions in July 2024 alone (Saudi Ministry of Interior, via SPA/Saudi Gazette). [https://www.biometricupdate.com/202409/saudi-arabias-absher-boosts-digital-id-delivery-financial-inclusion]",1,"reduced-harm — processing times for licenses and reviews cut by 95%, with an estimated SAR 23 billion (US$6.1B) in savings; 94% of Saudi adults now hold digital wallets/bank accounts (Biometric Update, Sept 2024, citing Ministry of Interior and World Bank data), though ~6.7 million remain unbanked with urban/rural and gender gaps persisting. [https://www.biometricupdate.com/202409/saudi-arabias-absher-boosts-digital-id-delivery-financial-inclusion]",1,No published compliance-cost figure identified,0,https://saudipedia.com/en/absher-platform,"Saudipedia (Saudi national encyclopedia) confirms Absher is Ministry of Interior online platform launched 2010, ~28M digital IDs (2024), 460+ services; not cited via Wikipedia."
348,Infraestrutura de Chaves Publicas Brasileira (ICP-Brasil),ICP-Brasil,"Instituto Nacional de Tecnologia da Informacao (ITI) / Comite Gestor da ICP-Brasil, Brazil",Instituto Nacional de Tecnologia da Informacao / Comite Gestor da ICP-Brasil,public,2001,2001,,in force,national,binding-regulation,de-facto-required-for-market-access,hybrid,data-credential-model,standalone-silo,Product integrity,Counterfeiting & falsification,high,"Legal, notarial & e-commerce",high,electronic signature / trust services,Adjacent: Legal & Notarial,"identity, authenticity-anti-counterfeit",document forgery; repudiation of e-transactions,adjacent context,Medida Provisoria 2.200-2/2001,"955,381 digital certificates issued in August 2025 alone (+6.34% year-on-year); 8.82 million issued January–August 2025 (2025 full-year projected at 11.78 million); 15.28 million active certificates in circulation (50.3% legal entities, 49% individuals, 0.7% equipment) — Associação Nacional de Certificação Digital (ANCD), citing ITI data. [https://ancd.org.br/icp-brasil-apresenta-crescimento-em-agosto-de-2025/]",1,No published evaluation identified (checked),0,No published compliance-cost figure identified,0,https://www.planalto.gov.br/ccivil_03/mpv/antigas_2001/2200-2.htm,Planalto official legal text confirms MP 2.200-2 of 24 Aug 2001 instituted ICP-Brasil with ITI as Root Certification Authority and Comite Gestor as policy authority.
349,e.firma (formerly FIEL),e.firma,"Servicio de Administracion Tributaria (SAT), Mexico",Servicio de Administracion Tributaria,public,2004,,https://www.diputados.gob.mx/LeyesBiblio/ref/cff/CFF_ref31_05ene04.pdf,in force,national,binding-regulation,de-facto-required-for-market-access,mandate-driven,data-credential-model,standalone-silo,Product integrity,Counterfeiting & falsification,high,"Legal, notarial & e-commerce",high,electronic signature / trust services,Adjacent: Legal & Notarial,"identity, authenticity-anti-counterfeit",document forgery; repudiation of tax/legal transactions,adjacent context,Codigo Fiscal de la Federacion Art. 17-D,"25.19 million e.firma certificates issued cumulatively from 2004 through June 2019, with 14.19 million enrolled contributors; 1.79 million certificates issued in H1 2019 alone (Mexico's Servicio de Administración Tributaria, SAT, data as reported Nov 2019). [https://www.opportimes.com/global/cuentan-con-e-firma-14-2-millones-de-contribuyentes-sat/]",1,No published evaluation identified (checked),0,No published compliance-cost figure identified,0,https://www.sat.gob.mx/gobmx/Paginas/ficha_105_cff.html,"Official SAT page confirms e.firma is SAT-issued digital certificate/e-signature (.cer/.key) under Codigo Fiscal Art.17-D; issuance year not stated in source so left blank. [Batch year-fill: 2004 (Legal establishment of the Firma Electrónica Avanzada (FIEL, now e.firma) via reform of the Código Fiscal de la Federación (Articles 17-C to 17-J, including 17-D mandating the advanced electronic signature administered by SAT), published in the Diario Oficial de la Federación on January 5, 2004.), high confidence. https://www.diputados.gob.mx/LeyesBiblio/ref/cff/CFF_ref31_05ene04.pdf]"
350,Clave Unica de Registro de Poblacion / CURP Biometrica,CURP,"Registro Nacional de Poblacion (RENAPO), Secretaria de Gobernacion, Mexico",Registro Nacional de Poblacion,public,2025,2025,,phased-in,national,binding-regulation,mandatory,mandate-driven,identifier,standalone-silo,Identity and personal security,"Fraud, forgery & impersonation",high,Digital identity & civil registration,high,foundational digital identity / population registry,Adjacent: Identity & PKI,identity,identity fraud; exclusion from procedures and services,adjacent context,Ley General de Poblacion,"Approximately 27 million people had completed biometric CURP registration as of August 27, 2025, per RENAPO Director Félix Arturo Arce (voluntary, phased rollout). [https://www.jornada.com.mx/noticia/2025/08/27/politica/curp-biometrica-alcanza-los-27-millones-de-registros-informa-renapo]",1,No published evaluation identified (checked),0,No published compliance-cost figure identified,0,https://www.bakertilly.mx/en/insights/reforma-a-la-ley-general-de-poblacion,Baker Tilly Mexico summary of Ley General de Poblacion reform (DOF 16 Jul 2025) confirms biometric CURP (18-char + fingerprints/photo) as mandatory national ID document under Secretaria de Gobernacion; original CURP dates to 1996.
351,gov.br unified digital identity (Conta gov.br / Login Unico),gov.br,"Ministry of Management and Innovation in Public Services / Serpro, Brazil",Ministry of Management and Innovation in Public Services / Serpro,public,2016,,https://www.planalto.gov.br/ccivil_03/_ato2015-2018/2016/decreto/d8936.htm,in force,national,binding-regulation,de-facto-required-for-market-access,hybrid,data-credential-model,standalone-silo,Identity and personal security,"Fraud, forgery & impersonation",high,Digital identity & civil registration,high,digital government / identity authentication,Adjacent: Identity & PKI,"identity, authenticity-anti-counterfeit",impersonation; unauthorized access to public services,adjacent context,(no explicit dependency identified),155 million gov.br accounts by December 2023 (up 9.6% from 141.7 million in Dec 2022); 116.6 million unique accesses and 50+ million electronic signatures (+194% YoY) in 2023; over 100 million accounts reached verified Silver/Gold security level by May 2025 (Brazil's Ministério da Gestão e da Inovação em Serviços Públicos). [https://www.gov.br/gestao/pt-br/assuntos/noticias/2023/dezembro/gov-br-alcanca-155-milhoes-de-brasileiros-em-2023],1,No published evaluation identified (checked),0,No published compliance-cost figure identified,0,https://www.gov.br/g20/en/news/the-brazilian-gov-br-portal-is-a-global-highlight-of-the-digital-government-and-inclusion-workshop,"Official gov.br (G20) page confirms unified digital-identity SSO with 156M+ registered users and 4,200+ services, operated under Ministry of Management/Serpro; launch year not stated in source so left blank. [Batch year-fill: 2016 (adopted/established (Decreto nº 8.936, de 19 de dezembro de 2016, instituting the Plataforma de Cidadania Digital, which created the 'mecanismo de acesso digital único' — the unique digital access/authentication mechanism that became Conta gov.br / Login Único; the broader gov.br portal itself was later unified under Decreto 9.756/2019)), high confidence. https://www.planalto.gov.br/ccivil_03/_ato2015-2018/2016/decreto/d8936.htm]"
352,OpenID Connect Core 1.0,OIDC,OpenID Foundation,OpenID Foundation,NGO-multistakeholder,2023,2023,,in force,global-multilateral,voluntary-consensus-standard,voluntary,market-driven,traceability-exchange-protocol,mutual-recognition,Identity and personal security,"Fraud, forgery & impersonation",high,Digital identity & civil registration,high,identity standards / authentication,Adjacent: Identity & PKI,"identity, authenticity-anti-counterfeit",identity fraud; insecure/non-interoperable authentication,adjacent context,OAuth 2.0 (RFC 6749),"By its first certification-anniversary report (Feb 2017), the OpenID Foundation recorded 155 total certifications covering 51 distinct implementations, including 34 Relying Party certifications (12 implementations) from adopters such as Ping Identity, Symantec, Verizon, Red Hat, Yahoo! Japan, Okta, NTT, NEC, and Auth0. [https://openid.net/specs/openid-connect-core-1_0.html]",1,No published evaluation identified (checked),0,No published compliance-cost figure identified,0,https://openid.net/specs/openid-connect-core-1_0.html,OpenID Foundation spec confirms OIDC Core is identity layer on OAuth 2.0; version cited is Final incorporating errata set 2 published 15 Dec 2023 (original Final 2014).
353,OpenID Federation 1.0,OpenID Federation,OpenID Foundation,OpenID Foundation,NGO-multistakeholder,2026,2026,,in force,global-multilateral,voluntary-consensus-standard,voluntary,market-driven,traceability-exchange-protocol,mutual-recognition,Product integrity,Counterfeiting & falsification,high,Digital identity & civil registration,high,identity standards / trust frameworks,Adjacent: Identity & PKI,"identity, authenticity-anti-counterfeit",unverified trust between identity parties; federation spoofing,adjacent context,OpenID Connect; OAuth 2.0; JWT,"Not adopted as a mandated component; cited only as an optional alternative trust-framework mechanism ('an OpenID Federation, or a similar trust framework') in the EU's EUDI Wallet Architecture and Reference Framework (ARF) v1.4, Annex 2, 2025-2026. [https://openid.net/specs/openid-federation-wallet-1_0.html ; https://eudi.dev/1.4.0/annexes/annex-2/annex-2-high-level-requirements/]",0,No published evaluation identified (checked),0,No published compliance-cost figure identified,0,https://openid.net/specs/openid-federation-1_0.html,"OpenID Foundation spec confirms Federation 1.0 (Final, 17 Feb 2026) defines Entity Statements and cryptographic Trust Chains for multilateral federations without bilateral agreements."
354,EU Digital Identity Wallet Architecture and Reference Framework,EUDI Wallet ARF,European Commission,European Union,public,2024,2024,,phased-in,regional,govt-referenced-standard,mandatory,mandate-driven,data-credential-model,mutual-recognition,System interoperability,Interoperability & fragmentation failure,high,Digital identity & civil registration,high,digital identity wallets / trust services,Adjacent: Legal & Notarial,"identity, authenticity-anti-counterfeit",cross-border identity fraud; fragmented/insecure eID,adjacent context,Regulation (EU) 2024/1183 (eIDAS 2.0); ISO/IEC 18013-5; OpenID4VP; W3C Verifiable Credentials,"Mandated by EU Regulation (EU) 2024/1183 (eIDAS 2.0): all 27 EU member states must offer at least one certified EUDI Wallet, implemented via Commission Implementing Regulations 2024/2977-2025/849; Large-Scale Pilots launched February 2022 under the Digital Europe Programme. [https://eudi.dev/2.4.0/architecture-and-reference-framework-main]",1,Not yet published — rollout/pilots still in progress as of 2026; no outcome evaluation available. [https://eudi.dev/2.4.0/architecture-and-reference-framework-main],0,No published compliance-cost figure identified,0,https://ec.europa.eu/digital-building-blocks/sites/spaces/EUDIGITALIDENTITYWALLET/pages/694487738/EU+Digital+Identity+Wallet+Home,European Commission portal confirms ARF is technical blueprint under Regulation (EU) 2024/1183 (in force May 2024); Member States must provide a wallet by 2026; ARF v2.0 published May 2025.
355,AAMVA Mobile Driver's License (mDL) Implementation Guidelines,AAMVA mDL Guidelines,American Association of Motor Vehicle Administrators (AAMVA),American Association of Motor Vehicle Administrators,hybrid,2024,2024,,in force,regional,voluntary-consensus-standard,voluntary,market-driven,data-credential-model,mutual-recognition,Product integrity,Counterfeiting & falsification,high,Digital identity & civil registration,high,driver licensing / mobile identity,Adjacent: Identity & PKI,"identity, authenticity-anti-counterfeit",ID forgery; privacy over-disclosure; non-interoperable mDLs,adjacent context,ISO/IEC 18013-5,"21 US states plus Puerto Rico issuing mDLs accepted by TSA at airport checkpoints as of mid-January 2026 (New York: 200,000+ Mobile ID enrollments as of March 2025; Georgia: 500,000+ digital ID users as of July 2025). [https://regulaforensics.com/blog/mobile-drivers-license-verification/ ; https://www.aamva.org/topics/mobile-driver-license]",1,No published evaluation identified (checked),0,No published compliance-cost figure identified,0,"https://www.aamva.org/publications-news/aamva-news/now-available-mobile-driver-s-license-(mdl)-implementation-guidelines,-version-1-4","AAMVA official news confirms mDL Implementation Guidelines v1.4 (Dec 2024) built on ISO/IEC 18013-5 for interoperability, trust, and privacy across US/Canadian issuing authorities (v1.0 was 2021)."
356,EA Multilateral Agreement,EA MLA,European co-operation for Accreditation (EA),European co-operation for Accreditation,hybrid,1997,,https://www.enac.es/documents/7020/756079/the_ea_mla_brochure.pdf/aa56e928-840d-4cd9-ac31-659caf6fe317,in force,regional,accreditation-or-mutual-recognition-arrangement,de-facto-required-for-market-access,hybrid,governance-mutual-recognition,mutual-recognition,System interoperability,Interoperability & fragmentation failure,high,Cross-sector conformity assessment & accreditation,high,cross-sector,Cross-sector Horizontal,compliance-conformity,fragmented accreditation; trade barriers within EU/EEA,peer framework,ISO/IEC 17011; Regulation (EC) 765/2008; IAF MLA; ILAC MRA,44 EA Member signatories by end of 2024; EA MLA Mark (launched 1 September 2025) covers 43 signatory countries. [https://iaf.news/2025/05/30/ea-publishes-mla-report-and-hosts-key-workshops/ ; https://docnova.ai/european-accreditation-ea-mla-mark-2025/],1,No published evaluation identified (checked),0,No published compliance-cost figure identified,0,https://european-accreditation.org/mutual-recognition/the-ea-mla/,"Confirmed via EA site: MLA recognizes equivalence of members' accreditation across 9 CA activities ('accredited once, accepted everywhere'); Regulation (EC) 765/2008 requires national authorities to recognize EA-peer-evaluated NABs. Founding year not confirmed this session. [Batch year-fill: 1997 (EA and the EA Multilateral Agreement (MLA) were established/signed in 1997), high confidence. https://www.enac.es/documents/7020/756079/the_ea_mla_brochure.pdf/aa56e928-840d-4cd9-ac31-659caf6fe317]"
357,African Accreditation Cooperation Recognition Arrangement,AFRAC,African Accreditation Cooperation (AFRAC),African Accreditation Cooperation,hybrid,2010,,https://capacity4dev.europa.eu/media/28229/download/e989b945-4c0d-4922-ad1a-eead2ef8a118_en,in force,regional,accreditation-or-mutual-recognition-arrangement,voluntary,hybrid,governance-mutual-recognition,mutual-recognition,System interoperability,Interoperability & fragmentation failure,high,Cross-sector conformity assessment & accreditation,high,cross-sector,Cross-sector Horizontal,compliance-conformity,unreliable conformity results; barriers to intra-African trade and public health/safety,peer framework,ISO/IEC 17011; ILAC MRA; IAF MLA; Pan-African Quality Infrastructure (PAQI),"8 AFRAC Arrangement members as of 1 October 2025 (AFRAC's own membership register); an earlier tiered structure (2019 General Assembly) listed 11 accreditation bodies (6 MRA signatories, 4 full members, 1 associate). [https://www.intra-afrac.com/Documents/AFRAC%20Arrangement%20Membership%20-%20updated%2001102025.pdf ; https://ilac.org/latest_ilac_news/afrac-now-recognised-under-the-ilac-mra/]",1,No published evaluation identified (checked),0,No published compliance-cost figure identified,0,https://ilac.org/latest_ilac_news/afrac-now-recognised-under-the-ilac-mra/,"Confirmed via ILAC news: AFRAC is an association of African accreditation bodies and sub-regional cooperations; RCB member of ILAC since 2011; recognised under ILAC MRA following 2016-2018 evaluation for ISO/IEC 17025, 15189, 17020. Founding year not confirmed this session. [Batch year-fill: 2010 (AFRAC (which develops and implements the AFRAC MRA/Recognition Arrangement) was formally launched on 29 September 2010 in Cairo, Egypt, per an official AFRAC orientation presentation; exact date of the MRA document's own signing/adoption was not separately located, but individual arrangement members' scopes are recorded from as early as 2014 onward.), medium confidence. https://capacity4dev.europa.eu/media/28229/download/e989b945-4c0d-4922-ad1a-eead2ef8a118_en]"
358,SADC Cooperation in Accreditation,SADCA,Southern African Development Community Cooperation in Accreditation (SADCA),Southern African Development Community Cooperation in Accreditation,public,2008,,https://www.sadca.org/pages/About.aspx,in force,regional,accreditation-or-mutual-recognition-arrangement,voluntary,hybrid,governance-mutual-recognition,mutual-recognition,System interoperability,Interoperability & fragmentation failure,high,Cross-sector conformity assessment & accreditation,high,cross-sector,Cross-sector Horizontal,compliance-conformity,technical barriers to trade in Southern Africa; unreliable conformity results,peer framework,ISO/IEC 17011; SADC Protocol on Trade (TBT Annex); IAF MLA; ILAC MRA,"SADCAS (SADCA's operational accreditation body) services 14 SADC Member States; as of 31 March 2025 had issued 381 accreditation certificates to 325 facilities across 13 SADC states plus Mauritius (plus 4 certificates to non-SADC Burundi/Uganda), with 48 new accreditations granted in FY2024/25. [https://www.sadcas.org/sadcas-press-release-world-accreditation-day-2025]",1,No published evaluation identified (checked),0,No published compliance-cost figure identified,0,https://iaf.news/2023/04/30/sadca-obtains-its-international-recognition/,"Confirmed via IAF Outlook: SADCA is a TBT cooperation structure under the SADC Protocol on Trade; member bodies MAURITAS, SADCAS, SANAS; obtained IAF MLA recognition 28 Mar 2023 (ISO/IEC 17021-1 QMS); distinct from SADCAS. Founding year not confirmed this session. [Batch year-fill: 2008 (SADCA is a TBT Cooperation Structure established under the TBT Annex to the SADC Protocol on Trade (which per Article 18 created SADCA); the TBT Annex was approved by the SADC Committee of Ministers of Trade on 12 July 2008 in Lusaka, Zambia.), medium confidence. https://www.sadca.org/pages/About.aspx]"
359,IECEE CB Scheme,CB Scheme,"IEC System of Conformity Assessment Schemes for Electrotechnical Equipment and Components (IECEE), IEC",ISO / IEC,NGO-multistakeholder,1985,1985,,in force,global-multilateral,accreditation-or-mutual-recognition-arrangement,de-facto-required-for-market-access,market-driven,conformity-assessment-certification,mutual-recognition,Product integrity,Unsafe or non-compliant products,high,Cross-sector conformity assessment & accreditation,high,electrical and electronic products,Cross-sector Horizontal,"safety, compliance-conformity",unsafe electrical/electronic products; duplicative testing and trade barriers,peer framework,IEC product safety standards; ISO/IEC 17067; ISO/IEC 17025,"134,403 international IECEE CB Scheme certificates issued in 2025 (+7.4% year-on-year); scheme comprises 54 Member Body countries, 94 National Certification Bodies, and 577 testing laboratories. [https://www.nemko.com/blog/the-cb-scheme-statistics-for-2025-now-available]",1,No published evaluation identified (checked),0,No published compliance-cost figure identified,0,https://www.iecee.org/about/cb-scheme/,"Confirmed via IECEE: international system for mutual acceptance of test reports and CB Test Certificates for electrical/electronic product safety; originated under CEE, integrated into IEC in 1985; goal 'one product, one test, one mark'."
360,IECEx Scheme (Certification for Equipment for Explosive Atmospheres),IECEx,International Electrotechnical Commission (IEC) - IECEx System,ISO / IEC,NGO-multistakeholder,1996,,https://www.iecex.com/,in force,global-multilateral,accreditation-or-mutual-recognition-arrangement,de-facto-required-for-market-access,market-driven,conformity-assessment-certification,mutual-recognition,Product integrity,Unsafe or non-compliant products,high,Cross-sector conformity assessment & accreditation,medium,"hazardous-area equipment (oil and gas, mining, chemicals)",Cross-sector Horizontal,"safety, compliance-conformity",explosions/fires from non-compliant equipment in explosive atmospheres,peer framework,IEC 60079 series; ISO 80079; ISO/IEC 17067,"IECEx certification is accepted by over 30 member countries (current figure, undated, per IECEx's own overview page). [https://www.iecex.com/certified-equipment-scheme/overview/]",1,No published evaluation identified (checked),0,No published compliance-cost figure identified,0,https://www.iecex.com/certified-equipment-scheme/overview/,"Confirmed via IECEx: certifies equipment/components for explosive atmospheres via Certificates of Conformity, component and unit-verification certificates; accepted by 30+ member countries; global Online Certificate System (OCS). Founding year (1996) not confirmed this session. [Batch year-fill: 1996 (established/inception of the IECEx System), high confidence. https://www.iecex.com/]"
361,IEC Quality Assessment System for Electronic Components (IECQ),IECQ,International Electrotechnical Commission (IEC) - IECQ System,ISO / IEC,NGO-multistakeholder,1980,,https://www.iecq.org/faqs,in force,global-multilateral,accreditation-or-mutual-recognition-arrangement,voluntary,market-driven,conformity-assessment-certification,mutual-recognition,Product integrity,Unsafe or non-compliant products,high,Cross-sector conformity assessment & accreditation,high,electronic components and supply chain,Cross-sector Horizontal,"composition, compliance-conformity",substandard/counterfeit electronic components; undeclared hazardous substances,peer framework,IEC standards and IECQ specifications; IEC 63000 (hazardous substances); ISO/IEC 17067,"IECQ-approved certification bodies operate across more than 40 countries (current figure, undated, per IECQ's own 'About us' page). [https://www.iecq.org/who-we-are/about-us]",1,No published evaluation identified (checked),0,No published compliance-cost figure identified,0,https://www.iecq.org/who-we-are/about-us,"Confirmed via IECQ: globally harmonized certification/verification for electronic components incl. supply-chain and hazardous-substance process management; certificates listed on official IECQ site; approved CBs in 40+ countries. Founding year not confirmed this session. [Batch year-fill: 1980 (), high confidence. https://www.iecq.org/faqs]"
362,BIS ISI Mark Scheme (Scheme-I),ISI,"Bureau of Indian Standards (BIS), India",Bureau of Indian Standards,public,1955,,https://www.bis.gov.in/the-bureau/origin-of-bis/?lang=en,in force,national,binding-regulation,mandatory,mandate-driven,conformity-assessment-certification,standalone-silo,Product integrity,Unsafe or non-compliant products,high,Cross-sector conformity assessment & accreditation,high,"cross-sector industrial products (cement, electrical goods, LPG cylinders, tyres)",Cross-sector Horizontal,"safety, compliance-conformity","substandard/unsafe products (cement, gas cylinders, electrical goods, feeding bottles)",mandate-owner to recognize,BIS Act 2016; Indian Standards (IS); Government Quality Control Orders (QCOs),"BIS total product-certification licences exceeded 51,500 in 2025, with ~9,700 new licences granted that year; 124 new products were brought under mandatory BIS certification in 2025, bringing the total to 1,437+ mandatorily certified products (98% of simplified-procedure and 85% of normal-procedure licences issued within 30 days). [https://ianslive.in/bis-develops-over-600-new-standards-in-2025-9700-new-licences-granted--20260107092810]",1,No published evaluation identified (checked),0,No published compliance-cost figure identified,0,https://www.bis.gov.in/product-certification/products-under-compulsory-certification/scheme-i-mark-scheme/?lang=en,"Confirmed via official BIS page: ISI Mark Scheme-I product certification under BIS Act 2016; 100+ products under compulsory certification via Government QCOs cannot be manufactured or sold without the ISI mark. [Batch year-fill: 1955 (formally launched/adopted as the Certification Marks Scheme (ISI Marking Scheme), later designated Scheme-I), high confidence. https://www.bis.gov.in/the-bureau/origin-of-bis/?lang=en]"
363,KEBS Pre-Export Verification of Conformity,PVoC,Kenya Bureau of Standards (KEBS),Kenya Bureau of Standards,public,2005,2005,,in force,national,binding-regulation,mandatory,mandate-driven,conformity-assessment-certification,standalone-silo,Product integrity,Unsafe or non-compliant products,high,Cross-sector conformity assessment & accreditation,high,cross-sector imports,Cross-sector Horizontal,"safety, compliance-conformity",substandard/dumped imports; consumer health and safety,mandate-owner to recognize,Standards Act Cap 496; Legal Notice No. 78 (2005); WTO TBT Agreement Art. 5; Kenya Standards,"Approximately 65,000 PVoC certificates of conformity processed annually, at an average cost of ~USD 1,500 each (~KES 9.5 billion in annual revenue to inspection agents, of which ~KES 2.6 billion is remitted to KEBS). [https://www.ic.ptb.de/media/fileadmin/Publications/PTB_Study_PVoC_Kenya_EN.pdf]",1,"mixed — PTB (Germany's national metrology institute) study: intended to curb dumping of substandard goods and counterfeits, but effectiveness undermined by scope creep (expanded from targeted high-risk products to nearly all imports regardless of regulation), application of inappropriate standards to novel products, and absence of supporting impact data; assessed overall as 'overly prescriptive and costly.' [https://www.ic.ptb.de/media/fileadmin/Publications/PTB_Study_PVoC_Kenya_EN.pdf]",1,No published compliance-cost figure identified,0,https://www.kebs.org/pre-export-verification-of-conformity/,"Confirmed via KEBS: PVoC launched 29 Sept 2005 under Legal Notice No. 78 (July 2005), Standards Act Cap 496; imports require a Certificate of Conformity (CoC) issued by KEBS-appointed inspection agents in the country of origin."
364,Emirates Conformity Assessment Scheme,ECAS,"Ministry of Industry and Advanced Technology (MOIAT), UAE (formerly ESMA)",Ministry of Industry and Advanced Technology,public,2004,,https://www.trade.gov/knowledge-product/united-arab-emirates-trade-standards,in force,national,binding-regulation,mandatory,mandate-driven,conformity-assessment-certification,standalone-silo,Product integrity,Unsafe or non-compliant products,high,Cross-sector conformity assessment & accreditation,high,cross-sector regulated consumer products,Cross-sector Horizontal,"safety, compliance-conformity",unsafe/non-compliant consumer products in the UAE market,mandate-owner to recognize,UAE Federal Law No. 28 of 2001 (ESMA); UAE/GSO standards; ISO/IEC 17065,No published figure identified (checked),0,No published evaluation identified (checked),0,No published compliance-cost figure identified,0,https://www.tuv.com/market-access-services/en/certification-filter/uae-moiat-ecas-certification-(emirates-conformity-assessment-scheme).html,"Confirmed via TUV/MOIAT: ECAS is MOIAT (ex-ESMA) mandatory product certification mandated by UAE Federal Law 28 of 2001; requires an ECAS Certificate of Conformity and ECAS mark across 14 regulated product categories. Scheme launch year not confirmed this session. [Batch year-fill: 2004 (introduced/adopted), medium confidence. https://www.trade.gov/knowledge-product/united-arab-emirates-trade-standards]"
365,Emirates Quality Mark,EQM,"Ministry of Industry and Advanced Technology (MOIAT), UAE (formerly ESMA)",Ministry of Industry and Advanced Technology,public,2013,,https://www.racs-me.com/service/emirates-quality-mark/,in force,national,binding-regulation,mandatory,hybrid,conformity-assessment-certification,standalone-silo,Product integrity,Unsafe or non-compliant products,high,Cross-sector conformity assessment & accreditation,medium,"cross-sector (food, dairy, water, and other products)",Cross-sector Horizontal,"safety, compliance-conformity, composition",substandard food and consumer products; misleading quality claims,mandate-owner to recognize,UAE Federal Law No. 28 of 2001; UAE standards; ISO 9001 (QMS element); ISO/IEC 17065,No published figure identified (checked),0,No published evaluation identified (checked),0,No published compliance-cost figure identified,0,https://www.tuv.com/market-access-services/en/certification-filter/uae-moiat-emirates-quality-mark-(eqm).html,"Confirmed via TUV/MOIAT: EQM is the MOIAT (ex-ESMA) product certification mark under Federal Law 28/2001 verifying conformity to UAE standards plus factory inspection/QMS; mandatory for certain foods (dairy, water, juices) and offered voluntarily for other categories; higher-tier quality mark distinct from ECAS. Launch year not confirmed this session. [Batch year-fill: 2013 (adopted - ESMA/MOIAT Board of Directors Decision No. (2-2-3) of 2013 establishing the technical requirements of the Emirates Quality Mark (EQM) Scheme), medium confidence. https://www.racs-me.com/service/emirates-quality-mark/]"
366,SNI Mandatory Product Certification (Standar Nasional Indonesia),SNI,"Badan Standardisasi Nasional (BSN) with Komite Akreditasi Nasional (KAN), Indonesia",Badan Standardisasi Nasional with Komite Akreditasi Nasional,public,1997,,https://bphn.go.id/data/documents/97kp013.pdf,in force,national,binding-regulation,mandatory,mandate-driven,conformity-assessment-certification,standalone-silo,Product integrity,Unsafe or non-compliant products,high,Cross-sector conformity assessment & accreditation,high,"cross-sector (electrical goods, cables, AV equipment, and other regulated products)",Cross-sector Horizontal,"safety, compliance-conformity",unsafe/substandard products in the Indonesian market,mandate-owner to recognize,SNI standards; KAN accreditation (ISO/IEC 17065); ministerial designation of certification bodies,"As of 2024, Indonesia's BSN had developed over 5,300 SNI standards in total, of which 130 are designated mandatory, concentrated in products affecting safety, health, and the environment (per the US International Trade Administration's Indonesia Country Commercial Guide, citing BSN). [https://www.trade.gov/country-commercial-guides/indonesia-standards-trade]",1,No published evaluation identified (checked),0,No published compliance-cost figure identified,0,https://www.ul.com/resources/sni-certification-guide-indonesian-national-standards,"Confirmed via UL Solutions guide: SNI is Indonesia's sole national standard, mandatory (wajib) for various products (electrical cables, fans, plugs/sockets, AV equipment); certified by KAN-accredited bodies designated by ministries; SNI mark required for market access. Legal basis and start year not confirmed this session. [Batch year-fill: 1997 (Establishment of Badan Standardisasi Nasional (BSN), the body that administers the SNI standard/certification system, via Presidential Decree (Keputusan Presiden) No. 13 of 1997, dated March 26/27 1997, replacing the former Dewan Standardisasi Nasional (DSN)), high confidence. https://bphn.go.id/data/documents/97kp013.pdf]"
367,"EMV Integrated Circuit Card Specifications for Payment Systems (Contact Chip, Books 1-4)",EMV Contact / ICC,"EMVCo, LLC",EMVCo,private,1996,,http://www.ttfn.net/techno/smartcards/cardspec.pdf,in force,global-multilateral,private-industry-scheme,de-facto-required-for-market-access,hybrid,data-credential-model,mutual-recognition,Identity and personal security,"Fraud, forgery & impersonation",high,Payments & cards,high,Card payments,Adjacent: Payments,"authenticity-anti-counterfeit, identity",counterfeit-card and chip payment fraud,adjacent context,ISO/IEC 7816 (contact smart cards),"97% of card-present transactions worldwide were EMV chip transactions as of Q4 2025 (EMVCo, aggregating American Express, Discover, JCB, Mastercard, UnionPay, Visa data). [https://www.emvco.com/about-us/worldwide-emv-deployment-statistics/ ; https://www.kansascityfed.org/research/payments-system-research-briefings/did-card-present-fraud-rates-decline-in-the-united-states-after-the-migration-to-chip-cards/]",1,"mixed — Federal Reserve Bank of Kansas City research briefing on the US chip migration: on dual-message networks (Visa/Mastercard/Discover credit and signature-debit), counterfeit card-present fraud did not decline (9.0 to 9.1 basis points, 2015-2021) and lost-or-stolen fraud nearly tripled (1.6 to 4.5 bps), with overall card-present fraud rising (10.1 to 14.9 bps, 2017-2021); by contrast, single-message PIN-debit networks (STAR/NYCE/Pulse) saw counterfeit fraud fall (3.2 to 1.7 bps) and overall card-present fraud decline (6.5 to 3.7 bps). [https://www.emvco.com/about-us/worldwide-emv-deployment-statistics/ ; https://www.kansascityfed.org/research/payments-system-research-briefings/did-card-present-fraud-rates-decline-in-the-united-states-after-the-migration-to-chip-cards/]",1,No published compliance-cost figure identified,0,https://www.emvco.com/emv-technologies/emv-contact-chip/,"EMVCo page confirms EMVCo owns/maintains the EMV Chip (contact) Specifications; specific version/year not stated on page, left blank. [Batch year-fill: 1996 (first published / adopted - original EMV '96 Integrated Circuit Card Specification for Payment Systems (Version 3.0), dated June 30, 1996, jointly copyrighted by Europay, MasterCard, and Visa; this is the direct predecessor to today's EMV Contact Chip Books 1-4 maintained by EMVCo (formed 1999)), high confidence. http://www.ttfn.net/techno/smartcards/cardspec.pdf]"
368,EMV Contactless Specifications for Payment Systems (Books A-D),EMV Contactless,"EMVCo, LLC",EMVCo,private,2026,2026,,in force,global-multilateral,private-industry-scheme,de-facto-required-for-market-access,hybrid,data-credential-model,mutual-recognition,Product integrity,Counterfeiting & falsification,high,Payments & cards,high,Card payments,Adjacent: Payments,"authenticity-anti-counterfeit, identity",contactless/NFC card fraud and interoperability failure,adjacent context,EMV Contact ICC Specifications; ISO/IEC 14443 (contactless interface),"UK Finance's 2025 Annual Fraud Report states 74% of all UK card transactions were contactless in 2024. EMVCo's own contactless materials project global contactless transaction value reaching ~US$6 trillion by 2024, up from US$2 trillion in 2020. [https://www.ukfinance.org.uk/system/files/2025-05/UK%20Finance%20Annual%20Fraud%20report%202025.pdf]",1,"reduced-harm — UK Finance (2025) found contactless fraud was only 7% of overall card fraud losses despite being 74% of transactions; the contactless fraud-to-turnover ratio was 1.3p per £100 vs 6.0p for card fraud overall, and 2024 (£41.1m) was the first year-on-year decline in contactless fraud losses since 2020. [https://www.ukfinance.org.uk/system/files/2025-05/UK%20Finance%20Annual%20Fraud%20report%202025.pdf]",1,No published compliance-cost figure identified,0,https://www.emvco.com/emv-technologies/emv-contactless-chip/,EMVCo page confirms EMVCo as owner and lists current Contactless Books (A/B/C-2/C-7/C-8) at v2.12 dated 6 Jul 2026.
369,EMV Payment Tokenisation Specification - Technical Framework,EMV Payment Tokenisation,"EMVCo, LLC",EMVCo,private,2026,2026,,in force,global-multilateral,private-industry-scheme,de-facto-required-for-market-access,hybrid,data-credential-model,mutual-recognition,Financial integrity,"Financial crime, AML & mispriced risk",high,Payments & cards,high,Card payments / mobile & e-commerce,Adjacent: Payments,"identity, authenticity-anti-counterfeit",exposure/theft of primary account numbers (PAN) and account fraud,adjacent context,EMV Chip Specifications; defines Token Service Provider (TSP) and Payment Account Reference (PAR),"Mastercard's own newsroom (March 2025) states more than 30% of Mastercard transactions globally are now tokenized, and Mastercard has more tokens enabled for digital payments than physical cards in circulation. [https://www.mastercard.com/global/en/news-and-trends/stories/2025/one-click-checkout.html]",1,No published evaluation identified (checked),0,No published compliance-cost figure identified,0,https://www.emvco.com/emv-technologies/payment-tokenisation/,EMVCo page confirms EMVCo ownership and states latest Technical Framework v2.4 published 9 Jul 2026; replaces PAN with constrained payment tokens.
370,EMV 3-D Secure Protocol and Core Functions Specification,EMV 3DS,"EMVCo, LLC",EMVCo,private,2023,2023,,in force,global-multilateral,private-industry-scheme,de-facto-required-for-market-access,hybrid,traceability-exchange-protocol,mutual-recognition,Identity and personal security,"Fraud, forgery & impersonation",high,Payments & cards,high,E-commerce card payments,Adjacent: Payments,"identity, authenticity-anti-counterfeit",card-not-present (CNP) e-commerce fraud,adjacent context,Original 3-D Secure protocol; underpins card-scheme authentication services (Visa/Mastercard etc.),No published figure identified (checked),0,"reduced-harm — Visa's own corporate data show authenticated (3-D Secure) e-commerce transactions carry about 45% less fraud than non-authenticated transactions (11 bps vs 20 bps of fraud), and Visa Secure delivered a 9% lift in authorization approval rates (2023 data) for authenticated transactions. [https://corporate.visa.com/en/solutions/visa-protect/insights/3d-secure.html]",1,No published compliance-cost figure identified,0,https://www.emvco.com/whitepapers/emv-3-d-secure-whitepaper/3-d-secure-documentation/3-d-secure-specification/,"EMVCo page confirms owner EMVCo, LLC and current version v2.3.1 (v2.3.1.1 with bulletins to Aug 2023) for CNP cardholder authentication."
371,EMV Secure Remote Commerce Specification (Click to Pay),EMV SRC,"EMVCo, LLC",EMVCo,private,2025,2025,,in force,global-multilateral,private-industry-scheme,de-facto-required-for-market-access,hybrid,traceability-exchange-protocol,mutual-recognition,Identity and personal security,"Fraud, forgery & impersonation",high,Payments & cards,high,E-commerce card payments,Adjacent: Payments,"identity, authenticity-anti-counterfeit",online checkout fraud and cart abandonment,adjacent context,EMV 3-D Secure; EMV Payment Tokenisation,"Mastercard's own newsroom (June 2025) reports Click to Pay has expanded to 26 European markets with user enrollments more than doubling year-over-year; nearly half of Mastercard's European e-commerce transactions are now tokenised overall (Click to Pay, Secure Card on File and wallets combined), up one-third year-over-year. [https://www.mastercard.com/news/press/2025/june/one-year-in-mastercard-s-checkout-transformation-gains-ground-across-europe-1/]",1,No published evaluation identified (checked),0,No published compliance-cost figure identified,0,https://www.emvco.com/emv-technologies/secure-remote-commerce/,EMVCo page confirms EMVCo owns SRC and licenses the Click to Pay icon; latest API spec v1.5 published 30 Oct 2025.
372,EMV QR Code Specification for Payment Systems (Merchant- and Consumer-Presented Modes),EMV QRCPS (MPM/CPM),"EMVCo, LLC",EMVCo,private,2020,2020,,in force,global-multilateral,private-industry-scheme,voluntary,market-driven,data-credential-model,mutual-recognition,Identity and personal security,"Fraud, forgery & impersonation",high,Payments & cards,high,QR-code payments,Adjacent: Payments,"identity, compliance-conformity",QR payment fraud and cross-border interoperability failure,adjacent context,ISO/IEC 18004 (QR Code); standardised data template for card- and account-based QR payments,"EMVCo's own knowledge-hub page states the EMV QR Code Merchant-Presented Mode (MPM) Specification (v1.1 published 27 Nov 2020) 'has been adopted in dozens of countries globally, some of which have adopted it as a national standard, including Singapore and South Africa.' [https://www.emvco.com/knowledge-hub/how-emvco-is-supporting-the-rising-use-of-qr-codes-for-payments/]",1,No published evaluation identified (checked),0,No published compliance-cost figure identified,0,https://www.emvco.com/emv-technologies/qr-codes/,"EMVCo page confirms EMVCo maintains MPM and CPM QR specs, both at v1.1 published Nov 2020 with 2021-22 bulletins."
373,PCI Data Security Standard,PCI DSS,PCI Security Standards Council (PCI SSC),PCI Security Standards Council,private,2022,2022,,in force,global-multilateral,private-industry-scheme,de-facto-required-for-market-access,mandate-driven,conformity-assessment-certification,mutual-recognition,Digital systems and data,Cybersecurity compromise & data interception,high,Payments & cards,high,Card payments / merchant & processor security,Adjacent: Payments,"compliance-conformity, chain-of-custody",cardholder data breaches and account data theft,adjacent context,"Founded/enforced by card brands (Visa, Mastercard, Amex, Discover, JCB); assessed by QSAs","Verizon's 2024 Payment Security Report (analyzing PCI DSS v3.2.1 performance data from 2014-2023, collected in Verizon's forensic/assessment engagements) found fewer than half of assessed organizations demonstrated a robust, sustainable PCI DSS security program. [https://www.verizon.com/business/resources/Tcdb/reports/2024-payment-security-report.pdf]",1,"mixed — the same Verizon report frames PCI DSS as widely required across card-accepting merchants but insufficiently sustained in practice: most assessed organizations pass a point-in-time validation yet fail to maintain full compliance continuously between assessments, limiting the standard's real-world protective effect. [https://www.verizon.com/business/resources/Tcdb/reports/2024-payment-security-report.pdf]",1,No published compliance-cost figure identified,0,https://www.pcisecuritystandards.org/about_us/press_releases/securing-the-future-of-payments-pci-ssc-publishes-pci-data-security-standard-v4-0/,PCI SSC press release confirms PCI DSS v4.0 published 31 Mar 2022 (v3.2.1 retired 31 Mar 2024); baseline account-data protection requirements.
374,PCI PIN Security Requirements,PCI PIN,PCI Security Standards Council (PCI SSC),PCI Security Standards Council,private,2011,,https://www.scribd.com/document/79554175/PCI-PIN-Security-Requirements,in force,global-multilateral,private-industry-scheme,de-facto-required-for-market-access,mandate-driven,conformity-assessment-certification,mutual-recognition,Financial integrity,"Financial crime, AML & mispriced risk",high,Payments & cards,high,Card payments / acquiring & PIN processing,Adjacent: Payments,"compliance-conformity, chain-of-custody",PIN and cryptographic-key compromise enabling fraud,adjacent context,ISO 9564 (PIN management); assessed by Qualified PIN Assessors (QPAs),No published figure identified (checked),0,No published evaluation identified (checked),0,No published compliance-cost figure identified,0,https://www.pcisecuritystandards.org/standards/pin-security/,"PCI SSC standard page confirms scope (secure PIN and key lifecycle management for acquirers/agents); current version v3.1 not asserted with a year. [Batch year-fill: 2011 (First published (v1.0) - PCI PIN Security Requirements, copyrighted by PCI Security Standards Council LLC, September 2011), high confidence. https://www.scribd.com/document/79554175/PCI-PIN-Security-Requirements]"
375,PCI Point-to-Point Encryption Standard,PCI P2PE,PCI Security Standards Council (PCI SSC),PCI Security Standards Council,private,2011,,https://cdn.ingenico.com/binaries/content/assets/corporate-en/press-releases/2011/10/2011-10-27-ingenico-on-guard-point-to-point-encryption-solution-pci-p2pe-compliant.pdf,in force,global-multilateral,private-industry-scheme,voluntary,market-driven,conformity-assessment-certification,mutual-recognition,Digital systems and data,Cybersecurity compromise & data interception,high,Payments & cards,high,Card payments / point-of-sale encryption,Adjacent: Payments,"chain-of-custody, compliance-conformity",interception of card data in transit from POS to processor,adjacent context,PCI DSS; PCI PTS (validated P2PE reduces merchant DSS scope),No published figure identified (checked),0,No published evaluation identified (checked),0,No published compliance-cost figure identified,0,https://www.pcisecuritystandards.org/standards/point-to-point-encryption-p2pe/,"Confirmed via PCI SSC standards listing (WebSearch) that P2PE is a PCI SSC standard for validated point-to-point encryption solutions; version/year not asserted. [Batch year-fill: 2011 (First release of PCI P2PE Solution Requirements by PCI SSC (Sept 15, 2011); full Program Guide/SAQ and broader rollout followed in 2012), medium confidence. https://cdn.ingenico.com/binaries/content/assets/corporate-en/press-releases/2011/10/2011-10-27-ingenico-on-guard-point-to-point-encryption-solution-pci-p2pe-compliant.pdf]"
376,PCI PIN Transaction Security - Point of Interaction Modular Security Requirements,PCI PTS POI,PCI Security Standards Council (PCI SSC),PCI Security Standards Council,private,2025,2025,,in force,global-multilateral,private-industry-scheme,de-facto-required-for-market-access,mandate-driven,conformity-assessment-certification,mutual-recognition,Digital systems and data,Cybersecurity compromise & data interception,high,Payments & cards,high,Card payments / payment terminal hardware,Adjacent: Payments,"compliance-conformity, authenticity-anti-counterfeit","terminal tampering, skimming and malware capture of card/PIN data",adjacent context,PCI PIN; device approval/listing program for POI devices,No published figure identified (checked),0,No published evaluation identified (checked),0,No published compliance-cost figure identified,0,https://blog.pcisecuritystandards.org/just-published-pts-poi-v7-0,PCI SSC blog confirms PTS POI Modular Security Requirements v7.0 published 29 May 2025; physical/logical security of PIN-accepting POI devices.
377,PCI 3DS Core Security Standard,PCI 3DS Core,PCI Security Standards Council (PCI SSC),PCI Security Standards Council,private,2017,,https://blog.pcisecuritystandards.org/what-to-know-about-the-new-pci-3ds-core-security-standard,in force,global-multilateral,private-industry-scheme,de-facto-required-for-market-access,mandate-driven,conformity-assessment-certification,mutual-recognition,Digital systems and data,Cybersecurity compromise & data interception,high,Payments & cards,high,E-commerce card authentication,Adjacent: Payments,"compliance-conformity, identity",compromise of 3-D Secure authentication data/environments,adjacent context,"EMV 3-D Secure Protocol and Core Functions Specification (secures ACS, DS, 3DSS environments)",No published figure identified (checked),0,No published evaluation identified (checked),0,No published compliance-cost figure identified,0,https://www.pcisecuritystandards.org/standards/pci-3ds-core/,"PCI SSC standard page confirms it sets security requirements for entities operating ACS/DS/3DS Server functions defined in EMV 3-D Secure; version/year not asserted. [Batch year-fill: 2017 (first published (v1.0)), high confidence. https://blog.pcisecuritystandards.org/what-to-know-about-the-new-pci-3ds-core-security-standard]"
378,PCI Mobile Payments on COTS Standard,PCI MPoC,PCI Security Standards Council (PCI SSC),PCI Security Standards Council,private,2022,2022,,in force,global-multilateral,private-industry-scheme,voluntary,market-driven,conformity-assessment-certification,mutual-recognition,Digital systems and data,Cybersecurity compromise & data interception,high,Payments & cards,high,Card payments / mobile acceptance,Adjacent: Payments,"compliance-conformity, identity",compromise of card and PIN data accepted on consumer mobile devices,adjacent context,PCI SPoC (Software-based PIN entry on COTS); PCI CPoC (Contactless Payments on COTS); PCI PTS,No published figure identified (checked),0,No published evaluation identified (checked),0,No published compliance-cost figure identified,0,https://www.pcisecuritystandards.org/about_us/press_releases/pci-ssc-publishes-new-standard-for-mobile-payment-solutions/,PCI SSC press release confirms MPoC published 16 Nov 2022; modular standard consolidating SPoC and CPoC for PIN and contactless acceptance on COTS devices.
379,SWIFT Customer Security Programme / Customer Security Controls Framework,SWIFT CSP / CSCF,SWIFT (Society for Worldwide Interbank Financial Telecommunication),SWIFT,private,2016,,https://www2.swift.com/knowledgecentre/rest/v1/publications/cscf_dd/53.0/CSCF_v2024_20231017.pdf,in force,global-multilateral,private-industry-scheme,mandatory,mandate-driven,conformity-assessment-certification,mutual-recognition,Financial integrity,"Financial crime, AML & mispriced risk",high,Payments & cards,high,Wholesale / interbank payments messaging,Adjacent: Payments,"compliance-conformity, chain-of-custody",wholesale payment fraud and cyber theft via compromised SWIFT endpoints,adjacent context,Draws on ISO 27002/NIST-style controls; attestation via SWIFT KYC-SA,"SWIFT's own 2019 press release reported 91% of customers, representing over 99% of SWIFT's payment traffic, had attested compliance with CSCF v2019 (the second attestation year); the ISACA Journal (2022), citing SWIFT figures, reports attestation participation rising from 77% (2017) to 96% by July 2020. [https://www.swift.com/news-events/news/swift-publishes-attestation-rate-customer-security-controls-framework-2019]",1,"reduced-harm — SWIFT's own 'Three years on from Bangladesh: tackling the adversaries' report (April 2019) found attempted-theft transaction sizes had fallen sharply from historical values over $10 million to $250,000-$2 million in cases investigated over the prior 15 months, crediting CSP-driven industry collaboration for earlier detection; ISACA Journal (2022), citing SWIFT data, reports the amount of funds subject to attack fell by a factor of three since CSP's inception. [https://www.swift.com/news-events/news/swift-publishes-attestation-rate-customer-security-controls-framework-2019]",1,No published compliance-cost figure identified,0,https://www.swift.com/myswift/customer-security-programme,"SWIFT page confirms CSP mandates implementing CSCF controls and annual attestation (visible to counterparties/supervisors); CSCF v2026 PDF exists (year of launch not asserted). [Batch year-fill: 2016 (CSP launched by SWIFT (May 2016) in response to sophisticated cyber-attacks on SWIFT users; the companion Customer Security Controls Framework (CSCF) was first published in March/April 2017), high confidence. https://www2.swift.com/knowledgecentre/rest/v1/publications/cscf_dd/53.0/CSCF_v2024_20231017.pdf]"
380,ISO 8583 Financial-transaction-card-originated messages - Interchange message specifications,ISO 8583,International Organization for Standardization (ISO),ISO / IEC,NGO-multistakeholder,2023,2023,,in force,global-multilateral,voluntary-consensus-standard,voluntary,market-driven,traceability-exchange-protocol,mutual-recognition,System interoperability,Interoperability & fragmentation failure,high,Payments & cards,high,Card payments / interchange messaging,Adjacent: Payments,"compliance-conformity, chain-of-custody",payment message errors and switch/acquirer/issuer interoperability failure,adjacent context,"De-facto message format underpinning card authorization/clearing between acquirers, switches and issuers","A World Bank Group focus note on payment messaging standards (2022) describes ISO 8583 as 'the messaging standard used most for card transactions processed globally,' noting the original 1987 edition remains the most commonly deployed version and is used by dominant card networks such as Mastercard and Visa; the standard was most recently republished as ISO 8583:2023. [https://fastpayments.worldbank.org/sites/default/files/2022-03/Messaging%20Standards_Final.pdf]",1,No published evaluation identified (checked),0,No published compliance-cost figure identified,0,https://www.iso.org/standard/79451.html,ISO catalog listing (WebSearch) confirms ISO 8583:2023 title and year; iso.org page returned 403 so details taken from catalog result. Earlier editions 1987/1993/2003.
381,Financial Data Exchange API,FDX API,Financial Data Exchange (FDX),Financial Data Exchange,NGO-multistakeholder,2023,2023,,in force,national,private-industry-scheme,voluntary,hybrid,traceability-exchange-protocol,mutual-recognition,Digital systems and data,Cybersecurity compromise & data interception,high,Financial services & AML,high,Open banking / consumer financial data sharing (US & Canada),Adjacent: Payments,"identity, chain-of-custody",insecure credential-based screen-scraping and misuse of consumer financial data,adjacent context,OAuth 2.0; aligned to CFPB Section 1033 (Personal Financial Data Rights) Rule,FDX's own Spring 2025 Adoption Metrics Survey (announced 25 April 2025) reported approximately 114 million consumer/customer accounts connected via FDX-aligned APIs — up 50% from 76 million a year earlier and up from 96 million six months prior. [https://financialdataexchange.org/fdx-feed/114-million-reasons-to-keep-moving-forward-on-industry-led-standard-for-secure-data-sharing/],1,No published evaluation identified (checked),0,No published compliance-cost figure identified,0,https://financialdataexchange.org/,FDX site confirms it as a nonprofit standards body (200+ members) for permissioned data sharing; WebSearch confirms FDX API v6.0 (18 Dec 2023) and CFPB recognized FDX as first standard-setting body (Jan 2025).
382,UK Open Banking Standard (Read/Write API Specifications),UK Open Banking,Open Banking Limited (OBL / formerly OBIE),Open Banking Limited,hybrid,2017,,https://www.openbanking.org.uk/wp-content/uploads/Guidelines-for-Read-Write-Participants.pdf,in force,national,govt-referenced-standard,mandatory,mandate-driven,traceability-exchange-protocol,mutual-recognition,Digital systems and data,Cybersecurity compromise & data interception,high,Payments & cards,high,Open banking / account access & payment initiation (UK),Adjacent: Payments,"identity, compliance-conformity",insecure third-party account access and consumer data misuse,adjacent context,CMA retail-banking order and PSD2; uses OpenID FAPI security profile,"The FCA's December 2025 progress report states over 16 million UK users now benefit from open banking, open banking payments are up 53% year-on-year, and Variable Recurring Payments (VRPs) now account for 16% of all open banking transactions. [https://www.fca.org.uk/news/news-stories/open-banking-2025-progress]",1,"mixed — the UK Competition and Markets Authority's official 'Open Banking Lessons Learned Review' (27 May 2022) concluded the technical remedy was successfully implemented (5+ million users by 2022, 300+ enrolled providers) but was undermined by serious governance failures: the original 2-year implementation timeline stretched past 5 years, costs rose from an estimated £20 million to over £150 million, and CMA oversight (only 3-6 staff) was inadequate, with no formal risk-escalation process until mid-2020. [https://www.fca.org.uk/news/news-stories/open-banking-2025-progress]",1,No published compliance-cost figure identified,0,https://standards.openbanking.org.uk/api-specifications/,"OBL page confirms Open Banking Limited publishes the Read/Write API standards (current v4.0.1), Dynamic Client Registration v3.3, MI Reporting v3.1.11 for TPP-ASPSP access; founding year not asserted. [Batch year-fill: 2017 (first published / adopted - Version 1 of the Read/Write Data API Specifications was released in July 2017 by the Open Banking Implementation Entity (OBIE), as mandated by the CMA Order), high confidence. https://www.openbanking.org.uk/wp-content/uploads/Guidelines-for-Read-Write-Participants.pdf]"
383,Financial-grade API Security Profile,FAPI,OpenID Foundation,OpenID Foundation,NGO-multistakeholder,2021,2021,,in force,global-multilateral,voluntary-consensus-standard,voluntary,hybrid,traceability-exchange-protocol,mutual-recognition,Digital systems and data,Cybersecurity compromise & data interception,high,Payments & cards,high,Open banking / high-security API access,Adjacent: Payments,"identity, authenticity-anti-counterfeit","API interception, token theft and account takeover on financial APIs",adjacent context,OAuth 2.0; OpenID Connect (high-security profile above baseline OAuth),"Brazil: 26 banking institutions were required to be FAPI-conformant and certified under Open Banking Brazil by the July 15, 2021 Phase 2 deadline (OpenID Foundation, 2021). Australia: the Consumer Data Right (CDR) Information Security Profile, mandatory for all CDR Data Holders, is explicitly built on FAPI-RW (Read-Write) and FAPI-CIBA (Consumer Data Standards Australia, official standard). [https://openid.net/specs/openid-financial-api-part-1-1_0.html ; https://openid.net/open-banking-brazils-adoption-of-financial-grade-api-fapi-fapi-certification/ ; https://consumerdatastandardsaustralia.github.io/infosec/]",1,No independent published outcome/effectiveness study located this session. [https://openid.net/specs/openid-financial-api-part-1-1_0.html ; https://openid.net/open-banking-brazils-adoption-of-financial-grade-api-fapi-fapi-certification/ ; https://consumerdatastandardsaustralia.github.io/infosec/],0,No published compliance-cost figure identified,0,https://openid.net/wg/fapi/,"OpenID Foundation page confirms it publishes FAPI (FAPI 1.0 final Mar 2021; FAPI 2.0 final Feb 2025), adopted by UK Open Banking, Australia CDR and other regimes."
384,Berlin Group NextGenPSD2 XS2A Framework,NextGenPSD2 / XS2A,The Berlin Group,The Berlin Group,private,2018,2018,,in force,regional,voluntary-consensus-standard,voluntary,hybrid,traceability-exchange-protocol,mutual-recognition,System interoperability,Interoperability & fragmentation failure,high,Payments & cards,high,Open banking / access-to-account (Europe/SEPA),Adjacent: Payments,"identity, compliance-conformity","fragmented, insecure third-party access to payment accounts across the EU",adjacent context,PSD2 access-to-account requirement; OAuth 2.0; FAPI; later folded into Berlin Group openFinance Framework,"Per the Berlin Group's own account: its 2019 Market Survey Whitepaper reported that more than 2,500 banks across 24 countries had already implemented core NextGenPSD2 compliance choices, and the Berlin Group states more than 75% of European banks and hundreds of Third-Party Providers (TPPs) have implemented the framework. [https://www.berlin-group.org/psd2-access-to-bank-accounts]",1,No independent published outcome/effectiveness study located this session. [https://www.berlin-group.org/psd2-access-to-bank-accounts],0,No published compliance-cost figure identified,0,https://www.berlin-group.org/psd2-access-to-bank-accounts,"Berlin Group page confirms it publishes NextGenPSD2 as a uniform XS2A API standard for PSD2; v1.0 published Feb 2018, latest v1.3.16 (Dec 2025)."
385,CA/Browser Forum Baseline Requirements for the Issuance and Management of Publicly-Trusted TLS Server Certificates,TLS BR,CA/Browser Forum,CA/Browser Forum,private,2011,2011,,in force,global-multilateral,private-industry-scheme,de-facto-required-for-market-access,market-driven,data-credential-model,mutual-recognition,Digital systems and data,Cybersecurity compromise & data interception,high,Internet infrastructure & Web PKI,high,Internet infrastructure / web security,Adjacent: Cybersecurity & Software,"identity, authenticity-anti-counterfeit, compliance-conformity",phishing and man-in-the-middle interception of web traffic,adjacent context,ITU-T/IETF X.509 (RFC 5280),"In force since 2012 and mandatory for every publicly-trusted CA in the Microsoft, Apple, Mozilla and Google Chrome root programs (Microsoft Trusted Root Program audit-requirements page requires annual audit against the BRs or equivalent). As a scale proxy: Let's Encrypt alone, one CA operating under the BRs, had issued over 3 billion certificates and was 'closing in on protecting one billion web sites' as of December 2025 (Let's Encrypt, '10 Years of Let's Encrypt Certificates,' Dec 9, 2025). [https://letsencrypt.org/2025/12/09/10-years ; https://learn.microsoft.com/en-us/security/trusted-root/audit-requirements ; https://cabforum.org/working-groups/server/baseline-requirements/about/]",1,No independent published outcome/effectiveness study located this session (it functions as a compliance baseline rather than a measured intervention). [https://letsencrypt.org/2025/12/09/10-years ; https://learn.microsoft.com/en-us/security/trusted-root/audit-requirements ; https://cabforum.org/working-groups/server/baseline-requirements/about/],0,No published compliance-cost figure identified,0,https://cabforum.org/working-groups/server/baseline-requirements/about/,"Confirmed CA/Browser Forum publishes/maintains the TLS BR (v2.x current); press release dated 2011-12-14 confirms v1.0 approval, effective 2012-07-01."
386,CA/Browser Forum Guidelines for the Issuance and Management of Extended Validation Certificates,EV Guidelines,CA/Browser Forum,CA/Browser Forum,private,2007,2007,,in force,global-multilateral,private-industry-scheme,voluntary,market-driven,data-credential-model,mutual-recognition,Identity and personal security,"Fraud, forgery & impersonation",high,Internet infrastructure & Web PKI,high,Internet infrastructure / web security,Adjacent: Cybersecurity & Software,"identity, compliance-conformity",website impersonation of legal organizations,adjacent context,CA/Browser Forum TLS BR; RFC 5280,"Declining since 2019: Google removed the green EV address-bar indicator in Chrome 77, and Firefox 70 followed shortly after, both citing internal user-behavior research (The Register, Aug 12, 2019, citing the Chrome Security Team). [https://www.theregister.com/2019/08/12/google_chrome_extended_validation_certificates/ ; https://www.sectigo.com/resource-library/root-causes-1-32-why-do-browsers-and-academic-research-say-different-things-about-ev-ssl ; https://cabforum.org/working-groups/server/baseline-requirements/about/]",1,"mixed — Academic studies found EV usage strongly under-represented among phishing sites (RWTH Aachen: 0.4% of ~10,000 phishing certs were EV vs. 7% of ~40,000 benign-site certs) and 99.99% of ~2.6M EV-certified domains studied since 2010 were 'clean' of malware/dark-web activity (Georgia Tech CyFI), suggesting a protective correlation. Yet Chrome's own user studies concluded the EV UI indicator 'does not help users make security decisions' (85% of users had no concerns about a spoofed login page regardless of the indicator), leading major browsers to remove the visible signal — so as a user-facing security control its effectiveness is contested/mixed even where the certificate class itself correlates with lower abuse. [https://www.theregister.com/2019/08/12/google_chrome_extended_validation_certificates/ ; https://www.sectigo.com/resource-library/root-causes-1-32-why-do-browsers-and-academic-research-say-different-things-about-ev-ssl ; https://cabforum.org/working-groups/server/baseline-requirements/about/]",1,No published compliance-cost figure identified,0,https://cabforum.org/working-groups/server/extended-validation/documents/,Confirmed CA/Browser Forum EV Guidelines document set (v2.0.1 and archived v1.7.0 listed); EV launched 2007.
387,WebTrust Principles and Criteria for Certification Authorities,WebTrust for CA,CPA Canada (Chartered Professional Accountants of Canada),CPA Canada,private,2020,2020,,in force,global-multilateral,private-industry-scheme,de-facto-required-for-market-access,market-driven,conformity-assessment-certification,mutual-recognition,Digital systems and data,Cybersecurity compromise & data interception,high,Internet infrastructure & Web PKI,high,Trust services / PKI assurance,Adjacent: Legal & Notarial,compliance-conformity,unaudited CA malpractice and certificate mis-issuance,adjacent context,CA/Browser Forum BR; ISAE 3000; accepted alongside ETSI audits by root programs,"Required (alongside ETSI EN 319 411) as one of the two annual full-audit standards accepted for every CA participating in the Microsoft Trusted Root Program (and similarly by Apple, Mozilla and Google Chrome root programs) — effectively mandatory for all commercial publicly-trusted CAs not using ETSI audits. As of an October 2023 CA/Browser Forum WebTrust Task Force update, WebTrust CA audits are delivered by 20+ major international accounting/assurance firms licensed as practitioners (e.g., Deloitte, EY, KPMG, BDO, PwC). [https://learn.microsoft.com/en-us/security/trusted-root/audit-requirements ; https://cabforum.org/uploads/12-Webtrust-CABF-update-Oct-2023-New-Format-v4.pdf]",1,No independent published outcome/effectiveness study located this session. [https://learn.microsoft.com/en-us/security/trusted-root/audit-requirements ; https://cabforum.org/uploads/12-Webtrust-CABF-update-Oct-2023-New-Format-v4.pdf],0,No published compliance-cost figure identified,0,https://www.cpacanada.ca/business-and-accounting-resources/audit-and-assurance/overview-of-webtrust-services/principles-and-criteria,Confirmed CPA Canada hosts/administers WebTrust for CA; current criteria v2.2.1 (2020-11-01) per CPA Canada document library; program originated ~2000 (AICPA/CICA).
388,ETSI EN 319 411 – Policy and security requirements for Trust Service Providers issuing certificates (Parts 1 general and 2 EU qualified),EN 319 411,ETSI (European Telecommunications Standards Institute),ETSI,hybrid,2016,2016,,in force,regional,govt-referenced-standard,de-facto-required-for-market-access,hybrid,conformity-assessment-certification,mutual-recognition,Digital systems and data,"Data, research & assurance integrity failure",high,"Legal, notarial & e-commerce",high,Trust services / PKI assurance,Adjacent: Legal & Notarial,"compliance-conformity, identity",unreliable trust services and invalid electronic signatures/certificates,adjacent context,eIDAS Regulation; ETSI EN 319 401; CA/Browser Forum BR certificate policies (DVCP/OVCP/EVCP),"Required (as an alternative to WebTrust) annual full-audit standard for CAs in the Microsoft Trusted Root Program (EN 319 411-1 for general server-auth certs; EN 319 411-2 for EU-qualified certs) and the standard underlying the eIDAS trusted-list ecosystem across EU/EEA member states under Regulation (EU) No 910/2014, where each country's supervisory body lists its qualified trust service providers. [https://learn.microsoft.com/en-us/security/trusted-root/audit-requirements]",1,No independent published outcome/effectiveness study located this session. [https://learn.microsoft.com/en-us/security/trusted-root/audit-requirements],0,No published compliance-cost figure identified,0,https://www.etsi.org/deliver/etsi_en/319400_319499/31941101/01.05.01_60/en_31941101v010501p.pdf,"Confirmed ETSI publishes EN 319 411-1 (current V1.5.1, 2025-04) and EN 319 411-2 (V2.6.1, 2025-06); used by root programs as audit basis per CA/B Forum ETSI page."
389,ETSI EN 319 403 – Requirements for conformity assessment bodies assessing Trust Service Providers,EN 319 403,ETSI (European Telecommunications Standards Institute),ETSI,hybrid,2015,,https://www.etsi.org/deliver/etsi_en/319400_319499/319403/02.02.02_60/en_319403v020202p.pdf,in force,regional,accreditation-or-mutual-recognition-arrangement,de-facto-required-for-market-access,hybrid,accreditation,mutual-recognition,Digital systems and data,"Data, research & assurance integrity failure",high,"Legal, notarial & e-commerce",high,Trust services / PKI assurance,Adjacent: Legal & Notarial,compliance-conformity,inconsistent or unreliable CA/TSP audits,adjacent context,ISO/IEC 17065; eIDAS; ETSI EN 319 411,"No standalone adoption metric located, but the standard is the required accreditation basis used by national accreditation bodies across the EU/EEA for accrediting the conformity assessment bodies (CABs) that audit trust service providers against EN 319 411 under the eIDAS framework. [https://www.etsi.org/deliver/etsi_en/319400_319499/319403/02.02.02_60/en_319403v020202p.pdf]",0,No independent published outcome/effectiveness study located this session. [https://www.etsi.org/deliver/etsi_en/319400_319499/319403/02.02.02_60/en_319403v020202p.pdf],0,No published compliance-cost figure identified,0,https://cabforum.org/about/information/auditors-and-assessors/etsi/,"Confirmed via CA/B Forum ETSI page that EN 319 403 sets requirements for conformity assessment bodies auditing TSPs (incl. EN 319 403-2 for publicly-trusted certs); first-publication year not confirmed this session. [Batch year-fill: 2015 (), high confidence. https://www.etsi.org/deliver/etsi_en/319400_319499/319403/02.02.02_60/en_319403v020202p.pdf]"
390,Certificate Transparency,CT,IETF (Internet Engineering Task Force),IETF,NGO-multistakeholder,2013,2013,,in force,global-multilateral,voluntary-consensus-standard,de-facto-required-for-market-access,market-driven,traceability-exchange-protocol,mutual-recognition,Digital systems and data,Cybersecurity compromise & data interception,high,Internet infrastructure & Web PKI,high,Internet infrastructure / web security,Adjacent: Cybersecurity & Software,"authenticity-anti-counterfeit, chain-of-custody",undetected mis-issuance of TLS certificates,adjacent context,RFC 5280; RFC 6962 (superseded by RFC 9162 for v2.0),"Mandatory in Chrome since 2018: 'all publicly-trusted TLS certificates are required to be CT Compliant to successfully validate' in CT-enforcing Chrome versions (Google Chrome CT Policy, official page). As a scale proxy, Let's Encrypt alone had issued 3+ billion CT-logged certificates by December 2025 (Let's Encrypt, Dec 9, 2025). [https://googlechrome.github.io/CertificateTransparency/ct_policy.html ; https://letsencrypt.org/2025/12/09/10-years]",1,No independent published outcome/effectiveness study located this session. [https://googlechrome.github.io/CertificateTransparency/ct_policy.html ; https://letsencrypt.org/2025/12/09/10-years],0,No published compliance-cost figure identified,0,https://www.rfc-editor.org/rfc/rfc6962.html,"Confirmed RFC 6962 (Certificate Transparency, June 2013) and RFC 9162 (CT Version 2.0, Dec 2021) via rfc-editor/IETF datatracker; enforced by Chrome/Apple browser policies."
391,Resource Public Key Infrastructure (An Infrastructure to Support Secure Internet Routing),RPKI,IETF (Internet Engineering Task Force),IETF,NGO-multistakeholder,2012,2012,,in force,global-multilateral,voluntary-consensus-standard,voluntary,hybrid,data-credential-model,mutual-recognition,Digital systems and data,Cybersecurity compromise & data interception,high,Internet infrastructure & Web PKI,high,Internet routing (BGP),Adjacent: Cybersecurity & Software,"identity, origin-provenance",BGP route hijacking and misorigination of IP prefixes,adjacent context,PKIX / RFC 5280 X.509; operated by the five RIRs,"End of 2025 (APNIC, 'RPKI's 2025 year in review,' published Feb 20, 2026): 344,209 total Route Origin Authorizations (ROAs) globally (+23% y/y), covering 2,783,187,105 IPv4 addresses (1,818,913,944 unique, +10% y/y) and 18,684×10³⁰ IPv6 addresses (+7% y/y), across 52,661 unique origin ASNs. [https://blog.apnic.net/2026/02/20/rpkis-2025-year-in-review/]",1,"See BGP Prefix Origin Validation [ROV], the routing-outcome application of RPKI, for effectiveness data. [https://blog.apnic.net/2026/02/20/rpkis-2025-year-in-review/]",1,No published compliance-cost figure identified,0,https://www.rfc-editor.org/rfc/rfc6480.html,"Confirmed RFC 6480 (RPKI architecture, Feb 2012) via rfc-editor; underpins Route Origin Authorizations for BGP security."
392,BGP Prefix Origin Validation (RPKI-based Route Origin Validation),ROV,IETF (Internet Engineering Task Force),IETF,NGO-multistakeholder,2013,2013,,in force,global-multilateral,voluntary-consensus-standard,voluntary,market-driven,traceability-exchange-protocol,mutual-recognition,Digital systems and data,Cybersecurity compromise & data interception,high,Internet infrastructure & Web PKI,high,Internet routing (BGP),Adjacent: Cybersecurity & Software,origin-provenance,acceptance of hijacked or misoriginated BGP routes,adjacent context,RPKI (RFC 6480); BGP-4 (RFC 4271),"As of May 2024 (NIST RPKI Monitor, cited in NANOG, 'RPKI ROV Deployment Reaches Major Milestone,' May 2024): for the first time, over 50% of IPv4 routes in the global routing table were covered by valid ROAs; IPv6 crossed 52% coverage in late 2023; per Kentik NetFlow measurement, 70.3% of Internet traffic by volume was routed to RPKI-valid destinations. However, an earlier independent measurement (Cloudflare blog, using Oct 2022 data) found only ~261 million of ~4 billion Internet users (6.5%) were protected by comprehensive ROV deployment at their access network at that time, with wide regional variance (Sweden and Bolivia >80%; several EU countries and the US just over 50%). [https://nanog.org/stories/articles/rpki-rov-deployment-reaches-major-milestone/ ; https://blog.cloudflare.com/rpki-updates-data/]",1,"mixed — propagation of RPKI-invalid routes declined 24% since early 2022 per Routeviews-based measurement (NANOG/NIST data, May 2024), a reduced-harm trend at the routing-table level; but per-user global protection remained low and geographically very uneven as of the 2022 Cloudflare measurement, and MANRS/Internet Society documented over 3,000 route leaks and hijacks in 2020 alone — the class of incident ROV is meant to prevent. [https://nanog.org/stories/articles/rpki-rov-deployment-reaches-major-milestone/ ; https://blog.cloudflare.com/rpki-updates-data/]",1,No published compliance-cost figure identified,0,https://www.rfc-editor.org/rfc/rfc6811.html,"Confirmed RFC 6811 (BGP Prefix Origin Validation, Jan 2013) via rfc-editor; defines router use of RPKI-validated ROAs."
393,BGPsec Protocol Specification,BGPsec,IETF (Internet Engineering Task Force),IETF,NGO-multistakeholder,2017,2017,,in force,global-multilateral,voluntary-consensus-standard,voluntary,market-driven,traceability-exchange-protocol,mutual-recognition,Digital systems and data,Cybersecurity compromise & data interception,high,Internet infrastructure & Web PKI,high,Internet routing (BGP),Adjacent: Cybersecurity & Software,"origin-provenance, chain-of-custody",AS-path manipulation and route hijacking,adjacent context,RPKI (RFC 6480); BGP-4 (RFC 4271),"Effectively zero as of 2025: 'BGPsec is not deployed in the wild' despite standardization as RFC 8205 in 2017 (Furuness et al., 'Securing BGP ASAP: ASPA and other Post-ROV Defenses,' NDSS Symposium 2025, peer-reviewed). [https://www.ndss-symposium.org/wp-content/uploads/2025-675-paper.pdf]",1,"counterproductive/limited — the same peer-reviewed source finds BGPsec provides 'limited benefits in partial adoption,' is 'not designed to prevent route leaks,' imposes 'high computational requirements,' and is trivially bypassed by a downgrade attack (an attacker simply omits BGPsec signatures and the announcement is treated as normal, unsigned BGP) — which the paper cites as the reason the routing-security community is pursuing ASPA as an alternative instead. [https://www.ndss-symposium.org/wp-content/uploads/2025-675-paper.pdf]",1,No published compliance-cost figure identified,0,https://www.rfc-editor.org/info/rfc8205/,"Confirmed RFC 8205 (BGPsec Protocol Specification, Sept 2017, IETF stream) via rfc-editor info page; provides cryptographic AS-path validation (limited deployment)."
394,Mutually Agreed Norms for Routing Security,MANRS,Global Cyber Alliance (MANRS; originally launched by the Internet Society),Global Cyber Alliance,NGO-multistakeholder,2014,2014,,in force,global-multilateral,NGO-multistakeholder-scheme,voluntary,market-driven,governance-mutual-recognition,mutual-recognition,Digital systems and data,Cybersecurity compromise & data interception,high,Internet infrastructure & Web PKI,high,Internet routing (BGP),Adjacent: Cybersecurity & Software,"origin-provenance, compliance-conformity","route leaks, prefix hijacks, and IP address spoofing",adjacent context,RPKI (RFC 6480); RFC 6811; source-address validation BCP 38 (RFC 2827),"As of November 2024 (Internet Society/ISOC Pulse, 'MANRS Participation Grows by 12.5% in 2024,' Feb 27, 2025): 1,205 total participants, up from 1,071 in November 2023 — comprising 1,023 Network Operators (up from 904), 144 Internet Exchange Points (up from 133), 32 CDN & Cloud providers (up from 28), and 6 Vendors. [https://pulse.internetsociety.org/en/blog/2025/02/manrs-participation-grows-by-12-5-in-2024/]",1,No independent published outcome/effectiveness study located this session (the MANRS Observatory tracks member conformance but no quantified outcome verdict was retrieved). [https://pulse.internetsociety.org/en/blog/2025/02/manrs-participation-grows-by-12-5-in-2024/],0,No published compliance-cost figure identified,0,https://manrs.org/about/,"Confirmed MANRS is now supported/stewarded by the Global Cyber Alliance (partially ISOC-funded), with six actions; MANRS news release dated Nov 2014 confirms launch."
395,ISO/IEC 27099:2022 Information technology — Public key infrastructure — Practices and policy framework,ISO/IEC 27099,ISO/IEC (JTC 1/SC 27),ISO / IEC,hybrid,2022,2022,,in force,global-multilateral,voluntary-consensus-standard,voluntary,market-driven,conformity-assessment-certification,mutual-recognition,Digital systems and data,Cybersecurity compromise & data interception,high,Internet infrastructure & Web PKI,high,Trust services / PKI assurance,Adjacent: Legal & Notarial,compliance-conformity,inconsistent PKI governance and unreliable trust services,adjacent context,RFC 3647 (CP/CPS framework); X.509,No published adoption/deployment figures located this session. [https://www.iso.org/standard/56590.html],0,No independent published outcome/effectiveness study located this session. [https://www.iso.org/standard/56590.html],0,No published compliance-cost figure identified,0,https://www.iso.org/standard/56590.html,"Confirmed ISO/IEC 27099:2022 (published 2022-07-08, Edition 1, 94 pp.) on iso.org — practices and policy framework for PKI trust service providers."
396,DNS Security Extensions,DNSSEC,IETF (Internet Engineering Task Force),IETF,NGO-multistakeholder,2005,2005,,in force,global-multilateral,voluntary-consensus-standard,voluntary,hybrid,traceability-exchange-protocol,mutual-recognition,Digital systems and data,Cybersecurity compromise & data interception,high,Internet infrastructure & Web PKI,high,DNS / Internet infrastructure,Adjacent: Cybersecurity & Software,"authenticity-anti-counterfeit, origin-provenance",DNS cache poisoning and spoofing of name resolution,adjacent context,DNS (RFC 1034/1035); core DNSSEC RFCs 4033/4034/4035,"As of the September 2023 measurement (APNIC Labs, 'Measuring the use of DNSSEC,' Sept 18, 2023), approximately 30% of Internet users globally are behind DNSSEC-validating resolvers. [https://blog.apnic.net/2023/09/18/measuring-the-use-of-dnssec/]",1,"limited — the same APNIC source finds that despite ~30% nominal validating-resolver coverage, only about 1% of actual DNS query traffic involves DNSSEC-signed domain names, because dominant providers (Google, Amazon, Microsoft) do not sign their own domains — so real-world protective effect is far below nominal deployment figures. [https://blog.apnic.net/2023/09/18/measuring-the-use-of-dnssec/]",1,No published compliance-cost figure identified,0,https://datatracker.ietf.org/doc/html/rfc9364,"Confirmed core DNSSEC specs (RFC 4033/4034/4035, 2005) and RFC 9364 (BCP 237, Feb 2023) declaring DNSSEC the best current practice for DNS data origin authentication."
397,DNS-Based Authentication of Named Entities (TLSA),DANE,IETF (Internet Engineering Task Force),IETF,NGO-multistakeholder,2012,2012,,in force,global-multilateral,voluntary-consensus-standard,voluntary,market-driven,data-credential-model,mutual-recognition,Digital systems and data,Cybersecurity compromise & data interception,high,Internet infrastructure & Web PKI,high,DNS / Internet infrastructure,Adjacent: Cybersecurity & Software,"authenticity-anti-counterfeit, identity",fraudulent TLS certificates and CA-based interception,adjacent context,DNSSEC; TLS; RFC 5280,"Low — a USENIX Security 2020 longitudinal study of 178 million second-level domains across five TLDs (Oct 2017–Oct 2019) found TLSA-record deployment of just 0.65% for .com, 0.73% for .net/.org, 9.8% for .nl, and 38.2% for .se (the outlier, concentrated among a few large hosting/mail providers). [https://www.usenix.org/system/files/sec20fall_lee_prepub_0.pdf]",1,"limited — the same study found nearly 36% of deployed TLSA records could not be validated due to missing or incorrect DNSSEC records (18.5% missing DS records in the parent zone; ~14.2% certificate/TLSA mismatches), and among 29 major email providers tested, only 4 supported DANE for both outgoing and incoming mail (two of those with validation deficiencies) — low adoption compounded by high misconfiguration. [https://www.usenix.org/system/files/sec20fall_lee_prepub_0.pdf]",1,No published compliance-cost figure identified,0,https://www.rfc-editor.org/rfc/rfc6698.html,"Confirmed RFC 6698 (DANE TLS Protocol: TLSA, Aug 2012) via rfc-editor; binds certificates/keys to DNS names secured by DNSSEC."
398,DNS Certification Authority Authorization Resource Record,CAA,IETF (Internet Engineering Task Force),IETF,NGO-multistakeholder,2019,2019,,in force,global-multilateral,voluntary-consensus-standard,mandatory,market-driven,governance-mutual-recognition,mutual-recognition,Digital systems and data,Cybersecurity compromise & data interception,high,Internet infrastructure & Web PKI,high,Internet infrastructure / web security,Adjacent: Cybersecurity & Software,"compliance-conformity, authenticity-anti-counterfeit",unauthorized issuance of certificates for a domain,adjacent context,DNS; CAA checking mandated by CA/Browser Forum TLS BR (since Sept 2017),"~95,000 base domains CAA-enabled by Nov. 2017 (65k direct + 30k via CNAME), rising from near-zero after CA/Browser Forum Ballot 187 made CAA checking mandatory for CAs on 8 Sept. 2017 (17-1 CA vote, 3-0 browser vote). [https://olivergasser.net/papers/scheitle2018first.pdf ; https://cabforum.org/2017/03/08/ballot-187-make-caa-checking-mandatory/ ; https://www.rfc-editor.org/info/rfc8659/]",1,"Mixed — Scheitle et al.'s first empirical audit (ACM SIGCOMM CCR, Vol.48/2, Apr. 2018) found CAA checking exposed real detection value (multiple confirmed mis-issuances leading to revocations) but also found 'at least one CA incorrectly issuing a certificate' in every test performed, i.e., inconsistent CA compliance even after the mandate. [https://olivergasser.net/papers/scheitle2018first.pdf ; https://cabforum.org/2017/03/08/ballot-187-make-caa-checking-mandatory/ ; https://www.rfc-editor.org/info/rfc8659/]",1,No published compliance-cost figure identified,0,https://www.rfc-editor.org/info/rfc8659/,"Confirmed RFC 8659 (DNS CAA Resource Record, Nov 2019, obsoletes RFC 6844) via rfc-editor; CAA checking is mandatory for CAs under the CA/B Forum BR."
399,Automatic Certificate Management Environment,ACME,IETF (Internet Engineering Task Force),IETF,NGO-multistakeholder,2019,2019,,in force,global-multilateral,voluntary-consensus-standard,voluntary,market-driven,traceability-exchange-protocol,mutual-recognition,Digital systems and data,Cybersecurity compromise & data interception,high,Internet infrastructure & Web PKI,high,Internet infrastructure / web security,Adjacent: Cybersecurity & Software,"identity, authenticity-anti-counterfeit",error-prone manual domain validation and certificate lapses,adjacent context,CA/Browser Forum BR domain-control validation; RFC 5280,"Let's Encrypt (the reference ACME-based CA) issued its 1-billionth certificate in 2020 and was issuing ~10 million certificates/day by late 2025 (first single day over 10M in Sept. 2025); it is, by its own account, the largest CA in the world by certificates issued and is 'closing in on' protecting 1 billion websites (Let's Encrypt 10-Years post, Dec. 2025). [https://letsencrypt.org/2025/12/09/10-years ; https://datatracker.ietf.org/doc/html/rfc8555]",1,"Reduced-harm — global share of web page loads over HTTPS rose from below 30% to roughly 80% within five years of Let's Encrypt/ACME's 2015 launch and has held near 80% globally (~95% in the US) since, attributed to ACME's automation removing the manual-issuance barrier to encryption. [https://letsencrypt.org/2025/12/09/10-years ; https://datatracker.ietf.org/doc/html/rfc8555]",1,No published compliance-cost figure identified,0,https://www.rfc-editor.org/rfc/rfc8555,"Confirmed RFC 8555 (Automatic Certificate Management Environment, March 2019) via rfc-editor; automates domain validation and certificate issuance/renewal (basis of Let's Encrypt)."
400,Chrome Root Program Policy,CRP,Google (Chrome Root Program),Google,private,2022,2022,,in force,global-multilateral,private-industry-scheme,de-facto-required-for-market-access,market-driven,governance-mutual-recognition,mutual-recognition,Digital systems and data,Cybersecurity compromise & data interception,high,Internet infrastructure & Web PKI,high,Browser trust / Web PKI governance,Adjacent: Cybersecurity & Software,"compliance-conformity, identity",browsers trusting untrustworthy or non-compliant root CAs,adjacent context,CA/Browser Forum BR; WebTrust/ETSI audits; Common CA Database (CCADB),"Current version 1.8, effective 5 Feb. 2026; governs which CA root certificates are trusted by default in Chrome, applying to all CAs seeking or holding inclusion in the Chrome Root Store. [https://googlechrome.github.io/chromerootprogram/ ; https://www.chromium.org/Home/chromium-security/root-ca-policy/]",1,No published evaluation identified (checked),0,No published compliance-cost figure identified,0,https://googlechrome.github.io/chromerootprogram/,"Confirmed Google's Chrome Root Program Policy (current v1.8, updated 2026-02-05) sets minimum requirements for CA inclusion in Chrome's root store."
401,Mozilla Root Store Policy,MRSP,Mozilla,Mozilla,NGO-multistakeholder,2025,2025,,in force,global-multilateral,private-industry-scheme,de-facto-required-for-market-access,market-driven,governance-mutual-recognition,mutual-recognition,Digital systems and data,Cybersecurity compromise & data interception,high,Internet infrastructure & Web PKI,high,Browser trust / Web PKI governance,Adjacent: Cybersecurity & Software,"compliance-conformity, identity",software trusting untrustworthy or non-compliant root CAs,adjacent context,CA/Browser Forum BR; WebTrust/ETSI audits; Common CA Database (CCADB),Version 3.0 effective 15 Mar. 2025 (a further v3.1 update was published by Mozilla Security Blog on 29 June 2026); governs the CA root certificates trusted by default in Firefox and Thunderbird. [https://github.com/mozilla/pkipolicy/blob/master/rootstore/policy.md ; https://blog.mozilla.org/security/2026/06/29/improving-transparency-and-assurance-in-the-web-pki-mozilla-root-store-policy-v3-1/],1,No published evaluation identified (checked),0,No published compliance-cost figure identified,0,https://www.mozilla.org/en-US/about/governance/policies/security-group/certs/policy/,"Confirmed Mozilla Root Store Policy current version 3.0 (effective 2025-03-15), maintained via public community consultation; governs CA inclusion in Firefox/Thunderbird."
402,SPDX (Software Package Data Exchange),SPDX,Linux Foundation (SPDX project) / ISO-IEC JTC 1,Linux Foundation / ISO-IEC JTC 1,hybrid,2021,2021,,in force,global-multilateral,voluntary-consensus-standard,voluntary,hybrid,data-credential-model,mutual-recognition,Digital systems and data,Cybersecurity compromise & data interception,high,Cybersecurity & software supply chain,high,software / ICT,Adjacent: Cybersecurity & Software,"composition, identity, origin-provenance, compliance-conformity",undisclosed vulnerable or unlicensed software components,adjacent context,NTIA SBOM minimum elements; interoperable with CycloneDX and SWID,"Became ISO/IEC 5962:2021 in Sept. 2021 (Linux Foundation press release), the first open-source SBOM format to reach ISO status; named early adopters include Intel, Microsoft, Siemens, Sony, Synopsys, VMware, and Wind River (the latter reporting 8 years of prior SPDX-format SBOM delivery to customers). A 2024 academic tooling survey (arXiv:2402.11151, Mirakhorli et al.) found SPDX supported by a smaller share of third-party SBOM tools than CycloneDX. [https://www.linuxfoundation.org/press/featured/spdx-becomes-internationally-recognized-standard-for-software-bill-of-materials ; https://arxiv.org/abs/2402.11151]",1,No published evaluation identified (checked),0,No published compliance-cost figure identified,0,https://www.linuxfoundation.org/press/featured/spdx-becomes-internationally-recognized-standard-for-software-bill-of-materials,"Linux Foundation press release confirms SPDX approved as ISO/IEC 5962:2021, developed by Linux Foundation, Joint Development Foundation and SPDX community as open SBOM standard."
403,CycloneDX Bill of Materials,CycloneDX,OWASP Foundation / Ecma International TC54,OWASP Foundation / Ecma International TC54,hybrid,2024,2024,,in force,global-multilateral,voluntary-consensus-standard,voluntary,market-driven,data-credential-model,mutual-recognition,Digital systems and data,Cybersecurity compromise & data interception,high,Cybersecurity & software supply chain,high,software / ICT,Adjacent: Cybersecurity & Software,"composition, identity, origin-provenance, compliance-conformity",unmanaged software/hardware component and vulnerability exposure,adjacent context,OWASP CycloneDX project; interoperable with SPDX,"Standardized as Ecma International ECMA-424 on 2 July 2024 (based on CycloneDX v1.6); the 2024 tooling survey (arXiv:2402.11151) found it the most-supported SBOM schema among third-party tools, ahead of SPDX. [https://ecma-international.org/news/ecma-new-standard-ecma-424-on-cyclonedx-bill-of-materials/ ; https://owasp.org/www-project-cyclonedx/]",1,No published evaluation identified (checked),0,No published compliance-cost figure identified,0,https://ecma-international.org/publications-and-standards/standards/ecma-424/,"Ecma International page confirms ECMA-424 standardizes OWASP CycloneDX (1st ed June 2024, 2nd ed Dec 2025 covering v1.7) under Ecma TC54; JSON BOM for components, services, dependencies, vulnerabilities."
404,Supply-chain Levels for Software Artifacts,SLSA,"Open Source Security Foundation (OpenSSF), Linux Foundation",Open Source Security Foundation,NGO-multistakeholder,2023,2023,,in force,global-multilateral,NGO-multistakeholder-scheme,voluntary,market-driven,traceability-exchange-protocol,mutual-recognition,Digital systems and data,Cybersecurity compromise & data interception,high,Cybersecurity & software supply chain,high,software / ICT,Adjacent: Cybersecurity & Software,"chain-of-custody, origin-provenance, authenticity-anti-counterfeit",build-system tampering supply-chain attacks (e.g. SolarWinds-type),adjacent context,in-toto attestation framework; provenance predicate,"Despite growing interest, adoption is 'not widespread' — an empirical study (arXiv:2409.05014, examining 1,523 SLSA-related issues across 233 GitHub repositories, Sept.–Dec. 2024) found complex implementation and unclear communication as the two biggest adoption barriers. [https://arxiv.org/abs/2409.05014 ; https://slsa.dev/blog/2023/05/in-toto-and-slsa ; https://openssf.org/projects/slsa/]",1,"Mixed — the same study concludes some proposed mitigation strategies help, while other adoption challenges 'need future research and tool enhancement,' amid a cited 200% rise in software-supply-chain attacks (Sonatype 2023) motivating SLSA's creation. [https://arxiv.org/abs/2409.05014 ; https://slsa.dev/blog/2023/05/in-toto-and-slsa ; https://openssf.org/projects/slsa/]",1,No published compliance-cost figure identified,0,https://openssf.org/press-release/2023/04/19/openssf-announces-slsa-version-1-0-release/,"OpenSSF press release and slsa.dev confirm SLSA is an OpenSSF framework; v1.0 released April 2023 (site shows v1.2, 2026 copyright); four build levels of increasing assurance for tamper resistance and provenance."
405,in-toto,in-toto,Cloud Native Computing Foundation (CNCF); originated NYU Secure Systems Lab,Cloud Native Computing Foundation ; originated NYU Secure Systems Lab,NGO-multistakeholder,2025,2025,,in force,global-multilateral,NGO-multistakeholder-scheme,voluntary,market-driven,traceability-exchange-protocol,mutual-recognition,Digital systems and data,Cybersecurity compromise & data interception,high,Cybersecurity & software supply chain,high,software / ICT,Adjacent: Cybersecurity & Software,"chain-of-custody, origin-provenance, authenticity-anti-counterfeit",unauthorized or tampered steps in the software supply chain,adjacent context,The Update Framework (TUF); integrates with SLSA and OpenVEX,"Graduated within the CNCF on 23 Apr. 2025 (from Incubating, entered 2022); named production adopters include SolarWinds and Autodesk, and it has been integrated into OpenVEX and the SLSA framework. [https://www.cncf.io/announcements/2025/04/23/cncf-announces-graduation-of-in-toto-security-framework-enhancing-software-supply-chain-integrity-across-industries/]",1,No published evaluation identified (checked),0,No published compliance-cost figure identified,0,https://www.cncf.io/announcements/2025/04/23/cncf-announces-graduation-of-in-toto-security-framework-enhancing-software-supply-chain-integrity-across-industries/,"CNCF announcement confirms in-toto graduated 23 April 2025, created at NYU (Cappos/Torres-Arias), CNCF-hosted; produces a verifiable record of SDLC steps by authorized entities."
406,NIST Secure Software Development Framework,SSDF (SP 800-218),NIST (US Dept of Commerce),NIST,public,2022,2022,,in force,national,govt-referenced-standard,de-facto-required-for-market-access,mandate-driven,conformity-assessment-certification,mutual-recognition,Digital systems and data,Cybersecurity compromise & data interception,high,Cybersecurity & software supply chain,high,software / ICT,Adjacent: Cybersecurity & Software,"compliance-conformity, safety",exploitable software vulnerabilities from insecure development,adjacent context,"OWASP SAMM, BSIMM, SP 800-161; augmented by SP 800-218A (GenAI)","Version 1.1 published Feb. 2022. Made mandatory for federal software vendors via OMB Memoranda M-22-18/M-23-16 (self-attestation requirement); this mandate was rescinded on 10 Feb. 2026 by OMB M-26-05, which replaced uniform SSDF self-attestation with agency-discretionary, risk-based vendor validation. [https://csrc.nist.gov/projects/ssdf ; https://www.dwt.com/blogs/privacy--security-law-blog/2026/02/omb-changes-course-on-software-security]",1,No published evaluation identified (checked),0,No published compliance-cost figure identified,0,https://csrc.nist.gov/projects/ssdf,"NIST CSRC SSDF project page confirms SP 800-218 v1.1 with four practice groups (Prepare, Protect, Produce, Respond); final v1.1 dated Feb 2022; SP 800-218A adds a generative-AI community profile."
407,"Executive Order 14028, Improving the Nation's Cybersecurity",EO 14028,US Executive Office of the President (White House),US Executive Office of the President,public,2021,2021,,in force,national,binding-regulation,mandatory,mandate-driven,mandating-regulation,standalone-silo,Digital systems and data,Cybersecurity compromise & data interception,high,Cybersecurity & software supply chain,high,software / government procurement,Cross-sector Horizontal,"compliance-conformity, chain-of-custody, safety",supply-chain cyberattacks on government and critical infrastructure,mandate-owner to recognize,NIST SSDF; NTIA SBOM minimum elements,"Signed 12 May 2021, published in the Federal Register 17 May 2021; mandated SBOMs for federal software vendors, secure software development practices, and definition of 'critical software.' Its principal implementation mechanism (OMB-directed SSDF self-attestation) was rescinded and replaced by OMB M-26-05 on 10 Feb. 2026, moving federal agencies to a discretionary, risk-based approach. [https://www.federalregister.gov/documents/2021/05/17/2021-10460/improving-the-nations-cybersecurity ; https://www.dwt.com/blogs/privacy--security-law-blog/2026/02/omb-changes-course-on-software-security]",1,No published evaluation identified (checked),0,No published compliance-cost figure identified,0,https://www.federalregister.gov/documents/2021/05/17/2021-10460/improving-the-nations-cybersecurity,"Federal Register (86 FR 26633) confirms EO 14028 signed 12 May 2021 by President Biden; mandates SBOMs, secure-software-development attestation, vulnerability scanning, and IoT consumer labeling pilots."
408,Sigstore,Sigstore,"Open Source Security Foundation (OpenSSF), Linux Foundation",Open Source Security Foundation,NGO-multistakeholder,2021,,https://blog.sigstore.dev/whats-next-for-sigstore-1969e7321f75/,in force,global-multilateral,NGO-multistakeholder-scheme,voluntary,market-driven,traceability-exchange-protocol,mutual-recognition,Product integrity,Counterfeiting & falsification,high,Cybersecurity & software supply chain,high,software / ICT,Adjacent: Cybersecurity & Software,"authenticity-anti-counterfeit, origin-provenance, chain-of-custody",forged or tampered software artifacts with unverifiable provenance,adjacent context,"X.509, OIDC, Certificate Transparency; adopted by SLSA and package registries","Became an OpenSSF Graduated project in Mar. 2024. npm's Sigstore-powered provenance went GA on 3 Oct. 2023; during its public beta (Apr.–Sept. 2023) over 3,800 projects (incl. 134 high-impact ones) adopted build provenance, with over 500 million downloads of provenance-enabled package versions. [https://blog.sigstore.dev/npm-provenance-ga/ ; https://arxiv.org/abs/2503.00271 ; https://blog.sigstore.dev/sigstore-openssf-graduation/ ; https://docs.sigstore.dev/about/security/]",1,"Mixed — a qualitative USENIX Security '25 study (arXiv:2503.00271, 13 practitioner interviews) found keyless/ephemeral signing eased key-management burdens, but enterprise rate-limiting/latency, transparency-log privacy concerns (5 of 6 participants), thin documentation for private deployments, and air-gap incompatibility remain significant adoption barriers. [https://blog.sigstore.dev/npm-provenance-ga/ ; https://arxiv.org/abs/2503.00271 ; https://blog.sigstore.dev/sigstore-openssf-graduation/ ; https://docs.sigstore.dev/about/security/]",1,No published compliance-cost figure identified,0,https://openssf.org/community/sigstore/,"OpenSSF community page confirms Sigstore is an OpenSSF project for signing, verifying and protecting software; components are Cosign (signing), Fulcio (CA), Rekor (transparency log), Gitsign. Founding year not stated on the fetched page, left blank. [Batch year-fill: 2021 (officially launched / first publicly announced), high confidence. https://blog.sigstore.dev/whats-next-for-sigstore-1969e7321f75/]"
409,Trusted Platform Module 2.0 Library Specification (ISO/IEC 11889),TPM,Trusted Computing Group (TCG) / ISO-IEC JTC 1,Trusted Computing Group / ISO-IEC JTC 1,hybrid,2015,2015,,in force,global-multilateral,voluntary-consensus-standard,de-facto-required-for-market-access,hybrid,identifier,mutual-recognition,Digital systems and data,Cybersecurity compromise & data interception,high,Cybersecurity & software supply chain,high,computing hardware / ICT,Adjacent: Cybersecurity & Software,"identity, authenticity-anti-counterfeit, safety",platform tampering and unverifiable device integrity,adjacent context,TCG TPM main specification; Common Criteria TPM protection profiles,"Standardized internationally as ISO/IEC 11889 (recognized by governments per Microsoft, 2015); Microsoft requires TPM 2.0 as a baseline hardware requirement for Windows 11, driving near-universal presence in new PCs. [https://crocs.fi.muni.cz/_media/publications/pdf/2024-ches-tpmscan.pdf ; https://trustedcomputinggroup.org/resource/tpm-library-specification/]",1,"Limited — TPMScan (CHES 2024 / IACR TCHES), a wide-scale study of 78 TPM firmware versions across 6 vendors (Infineon, Nuvoton, STMicroelectronics, AMD, Microsoft, Intel) over 7 years, found serious vulnerabilities (e.g., new ECC nonce-leakage bugs, one allowing private-key extraction from just nine signatures) persisting despite Common Criteria EAL4+ certification, plus inconsistent vendor vulnerability disclosure/mitigation. [https://crocs.fi.muni.cz/_media/publications/pdf/2024-ches-tpmscan.pdf ; https://trustedcomputinggroup.org/resource/tpm-library-specification/]",1,No published compliance-cost figure identified,0,https://trustedcomputinggroup.org/resource/tpm-library-specification/,"TCG resource page confirms TPM 2.0 Library Specification (latest Rev 185, March 2026, four parts) standardized internationally as ISO/IEC 11889:2015; hardware root of trust for platform integrity and attestation."
410,Device Identifier Composition Engine,DICE,Trusted Computing Group (TCG),Trusted Computing Group,hybrid,2017,,https://trustedcomputinggroup.org/tcg-announces-dice-architecture-security-privacy-iot-embedded-devices/,in force,global-multilateral,voluntary-consensus-standard,voluntary,market-driven,identifier,mutual-recognition,Digital systems and data,Cybersecurity compromise & data interception,high,Cybersecurity & software supply chain,high,IoT / embedded hardware,Adjacent: Cybersecurity & Software,"identity, authenticity-anti-counterfeit",unprotected identity and integrity on resource-constrained IoT devices,adjacent context,TCG; complements TPM; DICE X.509 certificate profiles,"Adopted into Android via the Open DICE project (Android Open Source Project), used for firmware-stage identity/attestation on Android devices as a lightweight alternative where a full TPM is impractical. [https://source.android.com/docs/security/features/dice ; https://trustedcomputinggroup.org/what-is-a-device-identifier-composition-engine-dice/]",1,No published evaluation identified (checked),0,No published compliance-cost figure identified,0,https://trustedcomputinggroup.org/what-is-a-device-identifier-composition-engine-dice/,"TCG page confirms DICE is a TCG-published hardware root of trust for devices where a TPM is impractical; provides device identity, measurement and attestation. Specific spec year not stated on fetched page, left blank. [Batch year-fill: 2017 (TCG official announcement of the DICE Architecture specification release), high confidence. https://trustedcomputinggroup.org/tcg-announces-dice-architecture-security-privacy-iot-embedded-devices/]"
411,Remote ATtestation procedureS (RATS) Architecture,RATS (RFC 9334),Internet Engineering Task Force (IETF),Internet Engineering Task Force,NGO-multistakeholder,2023,2023,,in force,global-multilateral,voluntary-consensus-standard,voluntary,market-driven,traceability-exchange-protocol,mutual-recognition,Digital systems and data,Cybersecurity compromise & data interception,high,Cybersecurity & software supply chain,high,ICT / device security,Adjacent: Cybersecurity & Software,"authenticity-anti-counterfeit, identity, compliance-conformity",relying on an untrustworthy device operating state,adjacent context,"TCG attestation, TPM; underpins EAT and CoRIM formats",No published figure identified (checked),0,No published evaluation identified (checked),0,No published compliance-cost figure identified,0,https://www.rfc-editor.org/info/rfc9334/,"RFC Editor confirms RFC 9334 (Informational, IETF RATS WG) published 13 Jan 2023; defines Attester, Verifier and Relying Party roles and evidence/attestation-result flow."
412,FIDO Metadata Service,FIDO MDS,FIDO Alliance,FIDO Alliance,private,2025,2025,,in force,global-multilateral,private-industry-scheme,voluntary,market-driven,data-credential-model,mutual-recognition,Product integrity,Counterfeiting & falsification,high,Cybersecurity & software supply chain,high,identity / authentication hardware,Adjacent: Cybersecurity & Software,"authenticity-anti-counterfeit, identity, compliance-conformity",fraudulent or uncertified authenticators undermining authentication,adjacent context,"FIDO2/WebAuthn, CTAP; authenticator attestation","MDS underpins authenticator trust validation across the broader FIDO2/passkey ecosystem, which the FIDO Alliance reports reached roughly 5 billion passkeys in active use worldwide as of its May 2026 World Passkey Day report (90% global awareness, 75% of people having activated at least one passkey). [https://fidoalliance.org/specs/mds/fido-metadata-service-v3.1-ps-20250521.html ; https://fidoalliance.org/five-billion-passkeys-a-milestone-not-a-finish-line/]",1,No published evaluation identified (checked),0,No published compliance-cost figure identified,0,https://fidoalliance.org/metadata/,FIDO Alliance page confirms MDS (current MDS3) is a global registry distributing a signed Metadata BLOB used by relying parties to validate authenticator attestation and FIDO Certified status; spec v3.1 dated 2025-05-21.
413,GSMA eSIM Remote SIM Provisioning (SGP.22 Consumer / SGP.32 IoT),eUICC / RSP,GSMA,GSMA,private,2023,2023,,in force,global-multilateral,private-industry-scheme,de-facto-required-for-market-access,market-driven,identifier,mutual-recognition,Digital systems and data,Cybersecurity compromise & data interception,high,Digital identity & civil registration,high,telecom / IoT connectivity,Adjacent: Cybersecurity & Software,"identity, authenticity-anti-counterfeit, chain-of-custody",unauthorized SIM provisioning and untrusted device/network access,adjacent context,GSMA SGP.21/SGP.02 RSP architecture; GSMA Certificate Issuer PKI,"GSMA Intelligence estimates ~850 million eSIM smartphone connections globally in 2025, forecast to reach 6.7 billion (76% of all smartphone connections) by 2030; separately, over 260 mobile operators (MNOs/MVNOs) had already launched commercial eSIM smartphone services as of June 2022. [https://www.gsmaintelligence.com/research/esim-market-progress-consumer-behaviour-and-adoption-to-2030]",1,No published evaluation identified (checked),0,No published compliance-cost figure identified,0,https://www.gsma.com/solutions-and-impact/technologies/esim/wp-content/uploads/2023/05/SGP.32-1.0-5.pdf,GSMA official documents confirm SGP.32 eSIM IoT Technical Specification v1.0 (May 2023) and SGP.22 Consumer RSP (latest v3.1); GSMA-published eUICC remote provisioning with certificate-based trust chain.
414,Cybersecurity Supply Chain Risk Management Practices for Systems and Organizations,NIST SP 800-161r1 (C-SCRM),NIST (US Dept of Commerce),NIST,public,2022,2022,,in force,national,govt-referenced-standard,mandatory,mandate-driven,governance-mutual-recognition,standalone-silo,Digital systems and data,Cybersecurity compromise & data interception,high,Cybersecurity & software supply chain,high,ICT / federal supply chain,Cross-sector Horizontal,"compliance-conformity, chain-of-custody, safety",compromised or counterfeit ICT components in the supply chain,peer framework,SP 800-53 controls; SP 800-37 Risk Management Framework,No published figure identified (checked),0,No published evaluation identified (checked),0,No published compliance-cost figure identified,0,https://csrc.nist.gov/pubs/sp/800/161/r1/final,"NIST CSRC confirms SP 800-161 Rev 1 published 5 May 2022 (superseded by Rev 1 Update 1, Nov 2024); C-SCRM practices at organization, mission and system levels."
415,Platform Firmware Resiliency Guidelines,NIST SP 800-193,NIST (US Dept of Commerce),NIST,public,2018,2018,,in force,national,govt-referenced-standard,voluntary,mandate-driven,conformity-assessment-certification,standalone-silo,Digital systems and data,Cybersecurity compromise & data interception,high,Cybersecurity & software supply chain,high,computing hardware / firmware,Adjacent: Cybersecurity & Software,"authenticity-anti-counterfeit, safety, compliance-conformity",persistent firmware compromise or device bricking,adjacent context,"SP 800-147 (BIOS protection), SP 800-155; roots of trust",No published figure identified (checked),0,No published evaluation identified (checked),0,No published compliance-cost figure identified,0,https://csrc.nist.gov/news/2018/nist-releases-sp-800-193,"NIST CSRC confirms SP 800-193 published 4 May 2018 (updated June 2020); protection, detection and recovery of platform firmware anchored in roots of trust."
416,OpenSSF Scorecard,Scorecard,"Open Source Security Foundation (OpenSSF), Linux Foundation",Open Source Security Foundation,NGO-multistakeholder,2020,2020,,in force,global-multilateral,NGO-multistakeholder-scheme,voluntary,market-driven,conformity-assessment-certification,mutual-recognition,Digital systems and data,Cybersecurity compromise & data interception,high,Cybersecurity & software supply chain,high,open source software / ICT,Adjacent: Payments,"compliance-conformity, safety",insecure or unmaintained open-source dependencies,adjacent context,OpenSSF Best Practices; complements SBOM and dependency scanning,"Project repository states Scorecard runs a weekly automated scan of the 1 million most critical open-source projects (ranked by OpenSSF Criticality Score); notable listed users include TensorFlow, Angular, Flutter and deps.dev. A 2022 peer-reviewed measurement applied Scorecard to 832,422 of 947,936 npm packages and 191,483 of 211,088 PyPI packages that had GitHub repos. [https://github.com/ossf/scorecard ; https://arxiv.org/abs/2208.03412]",1,"mixed - a 2022 OpenSSF-affiliated peer-reviewed study (ESEM) found substantial real-world gaps in the practices Scorecard checks (Token-Permission, License, Code-Review, Maintained, Branch-Protection, Security-Policy) across both the npm and PyPI ecosystems, concluding several checks need broader industry consensus before they reliably predict security outcomes. [https://github.com/ossf/scorecard ; https://arxiv.org/abs/2208.03412]",1,No published compliance-cost figure identified,0,https://openssf.org/projects/scorecard/,"OpenSSF project page confirms Scorecard launched Nov 2020, an OpenSSF Best Practices WG project running automated security-health checks on open-source projects."
417,The Minimum Elements For a Software Bill of Materials (SBOM),NTIA SBOM Minimum Elements,NTIA (US Dept of Commerce); 2025 update by CISA,NTIA ; 2025 update by CISA,public,2021,2021,,in force,national,govt-referenced-standard,de-facto-required-for-market-access,mandate-driven,data-credential-model,mutual-recognition,Digital systems and data,Cybersecurity compromise & data interception,high,Cybersecurity & software supply chain,high,software / ICT,Adjacent: Cybersecurity & Software,"composition, identity, origin-provenance",opacity of software components hindering vulnerability management,adjacent context,"EO 14028 sec. 10(j); SPDX, CycloneDX and SWID formats","A Linux Foundation/OpenSSF/SPDX/OpenChain survey of 412 organizations (Q3 2021, published alongside NTIA's report) found 47% were already producing or consuming SBOMs, with 78% expecting to do so by 2022, and 82% familiar with the term SBOM. [https://www.linuxfoundation.org/press/press-release/the-linux-foundation-releases-the-state-of-software-bill-of-materials-sbom-and-cybersecurity-readiness-research]",1,No published evaluation identified (checked),0,No published compliance-cost figure identified,0,https://www.ntia.gov/report/2021/minimum-elements-software-bill-materials-sbom,"NTIA report page confirms publication July 2021 pursuant to EO 14028; defines minimum data fields, supported formats (SPDX/CycloneDX/SWID) and practices; a 2025 CISA update exists."
418,Secure Software Development Attestation Form (Common Form),CISA SSDF Attestation Form,CISA / OMB (US),CISA / OMB,public,2024,2024,,in force,national,govt-referenced-standard,mandatory,mandate-driven,conformity-assessment-certification,standalone-silo,Digital systems and data,Cybersecurity compromise & data interception,high,Cybersecurity & software supply chain,high,software / government procurement,Adjacent: Cybersecurity & Software,"compliance-conformity, safety",insecure software entering federal systems,adjacent context,NIST SSDF SP 800-218; EO 14028; OMB M-22-18 and M-23-16,No published figure identified (checked),0,No published evaluation identified (checked),0,No published compliance-cost figure identified,0,https://www.cisa.gov/secure-software-attestation-form,"CISA page confirms the form was released 11 March 2024 with OMB, based on NIST SSDF; software producers self-attest to secure development practices, submitted via the Repository for Software Attestations and Artifacts (RSAA)."
419,Security Evaluation Standard for IoT Platforms,SESIP,GlobalPlatform,GlobalPlatform,private,2020,2020,,in force,global-multilateral,private-industry-scheme,voluntary,hybrid,conformity-assessment-certification,mutual-recognition,Digital systems and data,Cybersecurity compromise & data interception,high,Cybersecurity & software supply chain,high,IoT / embedded security,Adjacent: Cybersecurity & Software,"safety, compliance-conformity, authenticity-anti-counterfeit",insecure IoT platforms and components,adjacent context,Common Criteria (ISO/IEC 15408); aligned with CEN/CENELEC IoT security work,"As of June 2024: 47 SESIP certificates had been issued by TrustCB (the sole accredited SESIP Certification Body) to vendors including NXP Semiconductors, STMicroelectronics and Winbond Electronics, with 5 operational testing laboratories (Applus+, Riscure, SERMA, SGS Brightsight, Thales ITSEF). [https://www.eejournal.com/industry_news/globalplatform-unveils-initiatives-to-scale-support-for-sesip-iot-security-evaluation-standard/]",1,No published evaluation identified (checked),0,No published compliance-cost figure identified,0,https://globalplatform.org/specs-library/sesip-methodology/,"GlobalPlatform specs library confirms SESIP Methodology v1.2 (GP_FST_070, July 2023; v1.0 public release March 2020), five assurance levels, based on Common Criteria, for optimized IoT platform security evaluation."
420,Matter Device Attestation (DAC / PAI / PAA),Matter DAC,Connectivity Standards Alliance (CSA),Connectivity Standards Alliance,private,2022,2022,,in force,global-multilateral,private-industry-scheme,de-facto-required-for-market-access,market-driven,conformity-assessment-certification,mutual-recognition,Product integrity,Counterfeiting & falsification,high,Cybersecurity & software supply chain,high,smart home / IoT,Adjacent: Cybersecurity & Software,"authenticity-anti-counterfeit, identity, compliance-conformity",counterfeit or uncertified smart-home devices joining trusted networks,adjacent context,X.509 PKI; CSA Distributed Compliance Ledger,No published figure identified (checked),0,No published evaluation identified (checked),0,No published compliance-cost figure identified,0,https://developers.home.google.com/matter/primer/attestation,Google Home Matter developer docs (implementing the CSA Matter spec) confirm the DAC/PAI/PAA X.509 chain proves a device was made by a certified maker and passed Matter compliance testing; PAAs are tracked in the CSA Distributed Compliance Ledger. Matter 1.0 released Oct 2022.
421,PSA Certified,PSA Certified,PSA Certified (founded by Arm + 6 partners; transferred to GlobalPlatform Sept 2025),PSA Certified,private,2019,2019,,in force,global-multilateral,private-industry-scheme,voluntary,market-driven,conformity-assessment-certification,mutual-recognition,Digital systems and data,Cybersecurity compromise & data interception,high,Cybersecurity & software supply chain,high,IoT / semiconductor,Adjacent: Cybersecurity & Software,"safety, authenticity-anti-counterfeit, identity, compliance-conformity",insecure IoT chips lacking a hardware root of trust,adjacent context,SESIP (for higher levels); Common Criteria; PSA Root of Trust specs and attestation token (EAT),"More than 250 products (spanning silicon, software and devices) had been certified as of September 2025, up from 100+ in March 2022, 80+ in October 2021, and 25 in October 2019. [https://www.businesswire.com/news/home/20250915412929/en/GlobalPlatform-to-Drive-Next-Phase-of-Growth-for-PSA-Certified-Accelerating-Security-Adoption]",1,No published evaluation identified (checked),0,No published compliance-cost figure identified,0,https://www.psacertified.org/what-is-psa-certified/about/psa-certified-at-a-glance/our-history/,"PSA Certified pages confirm founding in Feb 2019 by Arm plus six partners, Levels 1-4 certifying the chip Root of Trust, leveraging SESIP for higher-level evaluations; scheme transferred to GlobalPlatform Sept 2025."
422,Software Identification (SWID) Tags,SWID (ISO/IEC 19770-2),ISO-IEC JTC 1 SC 7,ISO / IEC,hybrid,2015,2015,,in force,global-multilateral,voluntary-consensus-standard,voluntary,market-driven,identifier,mutual-recognition,Digital systems and data,Cybersecurity compromise & data interception,high,Cybersecurity & software supply chain,high,software / ICT,Adjacent: Cybersecurity & Software,"identity, composition, origin-provenance",inability to identify and inventory installed software for vulnerability management,adjacent context,NISTIR 8060; IETF CoSWID (RFC 9393); an NTIA-recognized SBOM format,No published figure identified (checked),0,No published evaluation identified (checked),0,No published compliance-cost figure identified,0,https://csrc.nist.gov/projects/software-identification-swid/guidelines,"NIST CSRC confirms SWID tags are defined by ISO/IEC 19770-2:2015 as structured software-product metadata used for software asset management, vulnerability assessment, integrity verification and SBOM; NIST provides NISTIR 8060 guidelines."
423,Uniform Customs and Practice for Documentary Credits (2007 Revision),UCP 600,International Chamber of Commerce (ICC),International Chamber of Commerce,private,2007,2007,,in force,global-multilateral,private-industry-scheme,de-facto-required-for-market-access,market-driven,governance-mutual-recognition,mutual-recognition,Financial integrity,"Financial crime, AML & mispriced risk",high,"Trade, customs & logistics",high,Banking / international trade finance,Risk Transfer & Guarantee,"compliance-conformity, authenticity-anti-counterfeit",Non-payment / counterparty default in cross-border trade,adjacent context,Prior UCP revisions (UCP 500),"ICC states its documentary credit rules (currently UCP 600, the 2007 revision) are implemented in more than 175 countries. [https://iccwbo.org/news-publications/news/un-endorses-icc-documentary-credit-rules/]",1,No published evaluation identified (checked),0,No published compliance-cost figure identified,0,https://iccwbo.org/news-publications/news/un-endorses-icc-documentary-credit-rules/,"ICC page confirms UCP 600 published by ICC, in force 1 July 2007, endorsed by UNCITRAL 2009; governs documentary letters of credit."
424,eUCP Version 2.1 – Supplement to UCP 600 for Electronic Presentation,eUCP 2.1,International Chamber of Commerce (ICC),International Chamber of Commerce,private,2023,2023,,in force,global-multilateral,private-industry-scheme,voluntary,market-driven,traceability-exchange-protocol,mutual-recognition,Financial integrity,"Financial crime, AML & mispriced risk",high,"Trade, customs & logistics",high,Banking / digital trade finance,Risk Transfer & Guarantee,"compliance-conformity, authenticity-anti-counterfeit",Non-payment risk / dispute in electronic documentary-credit presentation,adjacent context,UCP 600,No published figure identified (checked),0,No published evaluation identified (checked),0,No published compliance-cost figure identified,0,https://iccwbo.org/news-publications/policies-reports/eucp-version-2-1-icc-uniform-customs-and-practice-for-documentary-credits/,ICC page (dated 29 June 2023) confirms eUCP 2.1 as ICC digital supplement to UCP 600 for electronic presentation.
425,Uniform Rules for Demand Guarantees,URDG 758,International Chamber of Commerce (ICC),International Chamber of Commerce,private,2010,2010,,in force,global-multilateral,private-industry-scheme,de-facto-required-for-market-access,market-driven,governance-mutual-recognition,mutual-recognition,Financial integrity,"Financial crime, AML & mispriced risk",high,"Trade, customs & logistics",high,Banking / construction / project & trade finance,Risk Transfer & Guarantee,compliance-conformity,Beneficiary loss on a principal's non-performance or default,adjacent context,URDG 458 (prior revision),"By 2012, two years after its 2010 launch, 16 countries had used URDG 758 as a model for new national demand-guarantee statutes; endorsed by UNCITRAL in 2011; the World Bank updated its model guarantee forms to incorporate URDG 758. [https://iccwbo.org/news-publications/news/icc-demand-guarantee-rules-urdg-758-celebrate-two-years-of-rising-popularity/]",1,No published evaluation identified (checked),0,No published compliance-cost figure identified,0,https://iccwbo.org/news-publications/news/icc-unveils-guide-to-the-uniform-rules-for-demand-guarantees/,ICC page confirms URDG 758 came into force 1 July 2010 and governs independent demand guarantees and counter-guarantees.
426,International Standby Practices (ICC Publication No. 590),ISP98,Institute of International Banking Law & Practice (IIBLP); endorsed by ICC,Institute of International Banking Law & Practice ; endorsed by ICC,private,1999,1999,,in force,global-multilateral,private-industry-scheme,voluntary,market-driven,governance-mutual-recognition,mutual-recognition,Financial integrity,"Financial crime, AML & mispriced risk",high,Financial services & AML,high,Banking / standby letters of credit,Risk Transfer & Guarantee,compliance-conformity,Default on standby (payment/performance) obligations,adjacent context,Can also apply to independent demand guarantees,No published figure identified (checked),0,No published evaluation identified (checked),0,No published compliance-cost figure identified,0,https://iiblp.org/pages/isp98,"IIBLP page confirms ISP98 authored by IIBLP, effective 1 January 1999, ICC Publication No. 590; governs standby letters of credit."
427,Uniform Rules for Collections,URC 522,International Chamber of Commerce (ICC),International Chamber of Commerce,private,1996,1996,,in force,global-multilateral,private-industry-scheme,de-facto-required-for-market-access,market-driven,governance-mutual-recognition,mutual-recognition,Financial integrity,"Financial crime, AML & mispriced risk",high,"Trade, customs & logistics",high,Banking / trade finance,Cross-sector Horizontal,"compliance-conformity, chain-of-custody",Loss in documentary collections (release of documents without payment/acceptance),peer framework,Now bundled with eURC Version 1.1,No published figure identified (checked),0,No published evaluation identified (checked),0,No published compliance-cost figure identified,0,https://2go.iccwbo.org/urc-522-uniform-rules-for-collections-config-1+book_version-Book/,"ICC store page confirms ICC ownership, collections scope, current pub P824E incl. eURC v1.1; 1995 revision / 1 Jan 1996 in-force date is standard ICC record."
428,Uniform Rules for Bank-to-Bank Reimbursements under Documentary Credits,URR 725,International Chamber of Commerce (ICC),International Chamber of Commerce,private,2008,2008,,in force,global-multilateral,private-industry-scheme,voluntary,market-driven,governance-mutual-recognition,mutual-recognition,Financial integrity,"Financial crime, AML & mispriced risk",medium,Financial services & AML,high,Banking / trade finance,Risk Transfer & Guarantee,compliance-conformity,Reimbursement failure/dispute between banks settling documentary credits,adjacent context,UCP 600; supersedes URR 525,No verified published penetration/scale figure located this session (ICC does not publish bank-adoption statistics for URR 725). [https://2go.iccwbo.org/icc-uniform-rules-for-bank-to-bank-reimbursements-under-documentary-credits-urr-726.html],0,No published evaluation identified (checked),0,No published compliance-cost figure identified,0,https://iccwbo.org/news-publications/news/icc-updates-bank-to-bank-reimbursement-rules/,"ICC page confirms URR 725 published by ICC, effective 1 October 2008, aligned to UCP 600; governs bank-to-bank reimbursements."
429,International Standard Banking Practice for the Examination of Documents under UCP 600 (ICC Pub 821),ISBP 821,International Chamber of Commerce (ICC),International Chamber of Commerce,private,2023,2023,,in force,global-multilateral,private-industry-scheme,voluntary,market-driven,conformity-assessment-certification,mutual-recognition,Identity and personal security,"Fraud, forgery & impersonation",high,Financial services & AML,high,Banking / trade finance,Risk Transfer & Guarantee,"compliance-conformity, authenticity-anti-counterfeit",Wrongful rejection/acceptance of documents; disputes under letters of credit,adjacent context,UCP 600; supersedes ISBP 745 (2013) and ISBP 645 (2002),"No independent adoption/penetration statistics published by ICC; distributed globally through ICC national committees (e.g., ICC Indonesia) since the 2023 edition. [https://www.iccindonesia.org/isbp-821/]",0,No published evaluation identified (checked),0,No published compliance-cost figure identified,0,https://2go.iccwbo.org/international-standard-banking-practice-isbp-config-1+book_version-Book/,"ICC store page confirms ISBP is ICC-published; current edition Publication 821 (2023), original 645 (2002); guides examination of documents under UCP 600."
430,Uniform Rules for Bank Payment Obligations,URBPO,"International Chamber of Commerce (ICC), jointly with SWIFT",International Chamber of Commerce,hybrid,2013,2013,,in force,global-multilateral,private-industry-scheme,voluntary,market-driven,traceability-exchange-protocol,mutual-recognition,Financial integrity,"Financial crime, AML & mispriced risk",high,Financial services & AML,high,Banking / supply-chain & trade finance,Risk Transfer & Guarantee,compliance-conformity,Non-payment risk in inter-bank data-matched trade settlement,adjacent context,Complements UCP 600 / open-account trade,No verified adoption/penetration figures published by ICC located this session. [https://library.iccwbo.org/content/tfb/RULES/tfb-urbpo-rules.htm],0,No published evaluation identified (checked),0,No published compliance-cost figure identified,0,https://uscib.org/urbpo-uniform-rules-for-bank-payment-obligations-ud-4515/,"USCIB (ICC's US national committee) confirms URBPO is ICC Publication No. 750, released 2013, developed jointly by SWIFT and ICC; first standard for Bank Payment Obligations."
431,Arrangement on Officially Supported Export Credits,OECD Arrangement,OECD (Participants to the Arrangement),OECD,public,1978,1978,,in force,global-multilateral,accreditation-or-mutual-recognition-arrangement,voluntary,hybrid,governance-mutual-recognition,mutual-recognition,Financial integrity,"Financial crime, AML & mispriced risk",high,"Trade, customs & logistics",high,Export finance / export credit agencies,Risk Transfer & Guarantee,compliance-conformity,Subsidy races and market distortion in officially supported export credits; taxpayer exposure,adjacent context,EU Regulation (EU) 1233/2011 makes it binding in EU law,"11 Participants as of the 2024 consolidated text: Australia, Canada, the European Union, Japan, Korea, New Zealand, Norway, Switzerland, Türkiye, the United Kingdom and the United States. The Arrangement has been in effect (indefinite duration) since April 1978. [https://one.oecd.org/document/TAD/PG(2024)6/en/pdf]",1,No published evaluation identified (checked),0,No published compliance-cost figure identified,0,https://legalinstruments.oecd.org/public/doc/253/253.en.pdf,"OECD legal instrument (OECD/LEGAL/5005) confirms adopted 22 Feb 1978, in force 1 Apr 1978, a 'Gentlemen's Agreement' among 11 Participants; disciplines export-credit financing terms."
432,Berne Union Guiding Principles and Operational Guidelines,Berne Union,International Union of Credit and Investment Insurers (Berne Union),International Union of Credit and Investment Insurers,NGO-multistakeholder,1934,1934,,in force,global-multilateral,NGO-multistakeholder-scheme,voluntary,market-driven,governance-mutual-recognition,mutual-recognition,Financial integrity,"Financial crime, AML & mispriced risk",high,"Trade, customs & logistics",high,Export credit & investment insurance,Risk Transfer & Guarantee,compliance-conformity,Commercial and political payment-default risk in cross-border trade and investment,adjacent context,(no explicit dependency identified),"131 member organisations from more than 80 countries (current Berne Union membership directory). Members supported a record USD 3.3 trillion of new trade in 2024, per Berne Union's own 2024 data. [https://www.berneunion.org/Articles/Details/958/Press-Release-Export-credit-industry-pivots-support-to-strengthen-supply-chains]",1,No published evaluation identified (checked),0,No published compliance-cost figure identified,0,https://www.berneunion.org/stub/display/8,"Berne Union About page confirms founded 1934, international association of ECAs/multilaterals/private underwriters promoting sound principles in export credit & investment insurance."
433,Communication on the application of Articles 107 & 108 TFEU to Short-term Export-credit Insurance,STEC Communication,European Commission,European Union,public,2021,2021,,in force,regional,govt-referenced-standard,mandatory,mandate-driven,mandating-regulation,mutual-recognition,Financial integrity,"Financial crime, AML & mispriced risk",medium,"Trade, customs & logistics",high,Export credit insurance,Risk Transfer & Guarantee,compliance-conformity,State-subsidy distortion; public insurers crowding out private short-term credit insurers,adjacent context,Articles 107-108 TFEU; OECD Arrangement,"No quantitative adoption/coverage figures published by the Commission located this session; in its 2021 stakeholder consultation the Commission itself noted it lacked EU-wide data on private capacity, acceptance ratios, insured turnover and premium rates. [https://eur-lex.europa.eu/legal-content/EN/TXT/PDF/?uri=CELEX:52012XC1219(01)]",0,No published evaluation identified (checked),0,No published compliance-cost figure identified,0,https://eur-lex.europa.eu/legal-content/EN/TXT/HTML/?uri=PI_COM:C(2021)8705,"EUR-Lex text confirms EC Communication applying State-aid rules to short-term export-credit insurance, distinguishing marketable vs non-marketable risks; applies from 1 January 2022."
434,"Miller Act – Federal Performance and Payment Bonds (40 U.S.C. ch. 31, subch. III)",,U.S. Congress (implemented via FAR by federal agencies),U.S. Congress,public,1935,1935,,in force,national,binding-regulation,mandatory,mandate-driven,mandating-regulation,standalone-silo,Financial integrity,"Financial crime, AML & mispriced risk",high,"Trade, customs & logistics",medium,Public construction / federal procurement,Risk Transfer & Guarantee,compliance-conformity,Contractor default and unpaid subcontractors/suppliers on federal construction projects,adjacent context,(no explicit dependency identified),"Requires performance and payment bonds on federal construction contracts exceeding $150,000 (FAR 28.102-1, implementing 40 U.S.C. §3131; the underlying statutory trigger is $100,000, with FAR setting the operative $150,000 threshold and alternative payment protections permitted between $35,000–$150,000). Nearly every US state has since enacted an analogous 'Little Miller Act' requiring bonds on state/local public construction, though this session could not verify a formal 50-state count from a primary government source. [https://www.acquisition.gov/far/28.102-1]",1,No published evaluation identified (checked),0,No published compliance-cost figure identified,0,https://www.acquisition.gov/far/subpart-28.1,"FAR Subpart 28.1 confirms the Miller Act (40 U.S.C. ch. 31, subch. III) requires performance and payment bonds for federal construction >$150,000; 1935 enactment is statutory record."
435,AIA Document A312 – Performance Bond and Payment Bond (2010),AIA A312,American Institute of Architects (AIA),American Institute of Architects,private,2010,2010,,in force,national,private-industry-scheme,voluntary,market-driven,data-credential-model,standalone-silo,Financial integrity,"Financial crime, AML & mispriced risk",high,"Trade, customs & logistics",high,Construction,Risk Transfer & Guarantee,compliance-conformity,Owner loss on contractor default; unpaid subcontractors and suppliers,adjacent context,"Designed as a companion form to AIA Document A201-2017, General Conditions of the Contract for Construction (listed by AIA as the 'related document'). The current A312-2010 edition replaced AIA Document A312-1984, which the AIA discontinued effective 31 December 2011.",No verified market-penetration/usage figures published by AIA specifically for A312 located this session. [https://help.aiacontracts.com/hc/en-us/articles/4532084897043-Summary-A312-2010-Performance-Bond-and-Payment-Bond],0,No published evaluation identified (checked),0,No published compliance-cost figure identified,0,https://help.aiacontracts.com/hc/en-us/articles/1500009307982-instructions-a312-2010-performance-bond-and-payment-bond,AIA Contracts page confirms A312-2010 is AIA-published dual-bond form (performance bond + payment bond) with surety obligations on contractor default.
436,ALTA Homeowner's Policy of Title Insurance (2021),ALTA,American Land Title Association (ALTA),American Land Title Association,private,2021,2021,,in force,national,private-industry-scheme,de-facto-required-for-market-access,market-driven,data-credential-model,standalone-silo,Financial integrity,"Financial crime, AML & mispriced risk",high,"Legal, notarial & e-commerce",high,Real estate,Risk Transfer & Guarantee,"identity, compliance-conformity","Financial loss from undisclosed title defects, liens, or ownership claims on property",adjacent context,(no explicit dependency identified),"ALTA does not break out Homeowner's Policy-specific volume, but total US title insurance premium volume — the market in which ALTA's policy forms (including the Homeowner's Policy) are the industry-standard forms — was $16.2 billion in 2024, up about 7% year-over-year, per ALTA's own reporting. [https://www.alta.org/news-and-publications/news/20250513-Title-Insurance-Premium-Volume-Increased-7-in-2024-ALTA-Reports]",1,No published evaluation identified (checked),0,No published compliance-cost figure identified,0,https://www.alta.org/policy-forms/downloadSub?formSubID=2201&type=pdf,"ALTA form (v.01.01, effective 1 July 2021) confirms ALTA-published homeowner's title policy insuring against title defects; restricted to ALTA members/licensees."
437,Magnuson-Moss Warranty Act,MMWA,U.S. Federal Trade Commission (Congress; FTC-enforced),U.S. Federal Trade Commission,public,1975,1975,,in force,national,binding-regulation,mandatory,mandate-driven,mandating-regulation,standalone-silo,Identity and personal security,"Fraud, forgery & impersonation",high,Consumer & manufactured products,high,Consumer goods,Risk Transfer & Guarantee,"compliance-conformity, safety",Deceptive/opaque warranty terms; consumers left without remedy for defective products,adjacent context,"Operates on top of state-law implied warranties under the Uniform Commercial Code — UCC §2-314 (implied warranty of merchantability), §2-315 (implied warranty of fitness for a particular purpose) and §2-313 (express warranties). Per FTC's own guidance: 'Federal law prohibits you from disclaiming implied warranties on any consumer product if you offer a written warranty.'","Applies to written warranties on consumer products priced above threshold amounts: full/limited designation required above $10; disclosure and pre-sale availability rules apply above $15 (thresholds essentially unchanged since the Act's 1975 effective date, per FTC's current guidance). [https://www.ftc.gov/business-guidance/resources/businesspersons-guide-federal-warranty-law]",1,No published evaluation identified (checked),0,No published compliance-cost figure identified,0,https://www.ftc.gov/legal-library/browse/statutes/magnuson-moss-warranty-federal-trade-commission-improvements-act,"FTC statute page confirms FTC enforcement, citation 15 U.S.C. 2301-2312, disclosure standards and full/limited warranty rules; 1975 enactment is statutory record."
438,Directive (EU) 2019/771 on contracts for the sale of goods,SGD,European Parliament and Council of the EU,European Union,public,2019,2019,,in force,regional,binding-regulation,mandatory,mandate-driven,mandating-regulation,mutual-recognition,Product integrity,Unsafe or non-compliant products,high,Consumer & manufactured products,high,Consumer goods,Risk Transfer & Guarantee,compliance-conformity,Consumer loss from non-conforming goods without an enforceable remedy,adjacent context,Replaces Consumer Sales & Guarantees Directive 1999/44/EC,"In force in all 27 EU Member States since the 1 July 2021 transposition/application deadline, and extended to the three EEA EFTA states — Iceland, Liechtenstein and Norway — effective 1 April 2024 (their EEA incorporation was delayed pending national constitutional procedures). [https://www.efta.int/eea-lex/32019l0771]",1,No published evaluation identified (checked),0,No published compliance-cost figure identified,0,https://commission.europa.eu/law/law-topic/consumer-protection-law/consumer-contract-law/consumer-sales-and-guarantees_en,"European Commission page confirms Directive (EU) 2019/771 applies from 1 January 2022, imposing a statutory guarantee of conformity with min. two-year seller liability."
439,RESPA Regulation X – Escrow Accounts (12 CFR 1024.17),Reg X,U.S. Consumer Financial Protection Bureau (CFPB),U.S. Consumer Financial Protection Bureau,public,1974,1974,,in force,national,binding-regulation,mandatory,mandate-driven,mandating-regulation,standalone-silo,Financial integrity,"Financial crime, AML & mispriced risk",high,Financial services & AML,high,Mortgage servicing / real estate,Risk Transfer & Guarantee,"compliance-conformity, chain-of-custody","Escrow mismanagement, lapsed tax/insurance payments, or borrower overcharge on mortgage escrow accounts",adjacent context,Real Estate Settlement Procedures Act of 1974 (RESPA),No verified scale/penetration figure specific to the escrow provision located this session. [https://www.ecfr.gov/current/title-12/chapter-X/part-1024],0,No published evaluation identified (checked),0,No published compliance-cost figure identified,0,https://www.ecfr.gov/current/title-12/chapter-X/part-1024/subpart-B/section-1024.17,"eCFR confirms 12 CFR 1024.17 (CFPB-administered Reg X under RESPA 1974) governs mortgage escrow accounts: caps cushions, mandates analyses and timely disbursement of taxes/insurance."
440,Convention Abolishing the Requirement of Legalisation for Foreign Public Documents (Apostille Convention),Apostille Convention,Hague Conference on Private International Law (HCCH),Hague Conference on Private International Law,public,1961,1961,,in force,global-multilateral,treaty-instrument,mandatory,mandate-driven,governance-mutual-recognition,mutual-recognition,Product integrity,Counterfeiting & falsification,high,"Legal, notarial & e-commerce",high,Legal / public administration,Adjacent: Legal & Notarial,"authenticity-anti-counterfeit, compliance-conformity",cross-border document fraud; non-recognition of official public documents,adjacent context,(no explicit dependency identified),130 Contracting Parties as of the HCCH's status table (last updated 30 June 2026). [https://www.hcch.net/en/instruments/conventions/status-table/?cid=41],1,"limited: HCCH (official): the Convention abolishes multi-step consular legalization, replacing an 'often long and costly legalisation process' with a single Apostille certificate (130 contracting parties; several million Apostilles/year); the e-APP e-Register enables electronic issuance and online verification to counter forged certificates. Direction: the mechanism plausibly reduces authentication steps, time, and cost and enables fraud verification — but the official materials provide NO quantified data on fraud-rate or cost reductions, and rigorous peer-reviewed outcome studies are scarce. Effect direction likely positive; magnitude unquantified.",1,No published compliance-cost figure identified,0,https://www.hcch.net/en/instruments/conventions/specialised-sections/apostille,"WebFetched HCCH Apostille Section: official title 'Convention of 5 October 1961...', 130 Contracting Parties, HCCH as administering body/depositary."
441,electronic Apostille Programme (e-Apostille and e-Register),e-APP,Hague Conference on Private International Law (HCCH),Hague Conference on Private International Law,public,2006,2006,,in force,global-multilateral,govt-referenced-standard,voluntary,hybrid,traceability-exchange-protocol,mutual-recognition,Product integrity,Counterfeiting & falsification,high,"Legal, notarial & e-commerce",high,Legal / public administration,Adjacent: Legal & Notarial,"authenticity-anti-counterfeit, chain-of-custody",apostille forgery; inability to verify authenticity of issued apostilles,adjacent context,Apostille Convention 1961; electronic-signature standards,"Per HCCH's current e-APP Implementation Chart, roughly 54 competent authorities (across Contracting Parties) have implemented e-Apostilles and roughly 57 have implemented e-Registers; figures include multiple sub-national implementing authorities within federal systems such as the US, Canada, Australia and Brazil. [https://assets.hcch.net/docs/e8e7549d-e34a-452f-9fa3-cf2241aa4197.pdf]",1,No published evaluation identified (checked),0,No published compliance-cost figure identified,0,https://www.hcch.net/en/instruments/conventions/specialised-sections/apostille,"WebFetched HCCH: e-APP launched 2006; two components - e-Apostille (electronically issued/signed, linked to secure certificate) and e-Register (online verification)."
442,UNCITRAL Model Law on Electronic Signatures,MLES,United Nations Commission on International Trade Law (UNCITRAL),United Nations Commission on International Trade Law,public,2001,2001,,in force,global-multilateral,govt-referenced-standard,voluntary,hybrid,mandating-regulation,mutual-recognition,System interoperability,Interoperability & fragmentation failure,high,"Legal, notarial & e-commerce",high,Legal / e-commerce,Adjacent: Legal & Notarial,"authenticity-anti-counterfeit, identity",legal uncertainty of e-signatures; cross-border non-recognition of certificates,adjacent context,UNCITRAL Model Law on Electronic Commerce (1996),"Legislation based on or influenced by the Model Law has been enacted in 40 States (42 jurisdictions in total, counting UK overseas territories such as Anguilla, the British Virgin Islands and Montserrat separately), per UNCITRAL's official status page. [https://uncitral.un.org/en/texts/ecommerce/modellaw/electronic_signatures/status]",1,No published evaluation identified (checked),0,No published compliance-cost figure identified,0,https://uncitral.un.org/en/texts/ecommerce/modellaw/electronic_signatures,WebFetched UNCITRAL: adopted 5 July 2001; sets technical-reliability criteria for equivalence with handwritten signatures and substantive-equivalence recognition of foreign certificates/signatures.
443,United Nations Convention on the Use of Electronic Communications in International Contracts,ECC (e-Contracting Convention),United Nations / UNCITRAL,United Nations / UNCITRAL,public,2005,2005,,in force,global-multilateral,treaty-instrument,mandatory,mandate-driven,mandating-regulation,mutual-recognition,System interoperability,Interoperability & fragmentation failure,high,"Legal, notarial & e-commerce",high,Legal / international commerce,Cross-sector Horizontal,"authenticity-anti-counterfeit, identity",legal uncertainty of cross-border electronic contracting and e-authentication,mandate-owner to recognize,UNCITRAL Model Law on Electronic Commerce (1996); MLES (2001),"21 states parties (ratified/acceded) as of the most recent ratification (Iran, deposited 08/10/2025, entry into force 01/05/2026); 8 further states have signed but not ratified (per UNCITRAL official status table). [https://uncitral.un.org/en/texts/ecommerce/conventions/electronic_communications/status]",1,No published outcome/impact study with a reduced-harm/mixed/limited/counterproductive/inconclusive verdict was found from an authoritative primary source this session. [https://uncitral.un.org/en/texts/ecommerce/conventions/electronic_communications/status],0,No published compliance-cost figure identified,0,https://uncitral.un.org/en/texts/ecommerce/conventions/electronic_communications,"WebFetched UNCITRAL: adopted 23 Nov 2005, entered into force 1 March 2013; functional equivalence of e-communications and e-signatures (Arts 8-9); non-discrimination, technological neutrality."
444,Revised Uniform Law on Notarial Acts,RULONA,Uniform Law Commission (NCCUSL/ULC),Uniform Law Commission,hybrid,2010,2010,,in force,national,govt-referenced-standard,voluntary,hybrid,mandating-regulation,mutual-recognition,Identity and personal security,"Fraud, forgery & impersonation",high,"Legal, notarial & e-commerce",high,Legal / notarial,Adjacent: Legal & Notarial,"authenticity-anti-counterfeit, identity",notarial fraud; identity fraud in document execution; non-uniform RON rules,adjacent context,Uniform Law on Notarial Acts (1982); Model Notary Act,"Enacted in at least 7 U.S. jurisdictions verified this session: Colorado (effective July 1, 2018), Iowa, Montana, Nevada, North Dakota, Pennsylvania (effective Oct. 26, 2017) and West Virginia (per National Notary Association 2017 guide and Colorado Secretary of State). Note: this is a floor, not a confirmed current national total. [https://legislature.maine.gov/doc/5147]",1,No published outcome/impact verdict found from an authoritative primary source this session. [https://legislature.maine.gov/doc/5147],0,No published compliance-cost figure identified,0,https://www.uniformlaws.org/committees/community-home?CommunityKey=e5350d2e-df77-4dfd-8cf0-eecf41cc09f1,"WebFetched ULC community page: RULONA promulgated 2010, revised 2016/2018/2021 (2021 revision adds notarial acts for remotely located individuals / remote online notarization)."
445,Model Notary Act,MNA,National Notary Association (NNA),National Notary Association,NGO-multistakeholder,2010,2010,,in force,national,NGO-multistakeholder-scheme,voluntary,market-driven,mandating-regulation,mutual-recognition,Identity and personal security,"Fraud, forgery & impersonation",high,"Legal, notarial & e-commerce",high,Legal / notarial,Adjacent: Legal & Notarial,"authenticity-anti-counterfeit, identity",notarial misconduct; document and identity fraud,adjacent context,prior Model Notary Act editions (2002),No published figure identified (checked),0,No published evaluation identified (checked),0,No published compliance-cost figure identified,0,https://www.nationalnotary.org/file%20library/nna/reference-library/2010_model_notary_act.pdf,WebSearch surfaced official NNA-hosted 2010 Model Notary Act PDF (and 2002 edition); published by National Notary Association as model notarial standards for state adoption.
446,Securing and Enabling Commerce Using Remote and Electronic Notarization Act (SECURE Notarization Act),SECURE Notarization Act,U.S. Congress (Reps. Dean & Armstrong; Sens. Warner & Cramer),U.S. Congress,public,2023,2023,,proposed,national,binding-regulation,mandatory,mandate-driven,mandating-regulation,mutual-recognition,Identity and personal security,"Fraud, forgery & impersonation",high,"Legal, notarial & e-commerce",high,Legal / notarial,Adjacent: Legal & Notarial,"authenticity-anti-counterfeit, identity",barriers to interstate recognition of remote notarizations; notarial/identity fraud,adjacent context,UETA; E-SIGN Act; NASS/state RON standards,"Not enacted. Repeatedly introduced in Congress without passage: S.1625/H.R. (117th Cong., 2021), H.R.3962 (117th, 2022), H.R.1059 (118th, 2023), and S.1561/H.R.1777 (119th Congress, 2025) — the last still pending as of this session (per Congress.gov official bill tracking). [https://www.congress.gov/bill/119th-congress/senate-bill/1561/all-info]",0,"Not applicable — the bill has never been enacted into law, so no outcome data exists. [https://www.congress.gov/bill/119th-congress/senate-bill/1561/all-info]",0,No published compliance-cost figure identified,0,https://www.congress.gov/bill/118th-congress/house-bill/1059,"congress.gov H.R.1059 surfaced via WebSearch (robots-blocked to fetch); WebFetched SoftPro report confirmed House passage (336-90, 2022) and reintroduction; sets federal RON minimum standards + interstate recognition; not yet enacted."
447,Uniform Electronic Transactions Act,UETA,Uniform Law Commission (NCCUSL),Uniform Law Commission,hybrid,1999,1999,,in force,national,govt-referenced-standard,voluntary,hybrid,mandating-regulation,mutual-recognition,Identity and personal security,"Fraud, forgery & impersonation",high,"Legal, notarial & e-commerce",high,Legal / e-commerce,Adjacent: Legal & Notarial,"authenticity-anti-counterfeit, identity",legal invalidity/uncertainty of electronic records and signatures,adjacent context,UNCITRAL Model Law on Electronic Commerce (1996),"Enacted in 49 states plus the District of Columbia (all U.S. states except New York, which has its own equivalent statute); Illinois was the last to adopt, on June 25, 2021 (Gov. Pritzker signed SB2176). [https://www.troutman.com/insights/e-sign-works-how-the-legal-system-got-electronic-contracting-laws-right]",1,"Reduced-harm: a 2020s legal-industry retrospective found that in over 20 years of use, the authors were 'not aware of any signatures, records, or contracts being denied legal effect by courts solely because they are in electronic form' — describing a '100% success rate' in courts upholding UETA/E-SIGN-compliant electronic contracts, while noting residual friction in signature-attribution disputes. [https://www.troutman.com/insights/e-sign-works-how-the-legal-system-got-electronic-contracting-laws-right]",1,No published compliance-cost figure identified,0,https://www.uaipit.com/uploads/legislacion/files/0000004550_UNIFORM%20ELECTRONIC%20TRANSACTIONS%20ACT.pdf,WebFetched full UETA text: drafted 1999 by NCCUSL; Section 7 - a record or signature may not be denied legal effect solely because it is in electronic form.
448,Electronic Signatures in Global and National Commerce Act,E-SIGN Act,U.S. Congress,U.S. Congress,public,2000,2000,,in force,national,binding-regulation,mandatory,mandate-driven,mandating-regulation,mutual-recognition,Product integrity,Counterfeiting & falsification,high,"Legal, notarial & e-commerce",high,Legal / e-commerce,Adjacent: Legal & Notarial,"authenticity-anti-counterfeit, identity",legal invalidity of e-signatures/records in interstate and foreign commerce,adjacent context,complements UETA (1999),"Federal law effective October 1, 2000 (Pub. L. 106-229), applying nationwide as the baseline federal rule for electronic signature/record validity, including in states that have not adopted UETA (e.g., New York) (per govinfo.gov statute text). [https://www.govinfo.gov/content/pkg/PLAW-106publ229/html/PLAW-106publ229.htm]",1,"Reduced-harm: same 20+-year track record cited for UETA — no reported denial of legal effect to an electronic signature/contract solely for being electronic, per legal-industry retrospective analysis. [https://www.govinfo.gov/content/pkg/PLAW-106publ229/html/PLAW-106publ229.htm]",1,No published compliance-cost figure identified,0,https://www.govinfo.gov/content/pkg/PLAW-106publ229/pdf/PLAW-106publ229.pdf,"WebSearch surfaced official GovInfo PLAW-106publ229: Public Law 106-229, enacted 30 June 2000 (15 U.S.C. ch. 96); gives legal effect to e-signatures/records in interstate & foreign commerce."
449,Regulation (EU) 2016/1191 on simplifying requirements for presenting certain public documents (Public Documents Regulation),Public Documents Regulation,European Parliament and Council of the European Union,European Union,public,2016,2016,,in force,regional,binding-regulation,mandatory,mandate-driven,governance-mutual-recognition,mutual-recognition,Product integrity,Counterfeiting & falsification,high,"Legal, notarial & e-commerce",high,Legal / public administration,Cross-sector Horizontal,"authenticity-anti-counterfeit, compliance-conformity",burden and fraud risk in cross-border acceptance of public documents within the EU,mandate-owner to recognize,Apostille Convention 1961 (abolishes apostille/legalisation between EU states),"Applies automatically across all EU member states (plus listed outermost territories) since its application date of 16 February 2019, per the European Commission's e-Justice Portal. [https://e-justice.europa.eu/topics/your-rights/public-documents_en]",1,No published Commission evaluation/outcome report with a clear verdict was located from an authoritative primary source this session. [https://e-justice.europa.eu/topics/your-rights/public-documents_en],0,No published compliance-cost figure identified,0,https://eur-lex.europa.eu/legal-content/EN/TXT/?uri=CELEX%3A32016R1191,WebSearch surfaced official EUR-Lex CELEX 32016R1191: Regulation of 6 July 2016 abolishing legalisation/apostille and providing multilingual standard forms for certain public documents within the EU.
450,Commission Implementing Decision (EU) 2015/1505 - Trusted Lists of qualified trust service providers,EU Trusted Lists,European Commission,European Union,public,2015,2015,,in force,regional,binding-regulation,mandatory,mandate-driven,accreditation,mutual-recognition,Digital systems and data,"Data, research & assurance integrity failure",high,Digital identity & civil registration,high,Legal / trust services / digital,Adjacent: Legal & Notarial,"compliance-conformity, authenticity-anti-counterfeit, identity",inability to verify which trust service providers hold supervised qualified status,adjacent context,eIDAS Regulation (EU) 910/2014 Art. 22; ETSI TS 119 612,"All EU/EEA member states are required to and do publish national Trusted Lists forming the 'EU Trust Backbone' (EU List of Trusted Lists plus each member state's list), per the European Commission's own eSignature legislation page. [https://ec.europa.eu/digital-building-blocks/sites/spaces/DIGITAL/pages/467109076/What+is+the+legislation+-+eSignature]",1,No published outcome/impact verdict located from an authoritative primary source this session. [https://ec.europa.eu/digital-building-blocks/sites/spaces/DIGITAL/pages/467109076/What+is+the+legislation+-+eSignature],0,No published compliance-cost figure identified,0,https://eur-lex.europa.eu/legal-content/EN/TXT/?uri=CELEX%3A32015D1505,WebFetched EUR-Lex: CID (EU) 2015/1505 of 8 Sept 2015 lays down technical specifications/formats for trusted lists per Art. 22(5) eIDAS; trusted lists publish qualified status of QTSPs.
451,ETSI EN 319 401 - General Policy Requirements for Trust Service Providers,EN 319 401,European Telecommunications Standards Institute (ETSI),European Telecommunications Standards Institute,hybrid,2013,2013,,in force,regional,voluntary-consensus-standard,de-facto-required-for-market-access,hybrid,conformity-assessment-certification,mutual-recognition,Digital systems and data,Cybersecurity compromise & data interception,high,"Legal, notarial & e-commerce",high,Trust services,Adjacent: Legal & Notarial,"compliance-conformity, authenticity-anti-counterfeit",inconsistent baseline security/governance across trust service providers,adjacent context,eIDAS Reg. (EU) 910/2014,No published figure identified (checked),0,No published evaluation identified (checked),0,No published compliance-cost figure identified,0,https://www.etsi.org/deliver/etsi_en/319400_319499/319401/02.03.01_60/en_319401v020301p.pdf,"WebSearch surfaced official ETSI deliver PDF EN 319 401 V2.3.1 (2021-05): baseline policy/security requirements applicable to all TSPs, foundation audited against for eIDAS qualified status."
452,Cloud Signature Consortium Standard - Architectures and Protocols for Remote Signature Applications (CSC API),CSC API,Cloud Signature Consortium (CSC),Cloud Signature Consortium,private,2019,2019,,in force,global-multilateral,private-industry-scheme,voluntary,market-driven,traceability-exchange-protocol,mutual-recognition,System interoperability,Interoperability & fragmentation failure,high,"Legal, notarial & e-commerce",high,Trust services / e-signature,Adjacent: Legal & Notarial,"authenticity-anti-counterfeit, identity",vendor lock-in and non-interoperable remote/cloud signing services,adjacent context,eIDAS; ETSI signature standards; OAuth 2.0,No published figure identified (checked),0,No published evaluation identified (checked),0,No published compliance-cost figure identified,0,https://cloudsignatureconsortium.org/wp-content/uploads/2023/04/csc-api-v2.0.0.2.pdf,"WebSearch surfaced official CSC spec PDFs (v1 2019, v2.0 2023, v2.2 2025): open API standard for remote/cloud electronic signatures, supports eIDAS remote qualified signatures."
453,Adobe Approved Trust List,AATL,Adobe Inc.,Adobe Inc,private,2017,2017,,in force,global-multilateral,private-industry-scheme,de-facto-required-for-market-access,market-driven,accreditation,mutual-recognition,Product integrity,Counterfeiting & falsification,high,"Legal, notarial & e-commerce",high,E-signature / document security,Adjacent: Legal & Notarial,"authenticity-anti-counterfeit, compliance-conformity, identity",unverifiable or forged PDF signatures; broken chain of trust in documents,adjacent context,PAdES/PDF signature standards; CA audits (WebTrust/ETSI),No published figure identified (checked),0,No published evaluation identified (checked),0,No published compliance-cost figure identified,0,https://helpx.adobe.com/acrobat/kb/approved-trust-list2.html,"WebFetched Adobe helpx: AATL is an Adobe-run trust list; signatures chaining to listed high-assurance CAs auto-trusted in Acrobat/Reader; CAs must meet AATL Technical Requirements (v2.0, June 2017) and pass Adobe verification."
454,NASS National Electronic Notarization Standards and Remote Online Notarization Standards,NASS eNotarization/RON Standards,National Association of Secretaries of State (NASS),National Association of Secretaries of State,hybrid,2006,2006,,in force,national,govt-referenced-standard,voluntary,hybrid,conformity-assessment-certification,mutual-recognition,Identity and personal security,"Fraud, forgery & impersonation",high,"Legal, notarial & e-commerce",high,Legal / notarial,Adjacent: Legal & Notarial,"authenticity-anti-counterfeit, identity, chain-of-custody",inconsistent or weak RON identity proofing; notarial fraud,adjacent context,RULONA; Model Notary Act,"NASS (National Association of Secretaries of State) states on its own current initiative page that '47 states and the District of Columbia' currently have a law allowing remote e-notarization; Virginia was the first state to authorize it (2011), followed by Montana (2015), then Nevada and Texas (2017). NASS first endorsed e-notarization standards in 2006 and adopted revised RON-specific standards in 2018. [https://www.nass.org/initiatives/remote-electronic-notarization]",1,No published outcome/impact verdict located from an authoritative primary source this session (NASS explicitly states it takes no position endorsing e-notarization/RON — it only sets voluntary technical standards). [https://www.nass.org/initiatives/remote-electronic-notarization],0,No published compliance-cost figure identified,0,https://www.nass.org/initiatives/remote-electronic-notarization,"WebFetched NASS: National Electronic Notarization Standards endorsed 2006 (independently verifiable e-signature/seal), revised 2018 to add RON Standards (audio-video appearance, KBA, credential analysis)."
455,MISMO Remote Online Notarization (RON) Standards,MISMO RON Standards,Mortgage Industry Standards Maintenance Organization (MISMO),Mortgage Industry Standards Maintenance Organization,private,2019,2019,,in force,sectoral,private-industry-scheme,de-facto-required-for-market-access,market-driven,conformity-assessment-certification,mutual-recognition,Identity and personal security,"Fraud, forgery & impersonation",high,"Legal, notarial & e-commerce",high,Mortgage / real estate / notarial,Adjacent: Legal & Notarial,"authenticity-anti-counterfeit, identity, chain-of-custody",fraud and defects in remote-notarized mortgage closings; deed fraud,adjacent context,NASS RON Standards; RULONA; state RON laws,"MISMO launched RON certification in 2020; by November 2020 the number of MISMO-certified RON providers had doubled to 8 in three months (per HousingWire), and by April 2021 ALTA reported 10 companies MISMO RON-certified. Certification activity has continued (e.g., Snapdocs became the first MISMO-certified eVault provider in Feb. 2025), per MISMO/vendor press releases. [https://www.alta.org/news-and-publications/news/20210420-10-Companies-Now-MISMO-RON-Certified]",1,No published outcome/impact verdict located from an authoritative primary source this session. [https://www.alta.org/news-and-publications/news/20210420-10-Companies-Now-MISMO-RON-Certified],0,No published compliance-cost figure identified,0,https://www.mismo.org/standards-and-resources/emortgage-specifications/remote-online-notarization-standards,"WebFetched MISMO: RON Standards V1 (2019) with vendor certification program; V2 out for public comment (comment period closed Aug 2024, re-release anticipated 2026); covers identity verification, AV recording, audit trails."
456,Federal Act on Certification Services in the Domain of Electronic Signatures and Other Applications of Digital Certificates (ZertES),ZertES,Swiss Confederation (Federal Assembly),Swiss Confederation,public,2016,2016,,in force,national,binding-regulation,mandatory,mandate-driven,mandating-regulation,mutual-recognition,Product integrity,Counterfeiting & falsification,medium,"Legal, notarial & e-commerce",high,Legal / trust services,Adjacent: Legal & Notarial,"authenticity-anti-counterfeit, identity, compliance-conformity",legal uncertainty of e-signatures; unregulated certification service providers,adjacent context,EU eIDAS alignment (recognised-provider regime),"The Swiss Federal Chancellery's official register currently lists 11-12 recognized commercial certification/ESigA-compliant service providers (including Swisscom, SwissSign, QuoVadis Trustlink Schweiz, Certifaction, Skribble, DeepSign, among others), per bit.admin.ch. [https://www.bit.admin.ch/en/commercial-certification-service-providers]",1,No published outcome/impact verdict located from an authoritative primary source this session. [https://www.bit.admin.ch/en/commercial-certification-service-providers],0,No published compliance-cost figure identified,0,https://www.fedlex.admin.ch/eli/cc/2016/752/de,WebSearch surfaced official Fedlex (SR 943.03 / AS 2016 4651) and WIPO Lex: Swiss Federal Act of 18 March 2016 regulating recognised/qualified certification service providers for electronic signatures.
474,ISO/IEC 30107-3:2023 — Biometric presentation attack detection — Part 3: Testing and reporting,PAD 30107-3,ISO/IEC JTC 1/SC 37 (Biometrics),ISO / IEC,hybrid,2023,2023,,in force,global-multilateral,voluntary-consensus-standard,voluntary,hybrid,conformity-assessment-certification,mutual-recognition,Identity and personal security,"Fraud, forgery & impersonation",high,Digital identity & civil registration,high,biometrics / identity,Adjacent: Identity & PKI,"authenticity-anti-counterfeit, identity",biometric spoofing / presentation-attack identity fraud,adjacent context,ISO/IEC 30107-1 (PAD framework),"2nd edition published Jan 2023 (ISO/IEC JTC 1/SC 37). It is the testing methodology used by FIDO's Biometric Component Certification (first products certified March 2019) and by iBeta's PAD conformance program, which had tested 160+ vendor products (incl. Microsoft, Amazon, Tencent) as of 2026. [https://www.iso.org/standard/79520.html]",1,"Not itself an outcome study, but downstream evaluations using its attack-classification framework (NIST FATE PAD, NISTIR 8491, Sept 2023, 82 algorithms) found the best PAD software 'sufficient to give businesses...confidence they are catching most spoof attempts' — reduced-harm. [https://www.iso.org/standard/79520.html]",0,No published compliance-cost figure identified,0,https://www.iso.org/standard/79520.html,"Fetched ISO catalogue page: 2nd edition, published 2023-01-10, owned by ISO/IEC JTC 1/SC 37; APCER/BPCER/APMR metrics corroborated via NIST SC37 briefing PDF."
475,ISO/IEC 30107-1 — Biometric presentation attack detection — Part 1: Framework,PAD 30107-1,ISO/IEC JTC 1/SC 37 (Biometrics),ISO / IEC,hybrid,2016,,https://www.iso.org/standard/53227.html,in force,global-multilateral,voluntary-consensus-standard,voluntary,hybrid,conformity-assessment-certification,mutual-recognition,Digital systems and data,Cybersecurity compromise & data interception,high,Digital identity & civil registration,high,biometrics / identity,Adjacent: Identity & PKI,"authenticity-anti-counterfeit, identity",undefined PAD terminology undermining spoof-resistance claims,adjacent context,Builds on ISO/IEC 2382-37 (Information technology — Vocabulary — Part 37: Biometrics).,"2nd edition published 2023. Cited as a normative reference in FIDO's Biometrics Requirements v4.0 (2024), underpinning both the Biometric Component Certification and Face Verification (IdV-Face) programs. [https://www.iso.org/standard/83828.html]",1,Terminology/framework document; no independent outcome data published. [https://www.iso.org/standard/83828.html],1,No published compliance-cost figure identified,0,https://www.nist.gov/system/files/documents/2020/09/15/12_buschthieme-ibpc-pad-160504.pdf,"NIST/SC37 rapporteur briefing confirms Part 1 defines the PAD framework/terminology under ISO/IEC JTC 1/SC 37; exact edition year not independently confirmed this session (left blank). [Batch year-fill: 2016 (first published/adopted as ISO/IEC 30107-1:2016), high confidence. https://www.iso.org/standard/53227.html]"
476,ISO/IEC 19795-1:2021 — Biometric performance testing and reporting — Part 1: Principles and framework,19795-1,ISO/IEC JTC 1/SC 37 (Biometrics),ISO / IEC,hybrid,2021,2021,,in force,global-multilateral,voluntary-consensus-standard,voluntary,hybrid,conformity-assessment-certification,mutual-recognition,Digital systems and data,"Data, research & assurance integrity failure",high,Digital identity & civil registration,high,biometrics / identity,Adjacent: Identity & PKI,"compliance-conformity, identity",unreliable biometric matching (false-accept/false-reject) from untested performance,adjacent context,"Foundational biometric-testing standard; downstream parts (19795-9 mobile testing, 19795-10 demographic-variation testing) and 30107-3 (PAD testing) build on it.","Published 2021; one of three ISO/IEC standards (with 30107-1/-3) that FIDO's Biometric Component Certification has relied on since its first certified products (smartphones) in March 2019, and that FIDO's Biometrics Requirements v4.0 (2024) cites for IdV-Face FAR/FRR test metrics. [https://www.iso.org/standard/73515.html]",1,No independent published outcome/verdict data found this session. [https://www.iso.org/standard/73515.html],0,No published compliance-cost figure identified,0,https://www.iso.org/standard/73515.html,"ISO catalogue entry (surfaced via WebSearch) confirms title, 2021 edition, and SC 37 ownership; establishes FAR/FRR/DET performance-testing principles."
477,ISO/IEC 24745:2022 — Biometric information protection,24745,"ISO/IEC JTC 1/SC 27 (Information security, cybersecurity and privacy protection)",ISO / IEC,hybrid,2022,2022,,in force,global-multilateral,voluntary-consensus-standard,voluntary,hybrid,data-credential-model,mutual-recognition,Digital systems and data,Cybersecurity compromise & data interception,high,Digital identity & civil registration,high,biometrics / identity / privacy,Adjacent: Identity & PKI,"identity, compliance-conformity",biometric template compromise / irreversible identity data breach,adjacent context,ISO/IEC 27000 family,"Published 2022. Used as a vendor certification benchmark, e.g., Private Identity announced ISO/IEC 24745:2022 certification of its Ultrapass biometric authentication product. [https://www.iso.org/standard/75302.html]",1,No published quantitative outcome data found this session. [https://www.iso.org/standard/75302.html],0,No published compliance-cost figure identified,0,https://www.iso.org/standard/75302.html,"ISO catalogue entry (surfaced via WebSearch) confirms 2022 edition and SC 27 ownership; covers template protection requirements (irreversibility, unlinkability, renewability)."
478,ISO/IEC 39794-4:2019 — Extensible biometric data interchange formats — Part 4: Finger image data,39794-4,ISO/IEC JTC 1/SC 37 (Biometrics),ISO / IEC,hybrid,2019,2019,,phased-in,global-multilateral,voluntary-consensus-standard,voluntary,hybrid,data-credential-model,mutual-recognition,System interoperability,Interoperability & fragmentation failure,high,Digital identity & civil registration,high,biometrics / identity,Adjacent: Payments,"identity, compliance-conformity",non-interoperable fingerprint image exchange across systems/borders,adjacent context,ISO/IEC 19794-4 (predecessor); ANSI/NIST-ITL interoperability (Amd 1:2023),"Published 2019 as part of ISO's first wave of the extensible 39794 series (framework, finger image, face image), explicitly intended to 'replace previously released...ISO/IEC 19794 series' formats; Amendment 1 (2023) added interoperability with ANSI/NIST-ITL. [https://www.iso.org/standard/72155.html]",1,No independent outcome/accuracy data published for the format itself this session. [https://www.iso.org/standard/72155.html],0,No published compliance-cost figure identified,0,https://cdn.standards.iteh.ai/samples/72155/d45e56619913421dbcaf83259315c7be/ISO-IEC-39794-4-2019.pdf,"Fetched official ISO published-sample PDF: 1st edition 2019-12, ISO/IEC JTC 1/SC 37; ASN.1 tagged-binary + XML finger image interchange format with conformance testing."
479,ISO/IEC 19794 — Biometric data interchange formats (legacy series),19794,ISO/IEC JTC 1/SC 37 (Biometrics),ISO / IEC,hybrid,2005,,https://www.iso.org/standard/38749.html,retired,global-multilateral,voluntary-consensus-standard,voluntary,hybrid,data-credential-model,mutual-recognition,System interoperability,Interoperability & fragmentation failure,high,Digital identity & civil registration,high,biometrics / identity,Adjacent: Payments,identity,legacy fixed-format biometric records lacking extensibility,adjacent context,superseded by ISO/IEC 39794 series,"Long-standing series (originally 2005-era); its minutiae format (ISO/IEC 19794-2) underlies INCITS 378, the template format the U.S. Government's PIV program has tracked via NIST's Ongoing MINEX/MINEX III program since 2004-2006. ISO is actively transitioning the series to ISO/IEC 39794 (first replacement parts published 2019-2020). [https://www.nist.gov/itl/iad/btg/minutiae-interoperability-exchange-minex-iii-results]",1,Interoperability of the 19794-2-derived INCITS 378 template was found strong: NIST's MINEX III results show the best template matcher (Neurotechnology) achieving FNMR of 0.000007 at FMR≤10⁻² — reduced-harm/high-accuracy for cross-vendor fingerprint interoperability. [https://www.nist.gov/itl/iad/btg/minutiae-interoperability-exchange-minex-iii-results],1,No published compliance-cost figure identified,0,https://www.icao.int/sites/default/files/TRIP/Publications/ICAO-TR-39794-5-eMRTD-Application-Profile.pdf,"ICAO TR confirms ISO/IEC 19794 is the legacy SC 37 biometric data interchange series now being replaced by 39794; original per-part edition years (2005-2011) not verified this session (left blank). [Batch year-fill: 2005 (First published (initial parts of the ISO/IEC 19794 series, e.g. Parts 2, 3, 4, 5, 6, issued 2005-06 by ISO/IEC JTC 1/SC 37)), high confidence. https://www.iso.org/standard/38749.html]"
480,FIDO Biometric Component Certification Program (BCC),FIDO BCC,FIDO Alliance,FIDO Alliance,private,2018,,https://fidoalliance.org/fido-alliance-launches-biometrics-certification-program/,in force,global-multilateral,private-industry-scheme,voluntary,market-driven,conformity-assessment-certification,mutual-recognition,Digital systems and data,Cybersecurity compromise & data interception,high,Digital identity & civil registration,high,authentication / identity,Adjacent: Identity & PKI,"authenticity-anti-counterfeit, identity",biometric spoofing of authenticators; weak on-device biometrics,adjacent context,ISO/IEC 30107-3:2017 (PAD/IAPAR); FIDO Biometrics Requirements v4.0,First certified products (smartphones with in-display ultrasonic fingerprint sensors) announced March 2019; program has since certified numerous devices from major vendors. [https://committee.iso.org/sites/jtc1sc37/home/news/content-left-area/news-and-updates/first-smartphones-certified-by-f.html],1,"No independent published pass-rate/outcome study located this session (program provides pass/fail conformance, not a research finding). [https://committee.iso.org/sites/jtc1sc37/home/news/content-left-area/news-and-updates/first-smartphones-certified-by-f.html]",0,No published compliance-cost figure identified,0,https://fidoalliance.org/certification/biometric-certification-process-overview/,"Fetched FIDO program overview + Requirements v4.0: certifies biometric subsystems against FAR/FRR/IAPAR thresholds by BioLevel (1/1+/2/2+), PAD per ISO/IEC 30107-3:2017; run by FIDO Alliance via accredited biometric labs; mandatory for FIDO L3+ authenticators using biometrics. [Batch year-fill: 2018 (launched/announced (official FIDO Alliance press release dated September 6, 2018)), high confidence. https://fidoalliance.org/fido-alliance-launches-biometrics-certification-program/]"
481,FIDO Face Verification Certification for Remote Identity Verification (IdV-Face),FIDO IdV-Face,FIDO Alliance,FIDO Alliance,private,2024,2024,,in force,global-multilateral,private-industry-scheme,voluntary,market-driven,conformity-assessment-certification,mutual-recognition,Identity and personal security,"Fraud, forgery & impersonation",high,Digital identity & civil registration,high,remote identity verification / onboarding,Adjacent: Identity & PKI,"identity, authenticity-anti-counterfeit","identity fraud, deepfake/injection attacks in remote onboarding",adjacent context,FIDO Biometrics Requirements v4.0; ISO/IEC 30107-3,"Program launched May 2024; iProov became the first certified vendor on June 6, 2024 (Dynamic Liveness Solution, tested by accredited lab Ingenium Biometrics with a minimum 10,000 test verifications). [https://www.iproov.com/press/first-provider-fido-alliance-certification-face-biometric-identity-verification]",1,iProov's certified solution achieved 0% Imposter Attack Presentation Accept Rate (IAPAR — zero successful spoof/deepfake attacks) and 0.14% False Reject Rate — reduced-harm. [https://www.iproov.com/press/first-provider-fido-alliance-certification-face-biometric-identity-verification],1,No published compliance-cost figure identified,0,https://fidoalliance.org/specs/biometric/requirements/Biometrics-Requirements-v4.0-fd-20240522.html,"Fetched FIDO Biometrics Requirements v4.0 (Final Document, May 22, 2024): defines Face Verification for Remote IdV program with Level 1 (FAR<1:100) and Level 2 (FAR<1:3000, FRR<5:100) thresholds; launched May 2024."
482,NIST Face Recognition Technology Evaluation (FRTE),FRTE (formerly FRVT),NIST (Information Technology Laboratory),NIST,public,2000,,https://www.nist.gov/speech-testimony/facial-recognition-technology-frt-0,in force,national,govt-referenced-standard,de-facto-required-for-market-access,hybrid,conformity-assessment-certification,standalone-silo,Digital systems and data,AI safety & governance failure,high,Digital identity & civil registration,high,face recognition / identity,Adjacent: Identity & PKI,"identity, compliance-conformity",inaccurate or demographically biased face recognition,adjacent context,Own NIST-run empirical evaluation; its methodology and metrics align with ISO/IEC 19795 performance-testing principles.,"Feb 2018 report evaluated 127 algorithms from 39 developers, described by NIST as 'the bulk of the industry'; renamed from FRVT to FRTE on Aug 18, 2023 and remains an ongoing open evaluation with active 2025-2026 submissions. [https://www.nist.gov/news-events/news/2018/11/nist-evaluation-shows-advance-face-recognition-softwares-capabilities]",1,"NIST found 1:N search error rates dropped from 4% (2014) to 0.2% (2018) — a 20-fold improvement, described by NIST as a major 'advance in...capabilities' (reduced-harm); however the same 2018 report shows FNMR ranging from 0.005 to 0.913 across vendors at fixed FMR=0.0001, i.e. mixed results at the individual-algorithm level. [https://www.nist.gov/news-events/news/2018/11/nist-evaluation-shows-advance-face-recognition-softwares-capabilities]",1,No published compliance-cost figure identified,0,https://www.nist.gov/programs-projects/face-technology-evaluations-frtefate,"Fetched NIST FRTE/FATE page: FRTE runs ongoing 1:1 verification, 1:N identification, twins and FIVE tracks; administered by NIST ITL; split from the former FRVT alongside FATE (page updated Apr 2025). [Batch year-fill: 2000 (FRTE originated as the NIST Face Recognition Vendor Test (FRVT) program, first conducted in 2000; NIST officially states the program has run ""Since 2000."" FRVT was later renamed/evolved into FRTE (and FATE).), high confidence. https://www.nist.gov/speech-testimony/facial-recognition-technology-frt-0]"
483,NIST Face Analysis Technology Evaluation (FATE) — incl. PAD and MORPH tracks,FATE,NIST (Information Technology Laboratory),NIST,public,2023,,https://www.nist.gov/programs-projects/face-projects,in force,national,govt-referenced-standard,de-facto-required-for-market-access,hybrid,conformity-assessment-certification,standalone-silo,Digital systems and data,Cybersecurity compromise & data interception,medium,Digital identity & civil registration,high,face analysis / PAD / identity,Adjacent: Identity & PKI,"authenticity-anti-counterfeit, identity",face morphing and presentation attacks; poor sample quality,adjacent context,ISO/IEC 30107-3 (PAD metrics),"PAD track report (NISTIR 8491, Sept 20, 2023) evaluated 82 passive, software-based presentation-attack-detection algorithms; split out from FRVT into FRTE/FATE on Aug 18, 2023; MORPH track evaluation ongoing (NIST reported developers 'closing in on operational morph detection' as of May 2026). [https://www.biometricupdate.com/202310/biometric-presentation-attack-detection-shows-maturity-in-nist-evaluation]",1,"'The effectiveness of the best presentation attack detection (PAD) software for face biometrics is sufficient to give businesses that use it confidence they are catching most spoof attempts' — reduced-harm, per NIST's NISTIR 8491 findings. [https://www.biometricupdate.com/202310/biometric-presentation-attack-detection-shows-maturity-in-nist-evaluation]",1,No published compliance-cost figure identified,0,https://www.nist.gov/programs-projects/face-technology-evaluations-frtefate,"Fetched NIST FRTE/FATE page: FATE tracks include Presentation Attack Detection (PAD), Morphing Attack Detection (MORPH), image quality assessment and age estimation; ongoing, run by NIST ITL. [Batch year-fill: 2023 (NIST split/rebranded its long-running FRVT program into FRTE and FATE (Face Analysis Technology Evaluation) in August 2023, establishing FATE as a distinct named program covering PAD, MORPH, quality, and age-estimation tracks (though some individual tracks like MORPH originated earlier under the FRVT name).), high confidence. https://www.nist.gov/programs-projects/face-projects]"
484,NIST Iris Exchange — IREX 10 (ongoing iris recognition evaluation),IREX,"NIST (ITL, Biometrics Research Laboratory / Biometric Technologies Group)",NIST,public,2019,,https://nvlpubs.nist.gov/nistpubs/technicalnotes/nist.tn.2071.pdf,in force,national,govt-referenced-standard,de-facto-required-for-market-access,hybrid,conformity-assessment-certification,standalone-silo,Digital systems and data,"Data, research & assurance integrity failure",high,Digital identity & civil registration,high,iris recognition / identity,Adjacent: Identity & PKI,"identity, compliance-conformity",unreliable large-scale iris matching in border/civil-ID and duplicate detection,adjacent context,N/A — direct evaluation program rather than a standard built on a prior one.,"Ongoing evaluation established May 31, 2019 with open, continuous developer submission (Identification Track); results tested against an enrolled population of 500,000 in NIST's Operational Dataset (4th pull). [https://www.nist.gov/programs-projects/irex-10-identification-track]",1,Mixed: results show a persistent 'speed-accuracy trade-off' among matchers and strong quality-dependence — FNIR 'can be reduced by almost 20% by discarding just 1% of the poorest quality searches' — with no single best algorithm across all operating conditions. [https://www.nist.gov/programs-projects/irex-10-identification-track],1,No published compliance-cost figure identified,0,https://www.nist.gov/programs-projects/iris-exchange-irex-10-ongoing-evaluation-iris-recognition,"Fetched NIST IREX 10 page: ongoing open-submission evaluation of iris recognition algorithms (1:N Identification Track) against sequestered datasets; administered by NIST ITL BRL (project created 2019, active as of Mar 2025). [Batch year-fill: 2019 (launched/adopted (ongoing evaluation began October 2019; NIST TN 2071 concept/evaluation plan published October 2019)), high confidence. https://nvlpubs.nist.gov/nistpubs/technicalnotes/nist.tn.2071.pdf]"
485,NIST Minutiae Interoperability Exchange (Ongoing MINEX / MINEX III),MINEX,"NIST (ITL, Biometric Technologies Group)",NIST,public,2004,,https://www.nist.gov/document/minex04apipdf,in force,national,govt-referenced-standard,de-facto-required-for-market-access,mandate-driven,conformity-assessment-certification,mutual-recognition,System interoperability,Interoperability & fragmentation failure,high,Digital identity & civil registration,high,fingerprint / federal identity (US PIV),Adjacent: Identity & PKI,"identity, compliance-conformity",non-interoperable fingerprint templates in federal ID credentials,adjacent context,INCITS 378 (finger minutiae template); NIST SP 800-76 (PIV biometric spec),"Ongoing since MINEX04 (2004-2006) and 'Ongoing MINEX' (2006-2015); current MINEX III phase has multiple active participants (Innovatrics, Neurotechnology, IDEMIA, id3 Technologies, imagiD, others), with results updated as recently as May 2026. [https://www.nist.gov/itl/iad/btg/minutiae-interoperability-exchange-minex-iii-results]",1,Reduced-harm/high-accuracy: best template generator achieved pooled 2-finger FNMR of 0.00020 at FMR≤10⁻²; best template matcher (Neurotechnology) achieved 0.000007 at the same operating point. [https://www.nist.gov/itl/iad/btg/minutiae-interoperability-exchange-minex-iii-results],1,No published compliance-cost figure identified,0,https://www.nist.gov/itl/iad/btg/ongoing-minex,"Fetched NIST Ongoing MINEX page: evaluates INCITS 378 fingerprint template creation/matching interoperability via SDK submissions; establishes PIV compliance certification per NIST SP 800-76; run by NIST Biometric Technologies Group. [Batch year-fill: 2004 (first established/adopted as MINEX04, the initial test in the ongoing MINEX family; NIST's own MINEX III page confirms the family began with MINEX04 (2004-2006), and the original MINEX04 API Specification is dated 16 December 2004), high confidence. https://www.nist.gov/document/minex04apipdf]"
486,iBeta ISO/IEC 30107-3 Presentation Attack Detection Conformance Testing (Levels 1-3),iBeta PAD,iBeta Quality Assurance (LLC),iBeta Quality Assurance,private,2018,,https://www.ibeta.com/ibeta-quality-assurance-provides-new-service-for-companies-looking-to-purchase-biometric-technology/,in force,sectoral,private-industry-scheme,de-facto-required-for-market-access,market-driven,conformity-assessment-certification,mutual-recognition,Identity and personal security,"Fraud, forgery & impersonation",high,Digital identity & civil registration,high,liveness / anti-spoofing / identity verification,Adjacent: Identity & PKI,"authenticity-anti-counterfeit, identity",face/fingerprint spoofing and deepfake presentation attacks in onboarding,adjacent context,ISO/IEC 30107-3,"Program began 2019 (earliest confirmation letter dated July 24, 2019); as of 2026 iBeta's public confirmation-letter table lists 160+ tested vendor products, including Microsoft, Amazon, and Tencent. [https://www.ibeta.com/iso-30107-3-presentation-attack-detection-confirmation-letters/]",1,"Products must meet a maximum BPCER/FNMR of 15% (Levels 1-2) or 10% (Level 3) to pass; Yoti became the first vendor to pass the more rigorous Level 3 test (reported Jan 2026) — reduced-harm for passing products, though iBeta notes a passing result 'does not translate to a certification of the vendor product' overall. [https://www.ibeta.com/iso-30107-3-presentation-attack-detection-confirmation-letters/]",1,No published compliance-cost figure identified,0,https://www.ibeta.com/iso-30107-3-presentation-attack-detection-confirmation-letters/,"Fetched iBeta page: Level 1/2/3 PAD testing conforming to ISO/IEC 30107-3 with APCER/BPCER (subsystem) and IAPMR (full-system) reporting and confirmation letters; iBeta is NVLAP-accredited with ISO/IEC 30107-3 in scope. Corroborated by Innovatrics award page. [Batch year-fill: 2018 (iBeta began offering NIST/NVLAP-accredited ISO/IEC 30107-3 Presentation Attack Detection (PAD) conformance testing in 2018 (Levels 1-3 program later expanded, with Level 3 added in 2025); underlying ISO/IEC 30107-3 standard itself was first published in 2017), medium confidence. https://www.ibeta.com/ibeta-quality-assurance-provides-new-service-for-companies-looking-to-purchase-biometric-technology/]"
487,NIST NVLAP Biometrics Testing Laboratory Accreditation (ISO/IEC 30107-3 scope),NVLAP,NIST National Voluntary Laboratory Accreditation Program,NIST,public,2009,,https://www.nist.gov/document/lb432009-1pdf,in force,national,accreditation-or-mutual-recognition-arrangement,voluntary,hybrid,accreditation,mutual-recognition,Digital systems and data,Cybersecurity compromise & data interception,high,Digital identity & civil registration,high,biometric / PAD test laboratories,Adjacent: Identity & PKI,"authenticity-anti-counterfeit, compliance-conformity",unqualified PAD test labs issuing unreliable liveness certifications,adjacent context,ISO/IEC 17025; ISO/IEC 30107-3,"Operates under NIST Handbook 150 (general NVLAP requirements) and Handbook 150-25 (Biometrics Testing-specific checklist, 2009 ed.); known accredited biometrics labs include iBeta and BixeLab. No comprehensive published count of total accredited biometrics-testing labs was located this session. [https://www.nist.gov/publications/nist-handbook-150-25-2009-edition-national-voluntary-laboratory-accreditation-program]",1,"No published outcome/effectiveness data found this session (accreditation program, not a technology evaluation). [https://www.nist.gov/publications/nist-handbook-150-25-2009-edition-national-voluntary-laboratory-accreditation-program]",0,No published compliance-cost figure identified,0,https://www.ibeta.com/iso-30107-3-presentation-attack-detection-confirmation-letters/,"iBeta page confirms NVLAP accredits it as an Independent Test Lab with ISO/IEC 30107-3 in scope, with test procedures/report templates audited and approved by NIST NVLAP (ISO/IEC 17025 basis). [Batch year-fill: 2009 (NIST NVLAP first released NIST Handbook 150-25 establishing the Biometrics Testing Laboratory Accreditation Program (LAP) in 2009; ISO/IEC 30107-3 (published 2017) was later added as a scope under this same LAP.), medium confidence. https://www.nist.gov/document/lb432009-1pdf]"
488,European Code of Conduct for Research Integrity,ALLEA Code,ALLEA (All European Academies),ALLEA,NGO-multistakeholder,2023,2023,,in force,regional,govt-referenced-standard,de-facto-required-for-market-access,hybrid,governance-mutual-recognition,mutual-recognition,Digital systems and data,"Data, research & assurance integrity failure",high,Research & data integrity,high,research / academia,Adjacent: Research & Data,compliance-conformity,research misconduct and unreliable science,adjacent context,The 2017/2023 revisions are explicitly 'based on the 2011 version of the code written by the European Science Foundation and ALLEA.',"Revised 2017 edition published in 21 official languages; made a binding compliance reference under Horizon Europe via Article 19(2) of Regulation (EU) 2021/695 (in force 2021-2027), with the European Commission calling it 'the primary standard for upholding research integrity' in EU-funded research; a further revised edition followed in 2023. [https://www.scienceeurope.org/news/launch-of-the-revised-code-of-conduct-for-research-integrity/]",1,No published quantitative outcome/effectiveness finding was located this session — a 2022 European Parliament (EPRS) briefing explicitly notes no data links the Code to measured changes in research-misconduct rates. [https://www.scienceeurope.org/news/launch-of-the-revised-code-of-conduct-for-research-integrity/],0,No published compliance-cost figure identified,0,https://allea.org/code-of-conduct/,"allea.org confirmed title, ALLEA as publisher, 2023 Revised Edition (prior 2017), and European Commission recognition as the primary reference standard for EU-funded research."
489,Agreement on Reforming Research Assessment,CoARA,CoARA (Coalition for Advancing Research Assessment; secretariat hosted by European Science Foundation),CoARA,NGO-multistakeholder,2022,2022,,in force,global-multilateral,NGO-multistakeholder-scheme,voluntary,hybrid,governance-mutual-recognition,mutual-recognition,Digital systems and data,"Data, research & assurance integrity failure",high,Research & data integrity,high,research / academia,Adjacent: Research & Data,compliance-conformity,distorted research incentives from metric misuse,adjacent context,(no explicit dependency identified),"Over 800 signatory organisations as of 2026 (surpassed 500 by March 2023, three months after the Coalition's December 2022 founding). [https://www.coara.org/ ; https://www.coara.org/news/coara-surpasses-500-signatories/]",1,No published evaluation identified (checked),0,No published compliance-cost figure identified,0,https://www.coara.org/agreement/the-agreement-full-text,"coara.org confirmed full name, CoARA acronym, July 2022 publication, ESF coordination, and commitment to qualitative peer-review-centered assessment with responsible use of quantitative indicators."
490,San Francisco Declaration on Research Assessment,DORA,"DORA (managed by the American Society for Cell Biology, ASCB)",DORA,NGO-multistakeholder,2012,2012,,in force,global-multilateral,NGO-multistakeholder-scheme,voluntary,market-driven,governance-mutual-recognition,mutual-recognition,Digital systems and data,"Data, research & assurance integrity failure",high,Research & data integrity,high,research / scholarly publishing,Adjacent: Research & Data,compliance-conformity,"impact-factor misuse distorting hiring, funding and promotion",adjacent context,(no explicit dependency identified),"27,261 individual and organizational signers across 174 countries (current figure, sfdora.org signers database). [https://sfdora.org/signers/]",1,No published evaluation identified (checked),0,No published compliance-cost figure identified,0,https://sfdora.org/read/,"sfdora.org confirmed full name, 2012 origin at the ASCB Annual Meeting in San Francisco, ASCB management, and recommendation to eliminate Journal Impact Factors from research evaluation."
491,CARE Principles for Indigenous Data Governance,CARE,Global Indigenous Data Alliance (GIDA); RDA International Indigenous Data Sovereignty Interest Group,Global Indigenous Data Alliance ; RDA International Indigenous Data Sovereignty Interest Group,NGO-multistakeholder,2018,2018,,in force,global-multilateral,NGO-multistakeholder-scheme,voluntary,market-driven,governance-mutual-recognition,mutual-recognition,Digital systems and data,"Data, research & assurance integrity failure",high,Research & data integrity,high,research data / Indigenous data,Adjacent: Research & Data,"chain-of-custody, identity",exploitation and misuse of Indigenous data,adjacent context,FAIR Principles,No published figure identified (checked),0,No published evaluation identified (checked),0,No published compliance-cost figure identified,0,https://www.gida-global.org/care,"gida-global.org confirmed name, 2018 drafting at the Gaborone RDA plenary, co-leads (Carroll, Hudson), and that CARE complements the FAIR principles as people-and-purpose-oriented governance."
492,EQUATOR Network,EQUATOR,"EQUATOR Network (hosted by NDORMS, University of Oxford)",EQUATOR Network,NGO-multistakeholder,2008,2008,,in force,global-multilateral,NGO-multistakeholder-scheme,voluntary,hybrid,governance-mutual-recognition,mutual-recognition,Digital systems and data,"Data, research & assurance integrity failure",high,Research & data integrity,high,health research / scholarly publishing,Adjacent: Research & Data,compliance-conformity,inadequate and opaque research reporting causing research waste,adjacent context,(no explicit dependency identified),"Library holds more than 400 reporting guidelines and extensions (hosted by University of Oxford); endorsed by the Council of Science Editors, the Committee on Publication Ethics (COPE), and 23 publishers. [https://pmc.ncbi.nlm.nih.gov/articles/PMC9391902 (Braz J Anesthesiol, citing equator-network.org)]",1,No published evaluation identified (checked),0,No published compliance-cost figure identified,0,https://www.equator-network.org/about-us/history/,"equator-network.org confirmed EQUATOR as an international initiative promoting transparent health-research reporting guidelines, officially launched at its inaugural London meeting in June 2008 (project from 2006), hosted at NDORMS."
493,Consolidated Standards of Reporting Trials,CONSORT,CONSORT Group,CONSORT Group,NGO-multistakeholder,2010,2010,,in force,global-multilateral,voluntary-consensus-standard,de-facto-required-for-market-access,market-driven,data-credential-model,mutual-recognition,Digital systems and data,"Data, research & assurance integrity failure",high,Research & data integrity,high,clinical trials / health research,Adjacent: Research & Data,compliance-conformity,incomplete or biased trial reporting yielding unreliable evidence,adjacent context,(no explicit dependency identified),Endorsement by high-impact-factor medical journals' Instructions to Authors rose from 22% (2003) to 38% (2007) to 63% (2014) — a 186% relative increase since 2003. [https://link.springer.com/article/10.1186/s13063-016-1408-z ; https://www.cochrane.org/MR000030/METHOD_consolidated-standards-of-reporting-trials-consort-and-the-completeness-of-reporting-of-randomised-controlled-trials-published-in-medical-journals],1,"mixed — Cochrane review (Turner et al.) found CONSORT-endorsing journals favored on 25 of 27 reporting outcomes but only 5 reached statistical significance (e.g., allocation-concealment reporting 81% more likely); authors concluded endorsement 'may beneficially influence' completeness of reporting, but most RCTs remained incompletely reported even under CONSORT. [https://link.springer.com/article/10.1186/s13063-016-1408-z ; https://www.cochrane.org/MR000030/METHOD_consolidated-standards-of-reporting-trials-consort-and-the-completeness-of-reporting-of-randomised-controlled-trials-published-in-medical-journals]",1,No published compliance-cost figure identified,0,https://www.equator-network.org/reporting-guidelines/consort/,"EQUATOR page confirmed CONSORT = Consolidated Standards of Reporting Trials, maintained by the CONSORT Group, with CONSORT 2010 and the updated CONSORT 2025 statement for reporting randomised trials."
494,Preferred Reporting Items for Systematic reviews and Meta-Analyses,PRISMA,PRISMA (PRISMA Executive),PRISMA,NGO-multistakeholder,2020,2020,,in force,global-multilateral,voluntary-consensus-standard,de-facto-required-for-market-access,market-driven,data-credential-model,mutual-recognition,Digital systems and data,"Data, research & assurance integrity failure",high,Research & data integrity,high,evidence synthesis / health research,Adjacent: Research & Data,compliance-conformity,opaque and irreproducible systematic reviews,adjacent context,"PRISMA (2009, updated 2020) replaced the 1999 QUOROM Statement (QUality Of Reporting Of Meta-analyses), extending it beyond meta-analyses of RCTs to systematic reviews generally.",No published figure identified (checked),0,"reduced-harm — PLOS ONE evaluation found PRISMA-endorsing journals had significantly higher PRISMA-checklist adherence (90.1% vs 83.1% pre-endorsement, p=0.003) and AMSTAR methodological quality (85.0% vs 74.6%, p=0.002); gains were tied to journal-level endorsement, not just author mention of PRISMA. [https://journals.plos.org/plosone/article?id=10.1371%2Fjournal.pone.0083138 ; https://www.prisma-statement.org/history-and-development]",1,No published compliance-cost figure identified,0,https://www.prisma-statement.org/,"prisma-statement.org confirmed PRISMA full name, PRISMA 2020 as the latest version, and ownership by the PRISMA Executive; standardizes reporting of systematic reviews and meta-analyses."
495,Animal Research: Reporting of In Vivo Experiments,ARRIVE,"NC3Rs (National Centre for the Replacement, Refinement & Reduction of Animals in Research)",NC3Rs,hybrid,2020,2020,,in force,global-multilateral,voluntary-consensus-standard,de-facto-required-for-market-access,market-driven,data-credential-model,mutual-recognition,Digital systems and data,"Data, research & assurance integrity failure",high,Research & data integrity,high,animal / biomedical research,Adjacent: Research & Data,compliance-conformity,unreliable and unreproducible animal studies causing research waste,adjacent context,(no explicit dependency identified),No published figure identified (checked),0,limited — PLOS ONE study ('ARRIVE has not ARRIVEd') comparing journals before/after ARRIVE 1.0 adoption (2009 vs 2015) found no significant difference in reporting quality between ARRIVE-supporting and non-supporting journals; no paper achieved full adherence to the 20-item checklist; authors concluded mere endorsement without enforcement is insufficient to change reporting behavior. [https://journals.plos.org/plosone/article?id=10.1371%2Fjournal.pone.0197882],1,No published compliance-cost figure identified,0,https://nc3rs.org.uk/arrive-guidelines,"nc3rs.org.uk confirmed ARRIVE = Animal Research: Reporting of In Vivo Experiments, developed by NC3Rs; arriveguidelines.org confirmed the ARRIVE 2.0 version and cited the PLOS Biology publication (original ARRIVE 2010 confirmed on the ARRIVE checklist page; 2.0 year 2020 inferred from the referenced PLOS Biology update, not explicitly restated)."
496,IEEE CertifAIEd,CertifAIEd,IEEE Standards Association (IEEE SA),IEEE Standards Association,private,2022,,https://engagestandards.ieee.org/IEEE-CertifAIEd-Webinar-111622-Reg.html,in force,global-multilateral,private-industry-scheme,voluntary,market-driven,conformity-assessment-certification,mutual-recognition,Digital systems and data,AI safety & governance failure,high,AI trust & safety,high,AI / autonomous intelligent systems,Adjacent: AI Trust,"compliance-conformity, safety",unethical or opaque AI harms including bias and privacy violations,adjacent context,"Built on the IEEE 7000 series of standards (e.g., IEEE 7000-2021, Model Process for Addressing Ethical Concerns during System Design) and IEEE's Ethically Aligned Design work, organized around four pillars: transparency, accountability, algorithmic bias, and privacy.",No published figure identified (checked),0,No published evaluation identified (checked),0,No published compliance-cost figure identified,0,https://standards.ieee.org/products-programs/icap/ieee-certifaied/,"standards.ieee.org confirmed IEEE CertifAIEd as an IEEE SA AI-ethics certification program for Autonomous and Intelligent Systems, assessing transparency, accountability, algorithmic bias and privacy; launch year not stated on the accessed page. [Batch year-fill: 2022 (IEEE SA publicly launched/promoted the IEEE CertifAIEd program (webinar 'The Mark of AI Ethics', Nov 16, 2022; page copyrighted 2022)), medium confidence. https://engagestandards.ieee.org/IEEE-CertifAIEd-Webinar-111622-Reg.html]"
497,AILuminate,AILuminate,"MLCommons (MLCommons Association, AI Risk & Reliability working group)",MLCommons,private,2024,,https://mlcommons.org/2024/12/mlcommons-ailuminate-v1-0-release/,in force,global-multilateral,private-industry-scheme,voluntary,market-driven,conformity-assessment-certification,mutual-recognition,Digital systems and data,AI safety & governance failure,high,AI trust & safety,high,AI / generative AI / LLMs,Adjacent: AI Trust,safety,"unsafe generative-AI outputs across physical, non-physical and contextual hazards",adjacent context,(no explicit dependency identified),"v1.0 launched December 2024 by MLCommons; evaluated a dozen-plus widely used LLMs against 24,000 test prompts across 12 hazard categories; developed with Google, Meta, Microsoft, NVIDIA, Intel, Qualcomm, Stanford, Columbia, TU Eindhoven, and the AI Verify Foundation. [https://www.businesswire.com/news/home/20241204285618/en/MLCommons-Launches-AILuminate-First-of-Its-Kind-Benchmark-to-Measure-the-Safety-of-Large-Language-Models ; https://siliconangle.com/2024/12/04/mlcommons-releases-new-ailuminate-benchmark-measuring-llm-safety/]",1,"mixed — initial grading showed Anthropic's Claude 3.5 Haiku/Sonnet, Google's Gemma 2 9B, and Microsoft's Phi-3.5-MoE rated 'Very Good' while OpenAI's GPT-4o rated only 'Good'; the top 'Excellent' tier (requiring ≥99.9% safe-response rate) was not achieved by evaluated models, indicating uneven safety performance across leading LLMs. [https://www.businesswire.com/news/home/20241204285618/en/MLCommons-Launches-AILuminate-First-of-Its-Kind-Benchmark-to-Measure-the-Safety-of-Large-Language-Models ; https://siliconangle.com/2024/12/04/mlcommons-releases-new-ailuminate-benchmark-measuring-llm-safety/]",1,No published compliance-cost figure identified,0,https://mlcommons.org/benchmarks/ailuminate/,"mlcommons.org confirmed AILuminate as an MLCommons AI Risk & Reliability safety and jailbreak benchmark across 12 hazard categories using 24,000+ prompts per language with graded (Poor-Excellent) outputs; Safety v1.0 shown as current/'Official', specific launch date not stated on accessed pages. [Batch year-fill: 2024 (MLCommons officially released/launched the AILuminate v1.0 benchmark on December 4, 2024), high confidence. https://mlcommons.org/2024/12/mlcommons-ailuminate-v1-0-release/]"
498,ISO/IEC TR 24027:2021 Bias in AI systems and AI aided decision making,ISO/IEC TR 24027,ISO/IEC JTC 1/SC 42,ISO / IEC,hybrid,2021,2021,,in force,global-multilateral,voluntary-consensus-standard,voluntary,market-driven,conformity-assessment-certification,mutual-recognition,Digital systems and data,AI safety & governance failure,high,AI trust & safety,high,AI,Adjacent: AI Trust,compliance-conformity,algorithmic bias and discriminatory AI decisions,adjacent context,Normatively references ISO/IEC 22989 (AI concepts and terminology) and ISO/IEC 23053 (Framework for AI systems using machine learning); part of the ISO/IEC JTC 1/SC 42 AI standards family alongside ISO/IEC 42001.,No published figure identified (checked),0,No published evaluation identified (checked),0,No published compliance-cost figure identified,0,https://www.iso.org/standard/77607.html,"iso.org confirmed ISO/IEC TR 24027:2021 title, Technical Report status, November 2021 publication; covers techniques for measuring and assessing bias across the AI lifecycle."
499,ISO/IEC TR 24029-1:2021 Assessment of the robustness of neural networks - Part 1: Overview,ISO/IEC TR 24029-1,ISO/IEC JTC 1/SC 42,ISO / IEC,hybrid,2021,2021,,in force,global-multilateral,voluntary-consensus-standard,voluntary,market-driven,conformity-assessment-certification,mutual-recognition,Digital systems and data,AI safety & governance failure,high,AI trust & safety,high,AI / neural networks,Adjacent: AI Trust,safety,brittle or unreliable AI models,adjacent context,"Contains no formal normative references (per its own text) but informatively cites ISO/IEC 2382:2015, ISO/IEC/IEEE 15288:2015, and ISO/IEC 25000:2014; part of the ISO/IEC JTC 1/SC 42 AI standards family and precursor to the methodology standard ISO/IEC TR 24029-2:2023.",No published figure identified (checked),0,No published evaluation identified (checked),0,No published compliance-cost figure identified,0,https://www.iso.org/standard/77609.html,"iso.org confirmed ISO/IEC TR 24029-1:2021 title, Technical Report status, March 2021 publication; provides an overview of methodologies for assessing neural-network robustness."
500,ISO/IEC 38507:2022 Governance implications of the use of AI by organizations,ISO/IEC 38507,ISO/IEC JTC 1,ISO / IEC,hybrid,2022,2022,,in force,global-multilateral,voluntary-consensus-standard,voluntary,market-driven,governance-mutual-recognition,mutual-recognition,Digital systems and data,AI safety & governance failure,high,AI trust & safety,high,AI governance / corporate governance,Adjacent: AI Trust,compliance-conformity,inadequate governing-body oversight of organizational AI use,adjacent context,ISO/IEC 38500 (Governance of IT),No published figure identified (checked),0,No published evaluation identified (checked),0,No published compliance-cost figure identified,0,https://www.iso.org/standard/56641.html,"iso.org confirmed ISO/IEC 38507:2022 title within the Governance of IT family, first edition April 2022; guidance for governing bodies on responsible organizational AI use."
503,MarinTrust Standard (Factory Standard & Chain of Custody),MarinTrust (formerly IFFO RS),"MarinTrust (established by IFFO - The Marine Ingredients Organisation), London, UK",MarinTrust,private,2009,,https://www.marin-trust.com/marintrust-factory-standard/version-2,in force,global-multilateral,private-industry-scheme,voluntary,market-driven,conformity-assessment-certification,standalone-silo,Product integrity,Illegal or misrepresented origin & sourcing,high,Seafood & fisheries,high,"Marine ingredients (fishmeal/fish oil), aquaculture feed","Food, Agriculture & Seafood","origin-provenance, sustainability-carbon, chain-of-custody, compliance-conformity",overfishing and unsustainable feed sourcing,sectoral scheme/standard,(no explicit dependency identified),"Certified production covers 43% of global fishmeal/fish oil production (~3 of ~7 million metric tonnes), up from under 20% at program inception; 195 facilities in 37 countries certified under the Factory Standard and 141 facilities in 26 countries under Chain of Custody (2025/2026 figures); reaches ~50% of global supply including the Improver Programme. [https://www.marin-trust.com/impacts/global-impact ; https://isealalliance.org/innovations-fund/explore-projects/evaluating-environmental-impacts-marin-trust-activities]",1,"mixed — ISEAL Alliance-funded evaluation found MarinTrust activities most consistently drive improvements in responsible sourcing, traceability, and manufacturing practices, but impacts vary by region, and secondary effects (participant stewardship, price effects) are not yet well understood ('more work is needed to interpret these findings'). [https://www.marin-trust.com/impacts/global-impact ; https://isealalliance.org/innovations-fund/explore-projects/evaluating-environmental-impacts-marin-trust-activities]",1,No published compliance-cost figure identified,0,https://www.marin-trust.com/about,"Confirmed via marin-trust.com/about: programme for marine-ingredient production factories, offers Factory Standard (v2/v3), Chain of Custody Standard (v2/2.1) and Improver Programme; footer references legacy IFFO RS; 2025 annual report cited. Founding year not stated on page. [Batch year-fill: 2009 (first published/launched - the original IFFO RS Standard (now MarinTrust Standard) was launched in September 2009, with the first certificate awarded in February 2010), high confidence. https://www.marin-trust.com/marintrust-factory-standard/version-2]"
504,RSB Global Sustainability Standard (Principles & Criteria),RSB,Roundtable on Sustainable Biomaterials (RSB),Roundtable on Sustainable Biomaterials,NGO-multistakeholder,2007,2007,,in force,global-multilateral,NGO-multistakeholder-scheme,voluntary,hybrid,conformity-assessment-certification,mutual-recognition,Product integrity,Illegal or misrepresented origin & sourcing,high,"Food, agriculture & beverages",high,"Low-carbon fuels, biomaterials, SAF, bio-based/circular products","Food, Agriculture & Seafood","sustainability-carbon, origin-provenance, chain-of-custody",biofuel-driven deforestation and land-use harm,sectoral scheme/standard,ISEAL Codes of Good Practice,"As of Dec 31, 2024: 72 active RSB certificates covering 1,112 sites in 29 countries and 24,944 hectares of certified cultivated area; 384,127 MT of RSB Global + RSB EU RED certified products issued in 2024, via two accredited certification bodies (SCS Global Services, SGS Tecnos). [https://rsb.org/wp-content/uploads/2025/05/report-rsb-eu-red_2025.pdf]",1,No published evaluation identified (checked),0,No published compliance-cost figure identified,0,https://rsb.org/about/who-we-are/,"Confirmed via rsb.org: established 2007 as academic initiative, formally registered as not-for-profit association 2013; ISEAL Code Compliant Member; third-party audits by accredited CBs; covers fuels, biomaterials, SAF, PtX, chemicals."
505,Regenerative Organic Certified,ROC,"Regenerative Organic Alliance (ROA), 501(c)(3), Sacramento, CA",Regenerative Organic Alliance,NGO-multistakeholder,2017,2017,,in force,global-multilateral,NGO-multistakeholder-scheme,voluntary,market-driven,conformity-assessment-certification,standalone-silo,Product integrity,Greenwashing & ESG/climate misrepresentation,high,"Food, agriculture & beverages",high,"Agriculture, food, textiles, personal-care ingredients","Food, Agriculture & Seafood","sustainability-carbon, origin-provenance, compliance-conformity",soil degradation and greenwashing of 'regenerative' claims,sectoral scheme/standard,(no explicit dependency identified),"As of Sept 2025: 320+ participating brands, 67,000+ smallholder farms across 46 countries, and nearly 20 million acres under Regenerative Organic Certified management; retail sales of ROC products up 24% ($20M) in the current year with 45% growth in ROC product listings. [https://regenorganic.org/wp-content/uploads/2025/09/ROA-Growth-press-release-Sept-2025.pdf]",1,"mixed: Difference-in-differences analysis (ACLED and UCDP/PRIO data, 1997-2013, alluvial/secondary-diamond-suitable vs. unsuitable grid cells) finds the KP's 2002 introduction cut armed-conflict incidence in diamond-suitable areas by roughly half, with no evidence of violence being displaced elsewhere - strong causal evidence it reduced rebel-financed diamond conflict. However, the scheme's narrow 'conflict diamond' definition covers only rebel-group financing, not state-perpetrated violence (e.g. Zimbabwe's Marange fields), and it does not address smuggling or labor/human-rights abuses, so its overall performance is judged only partial (IPI 20-year review).",1,No published compliance-cost figure identified,0,https://regenorganic.org/our-story/,"Confirmed via regenorganic.org: established 2017 by the Regenerative Organic Alliance, pilot 2019, framework revised June 2020; three pillars (soil health, animal welfare, farmworker fairness); 540 certified farms, 374 licensed brands as of 2026."
506,Certified Humane (Humane Farm Animal Care standards),Certified Humane,"Humane Farm Animal Care (HFAC), non-profit",Humane Farm Animal Care,NGO-multistakeholder,2003,,https://certifiedhumane.org/hfac-celebrates-ten-years-as-leading-farm-animal-welfare-organization/,in force,regional,NGO-multistakeholder-scheme,voluntary,market-driven,conformity-assessment-certification,standalone-silo,Product integrity,Other / social & labor harm,high,"Food, agriculture & beverages",high,"Animal agriculture / food (meat, poultry, eggs, dairy)","Food, Agriculture & Seafood","compliance-conformity, safety",farm animal cruelty and misleading welfare claims,sectoral scheme/standard,(no explicit dependency identified),"377,112,543 animals certified across 25 countries in 2022 (Humane Farm Animal Care Annual Report 2022). [https://certifiedhumane.org/wp-content/uploads/AnnualReport_2022.pdf]",1,"mixed - A peer-reviewed comparison of 12 animal-welfare labelling schemes in the pig sector (Animals, MDPI, 2021, 'Comparison of 12 Different Animal Welfare Labelling Schemes in the Pig Sector') placed Certified Humane as a single-tier, mid-stringency scheme: it bans traditional narrow farrowing crates and mandates bedding/enrichment, but still permits routine mutilations (tail docking, teeth clipping) and does not require outdoor access, offering, in the authors' words, more modest/incremental welfare gains than more demanding multi-tier schemes. [https://certifiedhumane.org/wp-content/uploads/AnnualReport_2022.pdf]",1,No published compliance-cost figure identified,0,https://certifiedhumane.org/how-we-work/,"Confirmed via certifiedhumane.org: operated by non-profit Humane Farm Animal Care; standards set by 40-member Scientific Committee; annual independent inspections birth-to-slaughter; products sold in US, Canada, Brazil, Peru, Chile. Founding year not stated on page. [Batch year-fill: 2003 (HFAC incorporated / Certified Humane program founded (Feb 20, 2003; program launched May 2003)), high confidence. https://certifiedhumane.org/hfac-celebrates-ten-years-as-leading-farm-animal-welfare-organization/]"
507,G.A.P. Animal Welfare Certified (5-Step Rating),GAP,Global Animal Partnership (GAP),Global Animal Partnership,NGO-multistakeholder,2008,2008,,in force,regional,NGO-multistakeholder-scheme,voluntary,market-driven,conformity-assessment-certification,standalone-silo,Product integrity,Other / social & labor harm,high,"Food, agriculture & beverages",high,Animal agriculture / food (multiple species),Adjacent: Financial & Institutional,compliance-conformity,farm animal cruelty and welfare-washing,adjacent context,(no explicit dependency identified),"Over 1,740 third-party audited and certified farms/ranches, covering more than 140 million animals raised annually (figures as of Dec 1, 2011, published in the peer-reviewed journal Animal Welfare). [https://www.cambridge.org/core/journals/animal-welfare/article/abs/global-animal-partnerships-5step-animal-welfare-rating-standards-a-welfarelabelling-scheme-that-allows-for-continuous-improvement/1558BB736CF120F2D0F085A71BFB54B0]",1,"reduced-harm - The peer-reviewed study ('Global Animal Partnership's 5-Step Animal Welfare Rating Standards: a welfare-labelling scheme that allows for continuous improvement', Animal Welfare, Cambridge) concludes the tiered Step 1-5+ structure successfully drives continuous welfare improvement by letting producers of varying scale advance incrementally, benefiting animals, producers, retailers and consumers. [https://www.cambridge.org/core/journals/animal-welfare/article/abs/global-animal-partnerships-5step-animal-welfare-rating-standards-a-welfarelabelling-scheme-that-allows-for-continuous-improvement/1558BB736CF120F2D0F085A71BFB54B0]",1,No published compliance-cost figure identified,0,https://globalanimalpartnership.org/about/,Confirmed via globalanimalpartnership.org: independent farm-animal-welfare organisation founded late 2008 with Whole Foods Market support; operates tiered 5-Step Rating; independent audits every 15 months; no antibiotics/added hormones.
508,Fair for Life,FFL,Ecocert Group (Fair for Life standard),Ecocert Group,private,2006,,https://www.ecocert.com/en-US/expertise/fair-trade,in force,global-multilateral,private-industry-scheme,voluntary,market-driven,conformity-assessment-certification,standalone-silo,Product integrity,Other / social & labor harm,high,"Food, agriculture & beverages",high,"Agriculture, fishing, artisanal / fair trade","Food, Agriculture & Seafood","compliance-conformity, origin-provenance, chain-of-custody",worker exploitation and unfair trade terms,sectoral scheme/standard,(no explicit dependency identified),No published figure identified (checked),0,No published evaluation identified (checked),0,No published compliance-cost figure identified,0,https://www.fairforlife.org/,"Confirmed via fairforlife.org: 'standard for fairer, more people-centered trade in responsible and sustainable supply-chains' covering agricultural, fishing and artisanal sectors; standards under revision. Ownership by Ecocert per site operator (fairforlife.org is Ecocert-run); founding year not stated on page. [Batch year-fill: 2006 (created/established (standard first introduced)), high confidence. https://www.ecocert.com/en-US/expertise/fair-trade]"
509,Demeter Biodynamic (International Demeter Biodynamic Standard),Demeter,Biodynamic Federation - Demeter International,Biodynamic Federation - Demeter International,NGO-multistakeholder,1928,1928,,in force,global-multilateral,NGO-multistakeholder-scheme,voluntary,market-driven,conformity-assessment-certification,standalone-silo,Product integrity,Counterfeiting & falsification,high,"Food, agriculture & beverages",high,"Agriculture / food (wine, dairy, produce, meat, honey)","Food, Agriculture & Seafood","origin-provenance, sustainability-carbon, composition",organic/biodynamic mislabeling and fraud,sectoral scheme/standard,(no explicit dependency identified),"267,885 certified hectares on 7,081 certified farms plus 1,232 certified processors, spanning 63 countries (42 with formal Demeter member organizations), per Demeter International's own organisational figures (2021 data, +5%/+7% vs. 2020). [https://demeter.net/about/organisation/]",1,"mixed - A peer-reviewed review of comparative field studies (Reganold, 'Soil quality and profitability of biodynamic and conventional farming systems') found biodynamic (Demeter) farms consistently show better soil quality (organic matter, microbial activity, earthworm populations) than conventional farms, but 10-30% lower crop yields; profitability is roughly equal to or better than conventional only when biodynamic products earn 15-108% price premiums - without those premiums net returns run 0-20% lower. [https://demeter.net/about/organisation/]",1,No published compliance-cost figure identified,0,https://demeter.net/about/history/,Confirmed via demeter.net/about/history: Demeter trademark first registered 1928 with first quality standards; Demeter-International e.V. formed 1997 by 19 organisations; Biodynamic Federation - Demeter International formed Feb 2020 (merger with IBDA).
510,"Responsible Mica Initiative (Workplace & Due Diligence Standards, Mica CRAFT Code)",RMI,"Responsible Mica Initiative (multi-stakeholder coalition, 110+ members)",Responsible Mica Initiative,NGO-multistakeholder,2017,2017,,in force,global-multilateral,NGO-multistakeholder-scheme,voluntary,hybrid,conformity-assessment-certification,standalone-silo,Product integrity,Other / social & labor harm,high,"Minerals, metals & responsible sourcing",high,"Mining / minerals (mica, India & Madagascar)",Responsible Sourcing,"compliance-conformity, chain-of-custody, origin-provenance",child labour and unsafe conditions in mica mining,sectoral scheme/standard,(no explicit dependency identified),"Founded January 2017. In 2025, 84 member companies reported sales/purchase volumes on RMI's traceability platform, capturing mica transactions across 39 countries (59,000 tons of processor purchases; 43,000 tons of manufacturer purchases, mainly from India and Madagascar). [https://responsible-mica-initiative.com/our-impact/]",1,"reduced-harm - RMI's own impact data (Oct 2025) reports processor workplace-standard audit compliance in India rose from 64.5% to 86% following corrective action plans (47 audits, 2022-2025); since 2018, RMI-supported community programs in India have newly enrolled 2,719 children in school and treated 1,281 malnourished children, reaching 114,061 villagers (including 50,725 children) across 230 Indian villages and 5 Madagascar villages. [https://responsible-mica-initiative.com/our-impact/]",1,No published compliance-cost figure identified,0,https://responsible-mica-initiative.com/about-us,"Confirmed via responsible-mica-initiative.com: global coalition (110+ members), impact since 2017; three standards - Global Workplace & Due Diligence Standard for Processors, for Mines (semi-mechanized), and Mica CRAFT Code (artisanal); focus India and Madagascar."
511,WRAP Certification (12 Principles),WRAP,"Worldwide Responsible Accredited Production (WRAP), Arlington, VA",Worldwide Responsible Accredited Production,private,2000,2000,,in force,global-multilateral,private-industry-scheme,voluntary,market-driven,conformity-assessment-certification,standalone-silo,Product integrity,Other / social & labor harm,high,Consumer & manufactured products,high,"Apparel, footwear and sewn-products manufacturing",Manufactured & Consumer Products,"compliance-conformity, safety",sweatshop labour abuses and unlawful production,sectoral scheme/standard,(no explicit dependency identified),"WRAP states it has certified 'thousands of facilities' worldwide (wrapcompliance.org); no precise, dated global count is published on the primary source, so no verified adoption figure is reported here. [https://mhssn.igc.org/Terwindt-%20CSR%20-International%20Labour%20Review.pdf]",1,"counterproductive/limited - A peer-reviewed article in the International Labour Review (Terwindt, on oversight/accountability in the social-auditing industry, naming WRAP specifically) concludes social-compliance audits are not effective as a stand-alone measure for improving labor conditions; WRAP's own internal survey found many respondents distrusted the certification process, citing inconsistent audit results and facilities receiving certificates despite non-compliance, and the article notes WRAP-audited supply chains were still linked to major disasters (e.g., Ali Enterprises, Tazreen, Rana Plaza), with audits sometimes serving a 'sterilizing public relations function' that can mask problems and frustrate more fundamental fixes. [https://mhssn.igc.org/Terwindt-%20CSR%20-International%20Labour%20Review.pdf]",1,No published compliance-cost figure identified,0,https://www.wrapcompliance.org/,"Confirmed via wrapcompliance.org: social-compliance certification for sewn-products/related facilities based on 12 Principles (safe, lawful, humane, ethical); CEO Avedis Seferian; marking 25 years as of 2025 (established c.2000)."
512,Cradle to Cradle Certified Product Standard (v4.0),C2C Certified,Cradle to Cradle Products Innovation Institute (US 501(c)(3) & NL B.V.),Cradle to Cradle Products Innovation Institute & NL B.V.),NGO-multistakeholder,2021,,https://api.c2ccertified.org/assets/cradle-to-cradle-certified-product-standard-version-4.0---cradle-to-cradle-products-innovation-institute.pdf,in force,global-multilateral,NGO-multistakeholder-scheme,voluntary,market-driven,conformity-assessment-certification,standalone-silo,Product integrity,Greenwashing & ESG/climate misrepresentation,high,Consumer & manufactured products,high,Manufacturing / consumer products (multi-industry),Adjacent: Identity & PKI,"composition, sustainability-carbon, safety",toxic materials and non-circular product waste,adjacent context,ISO 14024 (Type I environmental label),No published figure identified (checked),0,No published evaluation identified (checked),0,No published compliance-cost figure identified,0,https://c2ccertified.org/the-standard,"Confirmed via c2ccertified.org: current Product Standard Version 4.0; five categories (Material Health, Product Circularity, Clean Air & Climate, Water & Soil, Social Fairness); voluntary third-party, aligns with ISO 14024 Type I; 'more than a decade' operating. Exact launch year not stated on page. [Batch year-fill: 2021 (Version 4.0 of the standard was released/published by the Cradle to Cradle Products Innovation Institute on 16 March 2021 (effective 1 July 2021)), high confidence. https://api.c2ccertified.org/assets/cradle-to-cradle-certified-product-standard-version-4.0---cradle-to-cradle-products-innovation-institute.pdf]"
513,TCO Certified,TCO Certified,TCO Development,TCO Development,private,1992,,https://tcocertified.com/faq-items/when-was-tco-certified-created/,in force,global-multilateral,private-industry-scheme,voluntary,market-driven,conformity-assessment-certification,standalone-silo,Product integrity,Unsafe or non-compliant products,high,Consumer & manufactured products,high,"Electronics / IT products (computers, displays, mobile)",Manufactured & Consumer Products,"sustainability-carbon, composition, compliance-conformity","e-waste, hazardous substances and IT supply-chain abuses",sectoral scheme/standard,ISO 14024,"Established 1992 (first global IT product sustainability certification). As of March 2023, roughly 4,000 products held active TCO Certified certification; that month set an all-time high of 122 newly certified product models from 10 brand owners in a single month. [https://tcocertified.com/pressrelease/continued-strong-growth-for-more-sustainable-it-products/]",1,No published evaluation identified (checked),0,No published compliance-cost figure identified,0,https://tcocertified.com/tco-certified/,"Confirmed via tcocertified.com: sustainability certification for IT products/supply chains operated by TCO Development; four areas (climate, substances, circularity, supply chain); independent verification via product testing and factory audits; ISO 14024 compliant. Founding year/generation not stated on page. [Batch year-fill: 1992 (established/first published (TCO'92, the first generation of the certification)), high confidence. https://tcocertified.com/faq-items/when-was-tco-certified-created/]"
514,CanopyStyle (Hot Button Report / CanopyStyle audit),CanopyStyle,Canopy (environmental NGO),Canopy,NGO-multistakeholder,2013,,https://canopyplanet.org/news/from-zero-to-100-for-forests-a-canopystyle-timeline,in force,global-multilateral,NGO-multistakeholder-scheme,voluntary,market-driven,traceability-exchange-protocol,standalone-silo,Product integrity,Illegal or misrepresented origin & sourcing,high,Forestry & timber,high,"Textiles / man-made cellulosic fibres (viscose, rayon, modal, lyocell)","Food, Agriculture & Seafood","origin-provenance, sustainability-carbon, chain-of-custody",destruction of ancient and endangered forests for viscose,sectoral scheme/standard,(no explicit dependency identified),The 2025 Hot Button Report (10th edition) assessed producers covering 98% of global man-made cellulosic fibre (MMCF/viscose-rayon) production capacity. [https://canopyplanet.org/tools-and-resources/hot-button-report],1,"reduced-harm - Canopy's own primary-source report data show the number of 'Green Shirt' (low deforestation-risk) rated MMCF producers rose from 0 in 2016 to 21 in 2025, and producers offering 'Next Gen' (alternative-fibre) product lines rose from 0 to 16 over the same period; as of 2025, 70% of all evaluated producers earned Green, Partial Dark Green, or Dark Green shirt ratings, indicating measurable movement toward deforestation-free viscose sourcing after a decade of CanopyStyle engagement. [https://canopyplanet.org/tools-and-resources/hot-button-report]",1,No published compliance-cost figure identified,0,https://canopyplanet.org/campaigns/canopystyle/,"Confirmed via canopyplanet.org: Canopy-run initiative with 500+ fashion partners to eliminate Ancient & Endangered Forests from MMCF (viscose/rayon/modal/lyocell/acetate); Hot Button Report is the primary fibre-sourcing assessment tool. Launch year not stated on page. [Batch year-fill: 2013 (launched/adopted (initiative publicly launched)), high confidence. https://canopyplanet.org/news/from-zero-to-100-for-forests-a-canopystyle-timeline]"
515,Responsible Care,Responsible Care,International Council of Chemical Associations (ICCA) - national associations implement,International Council of Chemical Associations - national associations implement,private,1985,1985,,in force,global-multilateral,private-industry-scheme,voluntary,hybrid,conformity-assessment-certification,standalone-silo,Product integrity,Unsafe or non-compliant products,high,"Minerals, metals & responsible sourcing",medium,Chemicals industry,Responsible Sourcing,"safety, compliance-conformity","chemical accidents, pollution and unsafe chemicals management",sectoral scheme/standard,(no explicit dependency identified),Launched in Canada in 1984; the International Council of Chemical Associations (ICCA) reports Responsible Care has since grown to be implemented across nearly 70 economies (countries/regions) worldwide via national chemical industry associations. [https://www.americanchemistry.com/chemistry-in-america/news-trends/press-release/2025/responsible-care-R-companies-achieve-trifecta-of-record-safety-performance],1,"reduced-harm - American Chemistry Council (the U.S. Responsible Care body) reports member companies achieved, relative to a 2017 baseline: a >24% reduction in total recordable injury/illness incidence rate (TRIR, record low for the 2nd consecutive year), a 22% reduction in Tier 1 process safety events, and a 35% reduction in distribution incidents (2025 data); Responsible Care companies have sustained under 1 recordable injury per 100 employees annually for over a decade, outperforming several other major U.S. industry sectors. [https://www.americanchemistry.com/chemistry-in-america/news-trends/press-release/2025/responsible-care-R-companies-achieve-trifecta-of-record-safety-performance]",1,No published compliance-cost figure identified,0,https://icca-chem.org/focus/responsible-care/,Confirmed via icca-chem.org: chemical industry's voluntary EHS-and-security initiative launched 1985 in Canada (began 1984); coordinated globally by ICCA; 60+ associations across 70+ economies; 90+ of top-100 chemical firms signed the Responsible Care Global Charter.
516,REDcert (REDcert-EU and REDcert2),REDcert,"REDcert GmbH (Gesellschaft zur Zertifizierung nachhaltig erzeugter Biomasse mbH), Germany",REDcert GmbH,private,2010,2010,,in force,regional,govt-referenced-standard,de-facto-required-for-market-access,mandate-driven,conformity-assessment-certification,mutual-recognition,Product integrity,Greenwashing & ESG/climate misrepresentation,high,"Energy, carbon & environmental claims",high,"Bioenergy / biofuels, and bio-based chemicals & food/feed",Responsible Sourcing,"sustainability-carbon, origin-provenance, chain-of-custody",unsustainable biomass and fraudulent GHG-saving claims,sectoral scheme/standard,EU Renewable Energy Directive (RED),"REDcert-DE established 2010, as a voluntary industry-driven scheme created before mandatory EU certification requirements existed; no verified current certificate/company count was found on the primary source this session. [https://www.redcert.org/en/about-us/principles.html]",1,No published evaluation identified (checked),0,No published compliance-cost figure identified,0,https://www.redcert.org/en/,"Confirmed via redcert.org: founded 2010, multi-stakeholder (value-chain shareholders); REDcert-EU certifies sustainable biomass/renewable fuels/RCF under EU RED; REDcert2 Food/Feed since 2015 and REDcert2 Chemie since 2018."
517,BES 6001 Framework Standard for Responsible Sourcing of Construction Products,BES 6001,BRE Global,BRE Global,private,2008,,https://www.greenbooklive.com/filelibrary/BES_6001_Issue_1_0_NEW_VERSION_09-10-2008.pdf,in force,national,private-industry-scheme,voluntary,hybrid,conformity-assessment-certification,standalone-silo,Product integrity,Illegal or misrepresented origin & sourcing,high,"Minerals, metals & responsible sourcing",high,Construction products / building materials,Manufactured & Consumer Products,"origin-provenance, sustainability-carbon, chain-of-custody",irresponsible sourcing of construction materials,sectoral scheme/standard,"BES 6001 requires certified organisations to hold and maintain documented management systems meeting ISO 9001 (quality management), ISO 14001 (environmental management), and ISO 45001 (occupational health & safety), on top of BES 6001's own responsible-sourcing criteria (BRE Global Scheme Document SD186).",No published figure identified (checked),0,No published evaluation identified (checked),0,No published compliance-cost figure identified,0,https://www.greenbooklive.com/search/scheme.jsp?id=260,"Confirmed via BRE's GreenBookLive certificate database: BRE Global operates the 'Responsible Sourcing BES 6001' scheme for construction products. Publication year/current issue not stated on the accessed page (commonly first published 2008). [Batch year-fill: 2008 (first published (Issue 1.0)), high confidence. https://www.greenbooklive.com/filelibrary/BES_6001_Issue_1_0_NEW_VERSION_09-10-2008.pdf]"
518,Concrete Sustainability Council Certification,CSC,"Concrete Sustainability Council (CSC), Geneva, Switzerland",Concrete Sustainability Council,NGO-multistakeholder,2016,2016,,in force,global-multilateral,NGO-multistakeholder-scheme,voluntary,hybrid,conformity-assessment-certification,standalone-silo,Product integrity,Greenwashing & ESG/climate misrepresentation,high,Consumer & manufactured products,high,"Construction / concrete, cement, aggregates",Manufactured & Consumer Products,"origin-provenance, sustainability-carbon, chain-of-custody",irresponsible and high-carbon concrete/cement sourcing,sectoral scheme/standard,UN Sustainable Development Goals,"1,658 certified projects across 27 countries, per CSC's own site (as of 2026, coinciding with CSC's 10th anniversary of operation, i.e. founded c. 2016). [https://csc.eco/]",1,No published evaluation identified (checked),0,No published compliance-cost figure identified,0,https://csc.eco/,"Confirmed via csc.eco: global certification system for responsibly-sourced ready-mixed and precast concrete (cement, aggregates, concrete supply chain); launched ~2016 (10-year logo dated 2026); Version 3.0, CO2 Module and R-Module; 1,658 certified projects in 27 countries; aligns with UN SDGs."
524,MSCI ESG Ratings,,MSCI Inc.,MSCI Inc,private,1999,1999,,in force,global-multilateral,private-industry-scheme,voluntary,market-driven,conformity-assessment-certification,standalone-silo,Product integrity,Greenwashing & ESG/climate misrepresentation,high,Financial services & AML,high,ESG / finance,Adjacent: Financial & Institutional,"sustainability-carbon, compliance-conformity",greenwashing / mispriced ESG risk,adjacent context,"Ratings are structured around the Global Industry Classification Standard (GICS), jointly developed by MSCI and S&P Global Market Intelligence.","Covers more than 17,000 issuers and 999,000 securities worldwide (as of June 30, 2024); MSCI's ESG ratings program was established in 1999, with a continuous time series since 2007. [https://www.msci.com/data-and-analytics/sustainability-solutions/esg-ratings]",1,"Mixed: the peer-reviewed ""Aggregate Confusion"" study (Berg, Kölbel & Rigobon, Review of Finance, 2022) compared MSCI against five other major ESG raters and found only a 0.61 average pairwise correlation among them (vs. 0.92 for credit ratings from Moody's/S&P), attributing the divergence to differences in measurement (56%), scope (38%) and weighting (6%). [https://www.msci.com/data-and-analytics/sustainability-solutions/esg-ratings]",1,No published compliance-cost figure identified,0,https://www.msci.com/our-solutions/esg-investing/esg-ratings,"Page confirmed MSCI Inc. provides AAA-CCC industry-relative ESG ratings, 17,000+ issuers, origins 1999 via legacy firms (KLD, Innovest, IRRC, GMI), time series from 2007."
525,Morningstar Sustainalytics ESG Risk Ratings,,Morningstar Sustainalytics,Morningstar Sustainalytics,private,2018,,https://www.sustainalytics.com/esg-news/news-details/2018/09/11/sustainalytics-launches-its-esg-risk-ratings,in force,global-multilateral,private-industry-scheme,voluntary,market-driven,conformity-assessment-certification,standalone-silo,Product integrity,Greenwashing & ESG/climate misrepresentation,high,Financial services & AML,high,ESG / finance,Adjacent: Financial & Institutional,"sustainability-carbon, compliance-conformity",greenwashing / mispriced ESG risk,adjacent context,(no explicit dependency identified),"More than 16,300 analyst-based ESG Risk Ratings, spanning public equity, fixed-income and privately held companies (per Sustainalytics' own 2022 coverage-expansion disclosure). [https://academic.oup.com/rof/article/26/6/1315/6590670]",1,"Mixed: Sustainalytics is one of the six major ESG rating agencies analyzed in the peer-reviewed ""Aggregate Confusion"" study (Berg, Kölbel & Rigobon, Review of Finance, 2022), which found only 0.61 average pairwise correlation across raters versus 0.92 for credit ratings, characterizing ESG ratings overall as comparatively noisy/unreliable. [https://academic.oup.com/rof/article/26/6/1315/6590670]",1,No published compliance-cost figure identified,0,https://www.sustainalytics.com/esg-ratings,"Page confirmed Morningstar Sustainalytics provides ESG Risk Ratings (negligible-to-severe categories measuring unmanaged material ESG risk) covering 16,000+ companies; ESG Risk Ratings product launch year (2018/19) not shown on page. [Batch year-fill: 2018 (launched/introduced (official press release by Sustainalytics, September 12, 2018)), high confidence. https://www.sustainalytics.com/esg-news/news-details/2018/09/11/sustainalytics-launches-its-esg-risk-ratings]"
526,S&P Global Corporate Sustainability Assessment,CSA,S&P Global (Sustainable1),S&P Global,private,1999,1999,,in force,global-multilateral,private-industry-scheme,voluntary,market-driven,conformity-assessment-certification,standalone-silo,Product integrity,Greenwashing & ESG/climate misrepresentation,high,Financial services & AML,high,ESG / finance,Adjacent: Financial & Institutional,"sustainability-carbon, compliance-conformity",greenwashing / mispriced ESG risk,adjacent context,Dow Jones Sustainability Indices,"More than 3,500 companies actively participate in the CSA annually, out of a broader universe of 13,000+ listed companies S&P Global covers; the questionnaire methodology draws on 25+ years of investment expertise inherited from the RobecoSAM assessment underlying the Dow Jones Sustainability Indices. [https://www.spglobal.com/_assets/factsheet/csa-as-a-service-for-investors.pdf]",1,"Mixed: S&P Global (via its RobecoSAM-derived CSA) is one of the six raters in the peer-reviewed ""Aggregate Confusion"" study (Berg, Kölbel & Rigobon, Review of Finance, 2022), which found only 0.61 average pairwise correlation among major ESG raters versus 0.92 for credit ratings. [https://www.spglobal.com/_assets/factsheet/csa-as-a-service-for-investors.pdf]",1,No published compliance-cost figure identified,0,https://www.spglobal.com/esg/csa/,"Page confirmed S&P Global Sustainable1 runs the CSA, established 1999 (from SAM/DJSI), 3,600+ active participants plus ~9,000 assessed (~12,600 total), feeds ESG Scores and S&P DJI indices."
527,CDP environmental disclosure scores,CDP,CDP Worldwide,CDP Worldwide,NGO-multistakeholder,2000,2000,,in force,global-multilateral,NGO-multistakeholder-scheme,voluntary,market-driven,conformity-assessment-certification,standalone-silo,Product integrity,Greenwashing & ESG/climate misrepresentation,high,"Energy, carbon & environmental claims",high,ESG / finance,Adjacent: Financial & Institutional,sustainability-carbon,undisclosed environmental impact / greenwashing,adjacent context,TCFD recommendations,"Over 23,000 companies disclosed to CDP in 2023 (a record year, +24% vs. 2022 and +300% since the 2015 Paris Agreement), with combined market capitalization of US$67 trillion (66%+ of global market cap); CDP was founded in 2000. In the 2024 cycle, 973 cities and 92 states/regions also reported. [https://www.nature.com/articles/s41558-024-02236-3]",1,"Limited: a 2024 Nature Climate Change study (""Limited accountability and awareness of corporate emissions target outcomes""), using CDP as its data source, found that of 1,041 firms with emissions targets ending in 2020, only 60.8% achieved them, 8.5% failed, and 30.7% simply stopped disclosing; failed firms faced almost no consequences (only 3 of 88 received media coverage, with no significant market or environmental-score reaction), leading the authors to warn of ""cheap talk"" absent real accountability. [https://www.nature.com/articles/s41558-024-02236-3]",1,No published compliance-cost figure identified,0,https://www.cdp.net/en/scores,"Page confirmed CDP (registered charity) scores climate/water/forests disclosure on an A to D- scale, 22,100+ companies disclosed in 2025, 899 on the A-List; founding year 2000 documented elsewhere, not shown on accessed pages."
528,EcoVadis sustainability ratings,,EcoVadis,EcoVadis,private,2007,2007,,in force,global-multilateral,private-industry-scheme,de-facto-required-for-market-access,market-driven,conformity-assessment-certification,standalone-silo,Product integrity,Greenwashing & ESG/climate misrepresentation,high,"Minerals, metals & responsible sourcing",medium,ESG / supply chain,Adjacent: Financial & Institutional,"sustainability-carbon, compliance-conformity",greenwashing / unaccountable supply chains,adjacent context,UN Global Compact; GRI; ISO 26000,"EcoVadis has conducted 159,000 ratings since 2020 (49,000 in 2024 alone), covering roughly 89,000 unique companies across 250+ industries and 150+ countries (per EcoVadis's own 2025 Global Supply Chain Sustainability Risk & Performance Index, 9th edition). [https://resources.ecovadis.com/sustainability-impact/ecovadis-index-9th-edition]",1,"Mixed: EcoVadis's own 2025 Index reports ""a quiet but decisive shift"" toward embedding sustainability for resilience, but also ""a widening gap between those scaling back and those doubling down"" on sustainability efforts amid geopolitical and regulatory pressure. [https://resources.ecovadis.com/sustainability-impact/ecovadis-index-9th-edition]",1,No published compliance-cost figure identified,0,https://ecovadis.com/about-us/,"About page confirmed EcoVadis founded 2007 (Paris), rates four themes (environment; labor & human rights; ethics; sustainable procurement) with a medal/scorecard system, 175,000+ companies across 185+ countries."
529,GRESB (Global Real Estate Sustainability Benchmark),GRESB,GRESB Foundation / GRESB BV,GRESB Foundation / GRESB BV,private,2009,2009,,in force,global-multilateral,private-industry-scheme,voluntary,market-driven,conformity-assessment-certification,standalone-silo,Product integrity,Greenwashing & ESG/climate misrepresentation,high,"Energy, carbon & environmental claims",high,ESG / real assets,Adjacent: Financial & Institutional,"sustainability-carbon, compliance-conformity",greenwashing / mispriced ESG risk in real assets,adjacent context,"GRESB conducts annual alignment reviews against GRI, SASB, CDP and PRI reporting frameworks, reporting the highest alignment (~80% in real estate) with SASB Standards.","The 2024 Real Estate Assessment drew 2,223 participants representing US$7 trillion in gross asset value across 80 markets; the 2024 Infrastructure Assessment drew 887 participants representing US$1.59 trillion (assets) plus US$468 billion (funds) across 81 markets — nearly US$9 trillion combined. GRESB was established in 2009 (2024 marked its 15th anniversary). [https://www.gresb.com/nl-en/insights/gresb-marks-15-years-of-benchmarking-esg-performance-with-the-release-of-the-2024-real-estate-and-infrastructure-results/]",1,No published evaluation identified (checked),0,No published compliance-cost figure identified,0,https://www.gresb.com/nl-en/about/,"About page confirmed GRESB founded 2009, benchmarks ESG performance of real estate and infrastructure real assets; standards stewarded by GRESB Foundation (est. 2022), assessments run by GRESB BV (majority-owned by General Atlantic), ~3,000 participating entities."
530,WCO SAFE Framework of Standards,SAFE,World Customs Organization,World Customs Organization,public,2005,2005,,in force,global-multilateral,govt-referenced-standard,voluntary,hybrid,governance-mutual-recognition,mutual-recognition,Product integrity,Unsafe or non-compliant products,medium,"Trade, customs & logistics",high,trade / customs,Trade & Customs,"safety, chain-of-custody, compliance-conformity",insecure / exploited supply chains,peer framework,WCO Revised Kyoto Convention,"ISO does not publish an ISO 22000 count on its open pages; the ISO Survey certificate count now sits on IAF CertSearch (captcha-gated dataset, not accessible). Best accessible proxy: FSSC 22000, the certification scheme built on ISO 22000, reports 42,349 certified organizations (FSSC, accessed Jul 2026).",1,No published outcome evaluation identified,0,No published compliance-cost figure identified,0,https://www.wcoomd.org/en/topics/facilitation/instrument-and-tools/frameworks-of-standards/safe_package.aspx,"WCO page confirmed SAFE adopted 2005, three pillars (Customs-to-Customs, Customs-to-Business incl. AEO, Customs-to-Other-Government-Agencies), 2025 edition adding SME AEO eligibility and ethics/insider-threat provisions."
531,WTO Trade Facilitation Agreement,TFA,World Trade Organization,World Trade Organization,public,2017,2017,,in force,global-multilateral,treaty-instrument,mandatory,mandate-driven,mandating-regulation,mutual-recognition,Product integrity,Illicit trade & tax/excise evasion,high,"Trade, customs & logistics",high,trade / customs,Trade & Customs,compliance-conformity,trade friction / customs corruption,peer framework,WCO Revised Kyoto Convention,"Entered into force February 2017. The WTO's live TFA Database shows an overall implementation rate across all WTO Members of 89.6% as of today (24 Jul 2026), projected to reach 93.7% by 2026–27; Least Developed Countries currently stand at 72.3% implementation. [https://tfadatabase.org/en/implementation]",1,"Reduced-harm (per ex-ante modeling): the WTO's World Trade Report 2015, citing Moïsé and Sorescu (OECD, 2013), estimates that full TFA implementation would cut average global trade costs by 14.3% (range 9.6%–23.1%, largest for LDCs and African countries), with gravity-model estimates of $1.13–3.56 trillion in additional annual exports and CGE-model estimates of $345–555 billion added to annual global GDP through 2030. These are modeled/projected estimates rather than realized ex-post outcomes. [https://tfadatabase.org/en/implementation]",1,No published compliance-cost figure identified,0,https://www.wto.org/english/tratop_e/tradfa_e/tradfa_e.htm,"WTO page confirmed the TFA entered into force 22 February 2017 after two-thirds ratification, binding on members, covering simplification/modernization/harmonization of import-export and customs cooperation."
532,verifiable LEI,vLEI,Global Legal Entity Identifier Foundation (GLEIF),Global Legal Entity Identifier Foundation,hybrid,2021,2021,,in force,global-multilateral,NGO-multistakeholder-scheme,voluntary,market-driven,data-credential-model,mutual-recognition,Identity and personal security,"Fraud, forgery & impersonation",high,Digital identity & civil registration,high,trade / finance,Trade & Customs,identity,organizational identity fraud / impersonation,peer framework,ISO 17442 LEI; KERI; ACDC; Trust over IP metamodel,"The underlying Global LEI System reached 2.93 million active LEIs by Q4 2025 (13.5% annual growth, 355,000+ new LEIs issued in 2025 alone). For the vLEI specifically, GLEIF reports 23 Validation Agents operating globally (Africa, Australasia, China, Europe, India, Middle East, North America) by end of 2025 to support Qualified vLEI Issuers; GLEIF does not yet publish a total vLEI-credentials-issued figure. [https://www.gleif.org/en/newsroom/blog/the-lei-in-numbers-global-transparency-and-digitalization-push-drives-lei-adoption-in-2025]",1,No published evaluation identified (checked),0,No published compliance-cost figure identified,0,https://www.gleif.org/en/vlei/introducing-the-verifiable-lei-vlei,"GLEIF page confirmed vLEI is GLEIF's cryptographically verifiable digital credential ecosystem for the LEI, built on the Trust-over-IP governance metamodel and KERI, with Legal Entity/OOR/ECR credential types and Qualified vLEI Issuers; 2021 introduction documented elsewhere, not shown on page."
533,IPPC ePhyto Solution,ePhyto,IPPC Secretariat (FAO),IPPC Secretariat,public,2018,2018,,in force,global-multilateral,govt-referenced-standard,voluntary,hybrid,traceability-exchange-protocol,mutual-recognition,Identity and personal security,"Fraud, forgery & impersonation",high,"Trade, customs & logistics",high,trade / customs,Trade & Customs,"safety, origin-provenance, compliance-conformity",spread of plant pests / fraudulent phytosanitary certificates,peer framework,IPPC ISPM No. 12; UN/CEFACT standards,"Per the UN's Cross-Border Paperless Trade Database, 65 countries are ""Live,"" 29 in ""Testing"" and 15 ""Registered"" on the IPPC ePhyto Solution — over 80 participating countries in total, spanning all continents; the initiative's implementation period began in 2006. [https://www.digitalizetrade.org/services/ippc-ephyto-solution]",1,"Reduced-harm (case-study evidence, not independently quantified): documented benefits include time savings in border processing, elimination of courier costs, faster replacement-certificate delivery, and reduced fraudulent certificates/improved transmission security, per case studies cited in the database (specific percentage/time metrics not published in the sourced material). [https://www.digitalizetrade.org/services/ippc-ephyto-solution]",1,No published compliance-cost figure identified,0,https://www.ippc.int/en/ephyto/,"IPPC page confirmed ePhyto (XML electronic phytosanitary certificate) under IPPC/FAO, comprising a central Hub, a Generic National System (GeNS) and harmonization standards for NPPO-to-NPPO exchange; hub pilot report dated 2018, feasibility study 2015."
534,ICC Digital Standards Initiative,DSI,International Chamber of Commerce,International Chamber of Commerce,NGO-multistakeholder,2020,2020,,in force,global-multilateral,NGO-multistakeholder-scheme,voluntary,market-driven,traceability-exchange-protocol,mutual-recognition,System interoperability,Interoperability & fragmentation failure,high,"Trade, customs & logistics",high,trade / customs,Trade & Customs,"chain-of-custody, authenticity-anti-counterfeit, compliance-conformity",trade-document fraud / fragmentation of digital trade,peer framework,UNCITRAL MLETR; UN/CEFACT; WCO Data Model,"Adoption is at pledge/commitment stage rather than realized scale: some of the world's largest bulk shippers plus 9 of the top 10 ocean carriers have committed to switching bills of lading to electronic form (via BIMCO's ""25 by 25 Pledge"" and DCSA's ""100% eBL by 2030""), and 26 of FIATA's association members have adopted the electronic FIATA bill of lading (eFBL); DSI also runs MLETR capacity-building engagements across China, Georgia, Cambodia, ASEAN and Commonwealth countries in Africa, Asia, the Caribbean/Americas, Europe and the Pacific, alongside a July 2024 Joint UNECE-ICC ""Call to Action for Digital Trade."" [https://dsi.iccwbo.org/our-work]",1,No published evaluation identified (checked),0,No published compliance-cost figure identified,0,https://www.dsi.iccwbo.org/,"ICC DSI page confirmed ICC runs it toward a harmonized digital trade environment, Singapore-based, governance board incl. WTO, WCO, ADB and Enterprise Singapore, delivering Key Trade Documents & Data Elements (KTDDE), eBL and MLETR advocacy; 2020 launch documented elsewhere, not shown on page."
535,WCO Authorized Economic Operator Mutual Recognition Arrangements,AEO MRA,World Customs Organization,World Customs Organization,public,2005,2005,,in force,global-multilateral,accreditation-or-mutual-recognition-arrangement,voluntary,hybrid,governance-mutual-recognition,mutual-recognition,System interoperability,Interoperability & fragmentation failure,high,"Trade, customs & logistics",high,trade / customs,Trade & Customs,"compliance-conformity, safety, chain-of-custody",insecure supply chains / redundant customs controls,peer framework,WCO SAFE Framework of Standards,As of 2026: 92 operational AEO programmes (7 more under development) among WCO Members; 126 bilateral and 6 plurilateral Mutual Recognition Arrangements in force. [https://aeo.wcoomd.org/],1,No published evaluation identified (checked),0,No published compliance-cost figure identified,0,https://www.wcoomd.org/en/topics/facilitation/instrument-and-tools/frameworks-of-standards/safe_package.aspx,"WCO SAFE page confirmed the AEO programme as the Customs-to-Business pillar and basis for Customs-to-Customs mutual-recognition arrangements certifying trusted, supply-chain-secure traders; dedicated AEO page was unavailable (404), so cited the SAFE package source."
536,The Update Framework,TUF,"Cloud Native Computing Foundation (CNCF, Linux Foundation); originated at NYU",Cloud Native Computing Foundation ; originated at NYU,NGO-multistakeholder,2010,,https://theupdateframework.io/docs/project/timeline/,in force,global-multilateral,voluntary-consensus-standard,voluntary,market-driven,traceability-exchange-protocol,mutual-recognition,Digital systems and data,Cybersecurity compromise & data interception,high,Cybersecurity & software supply chain,high,software,Adjacent: Cybersecurity & Software,"authenticity-anti-counterfeit, chain-of-custody, origin-provenance",compromised software-update repositories or signing keys pushing malicious updates,adjacent context,basis for Docker Notary and PEP 458 (PyPI),"CNCF Graduated project (graduated 18 Dec 2019, joined Incubating 24 Oct 2017); production adopters listed by the project include PyPI, Docker/Notary, npm-related tooling, sigstore, Datadog, FoundriesIO, Fuchsia, Harbor, Bottlerocket and others. [https://www.cncf.io/projects/the-update-framework-tuf/]",1,No published evaluation identified (checked),0,No published compliance-cost figure identified,0,https://theupdateframework.io/,"Confirmed theupdateframework.io: CNCF graduated project; secures software update systems with resilience even against repository or signing-key compromise. [Batch year-fill: 2010 (first published (academic research paper design/publication)), high confidence. https://theupdateframework.io/docs/project/timeline/]"
537,ISO-compliant driving licence - Mobile driving licence (mDL) application,ISO/IEC 18013-5,ISO/IEC (JTC 1/SC 17),ISO / IEC,NGO-multistakeholder,2021,2021,,in force,global-multilateral,voluntary-consensus-standard,voluntary,hybrid,data-credential-model,mutual-recognition,Identity and personal security,"Fraud, forgery & impersonation",high,Digital identity & civil registration,high,digital identity / mobility,Adjacent: Identity & PKI,"identity, authenticity-anti-counterfeit",identity fraud and unverifiable digital credentials,adjacent context,ISO/IEC 18013 series; ISO/IEC 23220 series,"21 US states plus Puerto Rico had TSA-accepted ISO mdoc-based mDL programmes live as of mid-January 2026 (e.g., Arizona, California, Colorado, Georgia, Maryland, New York, Utah); enrollment remains low relative to licensed drivers (New York ~200,000+ enrollments by March 2025; Georgia 500,000+ users by July 2025; Alaska only ~650 downloads in its first month). [https://www.biometricupdate.com/202506/american-mdl-uptake-suggests-digital-id-mass-adoption-caught-in-the-slow-lane]",1,limited — reporting characterizes uptake as 'glacial' due to weak relying-party (merchant/government) acceptance despite growing state issuance. [https://www.biometricupdate.com/202506/american-mdl-uptake-suggests-digital-id-mass-adoption-caught-in-the-slow-lane],1,No published compliance-cost figure identified,0,https://www.iso.org/standard/69084.html,"Confirmed ISO/IEC 18013-5:2021 (pub. 30 Sep 2021): mDL interface for machine retrieval of mDL data, holder binding, origin authentication, and data-integrity verification."
538,Principles for Financial Market Infrastructures,PFMI,CPMI (Bank for International Settlements) and IOSCO,CPMI and IOSCO,public,2012,2012,,in force,global-multilateral,govt-referenced-standard,de-facto-required-for-market-access,mandate-driven,governance-mutual-recognition,mutual-recognition,Financial integrity,"Financial crime, AML & mispriced risk",high,Payments & cards,high,finance / clearing and settlement,Cross-sector Horizontal,"safety, compliance-conformity","systemic risk from failure of payment, clearing and settlement infrastructures",peer framework,"replaced 2001-2004 CPSS/IOSCO standards (Core Principles, RSSS, RCCP)","As of April 2020, 25 of 28 monitored jurisdictions had adopted measures implementing the PFMI's 24 Principles and 4 of 5 Responsibilities (CPMI-IOSCO Level 1 monitoring). [https://www.bis.org/press/p200408.htm]",1,"mixed — the follow-on Level 3 cyber-resilience assessment (2020-22, 29 jurisdictions / 37 FMIs) found high uptake of guidance but persistent gaps: many FMIs lacked cyber response/recovery plans meeting the two-hour recovery objective, inadequate post-change and scenario testing, and limited coordination with critical service providers. [https://www.bis.org/press/p200408.htm]",1,No published compliance-cost figure identified,0,https://www.bis.org/cpmi/publ/d101.htm,"Confirmed BIS d101: CPMI and IOSCO, April 2012; principles for systemically important payment systems, CSDs, SSSs, CCPs, and trade repositories."
539,Machine Readable Travel Documents,ICAO Doc 9303,"International Civil Aviation Organization (ICAO, UN)",International Civil Aviation Organization,public,1980,,https://www.icao.int/sites/default/files/publications/DocSeries/9303_p1_cons_en.pdf,in force,global-multilateral,govt-referenced-standard,de-facto-required-for-market-access,mandate-driven,data-credential-model,mutual-recognition,Product integrity,Counterfeiting & falsification,high,Digital identity & civil registration,high,border control / travel documents,Adjacent: Identity & PKI,"identity, authenticity-anti-counterfeit",passport fraud and unverifiable travel documents at borders,adjacent context,Part 12 PKI for MRTDs and the ICAO Public Key Directory; biometrics; visible digital seals,"110 States/entities participate in the ICAO Public Key Directory (PKD) for ePassport certificate verification (2026, most recent joiner Paraguay, 4 June 2026). [https://www.icao.int/icao-pkd/participants]",1,No published evaluation identified (checked),0,No published compliance-cost figure identified,0,https://www.icao.int/publications/pages/publication.aspx?docnum=9303,"Confirmed ICAO publications page: Doc 9303 is a 13-part specification for machine-readable passports/visas, LDS on contactless chips, biometrics, and PKI for MRTDs. Edition/year not stated on page. [Batch year-fill: 1980 (first published (first edition of Doc 9303)), high confidence. https://www.icao.int/sites/default/files/publications/DocSeries/9303_p1_cons_en.pdf]"
540,Convention on the Recognition and Enforcement of Foreign Arbitral Awards,New York Convention (1958),UNCITRAL / United Nations,UNCITRAL / United Nations,public,1958,1958,,in force,global-multilateral,treaty-instrument,mandatory,mandate-driven,governance-mutual-recognition,mutual-recognition,System interoperability,Interoperability & fragmentation failure,high,"Trade, customs & logistics",high,legal / cross-border commerce,Adjacent: Legal & Notarial,compliance-conformity,unenforceable cross-border commercial dispute outcomes and trade friction,adjacent context,complemented by UNCITRAL Model Law on International Commercial Arbitration,"172 contracting states as of the current UNCITRAL status list (most recent accession: Suriname, entry into force 8 Feb 2023). [https://uncitral.un.org/en/texts/arbitration/conventions/foreign_arbitral_awards/status2]",1,No published evaluation identified (checked),0,No published compliance-cost figure identified,0,https://uncitral.un.org/en/texts/arbitration/conventions/foreign_arbitral_awards,"Confirmed UNCITRAL: adopted 1958, in force 7 June 1959; requires courts to recognize/enforce foreign arbitral awards and to uphold arbitration agreements."
541,Biometric presentation attack detection - Testing and reporting,ISO/IEC 30107-3,ISO/IEC (JTC 1/SC 37),ISO / IEC,NGO-multistakeholder,2023,2023,,in force,global-multilateral,voluntary-consensus-standard,voluntary,market-driven,conformity-assessment-certification,mutual-recognition,Digital systems and data,Cybersecurity compromise & data interception,high,Digital identity & civil registration,high,biometrics / identity,Adjacent: Identity & PKI,"authenticity-anti-counterfeit, safety",biometric spoofing (presentation attacks) defeating authentication,adjacent context,ISO/IEC 30107-1 and 30107-2,"Adopted as the required PAD testing methodology in the FIDO Alliance Biometric Certification programme (referencing ISO/IEC 30107-3:2023), used by FIDO-accredited independent labs worldwide to certify Level 1/Level 2 spoof-resistance (e.g., IAPAR) of biometric solutions. [https://fidoalliance.org/certification-biometric-component-fido-biometric-certification-faq/]",1,No published evaluation identified (checked),0,No published compliance-cost figure identified,0,https://www.iso.org/standard/79520.html,"Confirmed ISO/IEC 30107-3:2023 (Ed. 2, pub. 10 Jan 2023), developed by ISO/IEC JTC 1/SC 37: principles/methods for performance assessment and reporting of biometric PAD."
542,X-Road,,Nordic Institute for Interoperability Solutions (NIIS),Nordic Institute for Interoperability Solutions,hybrid,2001,,https://x-road.global/xroad-history,in force,national,govt-referenced-standard,voluntary,hybrid,traceability-exchange-protocol,mutual-recognition,System interoperability,Interoperability & fragmentation failure,high,Cross-sector conformity assessment & accreditation,high,e-government / interoperability,Cross-sector Horizontal,"identity, authenticity-anti-counterfeit, chain-of-custody",insecure or unverifiable inter-agency data exchange and siloed government data,component standard,"PKI, TLS, digital signatures, timestamping; supports the Once-Only Principle","As of 2024-2025: ~52,000 organisations as indirect users in Estonia, over 3,000 e-services available, 2.2 billion transactions per year; deployed in over 20 countries (incl. Finland, Iceland, Japan; Estonia-Finland federation since Feb 2018). [https://e-estonia.com/solutions/interoperability-services/x-road/]",1,"reduced-harm/positive efficiency outcome — X-Road is reported to have saved 1,345 working years in Estonia in a single calendar year through reduced manual data exchange. [https://e-estonia.com/solutions/interoperability-services/x-road/]",1,No published compliance-cost figure identified,0,https://x-road.global/,"Confirmed x-road.global: open-source secure data-exchange layer maintained by NIIS (Tallinn); a verified digital public good; deployed in Estonia, Finland, Iceland, Brazil, Cambodia, Colombia and others. [Batch year-fill: 2001 (first launched/established), high confidence. https://x-road.global/xroad-history]"
543,EMV Specifications,EMV / EMVCo,"EMVCo (American Express, Discover, JCB, Mastercard, UnionPay, Visa)",EMVCo,private,1996,,https://www.emvco.com/wp-content/uploads/2025/01/EMVCo-2024-Annual-Report-FINAL-FOR-REFERENCE-TAGGED.pdf,in force,global-multilateral,private-industry-scheme,de-facto-required-for-market-access,market-driven,conformity-assessment-certification,mutual-recognition,Product integrity,Counterfeiting & falsification,high,Payments & cards,high,finance / payments,Adjacent: Payments,"authenticity-anti-counterfeit, safety, identity",payment card fraud and counterfeiting,adjacent context,"ISO/IEC 7816 (contact), ISO/IEC 14443 (contactless)",12.8 billion EMV chip cards in global circulation by end of 2022 (7% YoY increase); 93% of global card-present transactions used EMV chip technology (end-2022 figures); EMVCo's later reporting (Q4 2025) states 97% of card-based transactions are EMV chip. [https://www.emvco.com/news/emvco-reports-nearly-13-billion-emv-chip-cards-in-global-circulation/],1,No published evaluation identified (checked),0,No published compliance-cost figure identified,0,https://www.emvco.com/about-us/,"Confirmed emvco.com/about-us: technical body owned by six payment networks; publishes royalty-free EMV chip/contactless/mobile/QR/tokenization/3-D Secure specs and administers approval/testing and marks. [Batch year-fill: 1996 (first published), high confidence. https://www.emvco.com/wp-content/uploads/2025/01/EMVCo-2024-Annual-Report-FINAL-FOR-REFERENCE-TAGGED.pdf]"
544,Unified State Automated Information System (EGAIS),EGAIS,"Federal Service for Alcohol Market Regulation (FSRAR / Rosalkogolregulirovanie), Russian Federation",Federal Service for Alcohol Market Regulation,public,1995,1995,,in force,national,binding-regulation,mandatory,mandate-driven,traceability-exchange-protocol,standalone-silo,Product integrity,Illicit trade & tax/excise evasion,high,Tobacco & excise goods,high,alcohol/beverages excise,Excise & Environmental,"chain-of-custody,compliance-conformity,authenticity-anti-counterfeit",alcohol tax evasion and illicit/counterfeit alcohol,mandate-owner to recognize,Federal Law No. 171-FZ (1995),Introduced in Russia in 2006 as a bottle-level production-to-retail alcohol tracking system. [https://www.who.int/europe/news/item/15-04-2021-reducing-harm-due-to-alcohol-success-stories-from-3-countries],1,"reduced-harm — WHO Europe attributes a 43% decrease in per-capita alcohol consumption in Russia over 15 years to the policy package (excise tax increases, minimum pricing, and EGAIS traceability), with EGAIS credited for reducing the small-scale producer base that had fed the counterfeit alcohol market. [https://www.who.int/europe/news/item/15-04-2021-reducing-harm-due-to-alcohol-success-stories-from-3-countries]",1,No published compliance-cost figure identified,0,https://www.wipo.int/wipolex/en/legislation/details/19278,WIPO Lex primary text of Federal Law 171-FZ confirms it mandates a unified state automated information system (EGAIS) for production/circulation of ethyl alcohol and alcohol products; operated by FSRAR.
545,FBR Track and Trace System,FBR T&T,"Federal Board of Revenue (FBR), Pakistan",Federal Board of Revenue,public,2021,2021,,phased-in,national,binding-regulation,mandatory,mandate-driven,traceability-exchange-protocol,standalone-silo,Product integrity,Illicit trade & tax/excise evasion,high,Tobacco & excise goods,high,"excise goods (tobacco, sugar, fertilizer, cement, beverages)","Food, Agriculture & Seafood","authenticity-anti-counterfeit,compliance-conformity,chain-of-custody","excise/tax evasion, smuggling, counterfeiting",mandate-owner to recognize,(no explicit dependency identified),"Rolled out from 1 July 2021; as of June 2023 installed across the sugar and fertilizer sectors and in the majority of tobacco manufacturing units (covering firms representing over 90% of tobacco tax revenue), per World Bank implementation status reporting; cement sector added August 2023. [https://documents1.worldbank.org/curated/en/099090523113017547/pdf/P16598201911df055096c50dfd817d58e9a.pdf]",1,"mixed — cigarette-sector Federal Excise Duty rose from Rs142bn to Rs237bn (a 70% increase) in FY2023-24 and sales tax collection rose over 54% to Rs60.6bn following system rollout, but illicit/untaxed cigarettes still comprised an estimated 56% of the ~81 billion sticks consumed annually per industry data cited in FBR's own reporting. [https://documents1.worldbank.org/curated/en/099090523113017547/pdf/P16598201911df055096c50dfd817d58e9a.pdf]",1,No published compliance-cost figure identified,0,https://www.fbr.gov.pk/introduction-track-and-trace/152962/152963,"FBR official page confirms a nationwide electronic tax-stamp/barcode track-and-trace system rolled out from 1 July 2021 (sugar, tobacco, fertilizer, cement, etc.), operated by FBR."
546,Towards Sustainable Mining (TSM),TSM,Mining Association of Canada (MAC),Mining Association of Canada,private,2004,2004,,in force,sectoral,private-industry-scheme,voluntary,market-driven,conformity-assessment-certification,mutual-recognition,Product integrity,Other / social & labor harm,high,"Minerals, metals & responsible sourcing",high,mining/metals,Responsible Sourcing,"sustainability-carbon,safety,compliance-conformity","environmental damage, tailings failures, community harm",sectoral scheme/standard,(no explicit dependency identified),"Since 2015, TSM has spread from Canada to 10 countries across 6 continents (Canada, Australia, Finland, Argentina, Botswana, Philippines, Spain, Brazil, Norway, Colombia), per the Mining Association of Canada. [https://mining.ca/our-focus/international-csr/global-uptake-of-tsm/]",1,No published evaluation identified (checked),0,No published compliance-cost figure identified,0,https://mining.ca/towards-sustainable-mining/,"MAC official site confirms TSM is MAC's sustainability program (Community of Interest panel since 2004), mandatory for MAC members' Canadian operations and adopted by mining associations internationally."
547,Indonesian Sustainable Palm Oil (ISPO),ISPO,Government of Indonesia (ISPO Committee; Ministry of Agriculture),Government of Indonesia,public,2020,2020,,in force,national,binding-regulation,mandatory,mandate-driven,conformity-assessment-certification,standalone-silo,Product integrity,Greenwashing & ESG/climate misrepresentation,high,"Food, agriculture & beverages",high,palm oil/agriculture,"Food, Agriculture & Seafood","sustainability-carbon,compliance-conformity,chain-of-custody","deforestation, GHG emissions, unsustainable land use",mandate-owner to recognize,"Presidential Regulation No. 44/2020 (ISPO first introduced by MoA regulation, 2011)","By March 2021, ISPO certificates covered a cumulative 5.78 million hectares of palm oil plantations — about 45% of Indonesia's 12.6 million ha of total productive palm oil plantation land (source: Palm Oil Plantation Fund Management Agency/BPDP-KS data); certification skewed heavily toward large private plantations (5.45m ha) versus smallholders (only 12,700 ha). [https://databoks.katadata.co.id/en/agroindustry/statistics/d633eedd3dfe9e0/only-a-small-portion-of-indonesian-palm-oil-land-is-ispo-certified-details-here]",1,No published evaluation identified (checked),0,No published compliance-cost figure identified,0,https://setkab.go.id/en/president-jokowi-signs-presidential-regulation-on-ispo-certification-system/,"Indonesian Cabinet Secretariat confirms Presidential Regulation 44/2020 (signed 13 Mar 2020) makes ISPO certification mandatory for plantation companies (5-yr transition for smallholders), overseen by the ISPO Committee."
548,Malaysian Sustainable Palm Oil (MSPO),MSPO,Malaysian Palm Oil Certification Council (MPOCC); MS 2530 standard by Department of Standards Malaysia,Malaysian Palm Oil Certification Council ; MS 2530 standard by Department of Standards Malaysia,hybrid,2020,2020,,in force,national,govt-referenced-standard,mandatory,mandate-driven,conformity-assessment-certification,standalone-silo,Product integrity,Other / social & labor harm,high,"Food, agriculture & beverages",high,palm oil/agriculture,"Food, Agriculture & Seafood","sustainability-carbon,compliance-conformity,chain-of-custody","deforestation, GHG emissions, environmental/labour harm",sectoral scheme/standard,MS 2530:2022 (Department of Standards Malaysia),"As of 28 February 2021, 86.39% of Malaysia's total licensed oil palm planted area (5.07 million of 5.87 million hectares) was MSPO-certified, per the Malaysian Palm Oil Board (MPOB). [https://theedgemalaysia.com/article/864-malaysias-total-licensed-oil-palm-planted-area-mspocertified-says-mpob]",1,mixed — a peer-reviewed study found MSPO certification requirements inadvertently affected production efficiency for certified growers in Malaysia. [https://theedgemalaysia.com/article/864-malaysias-total-licensed-oil-palm-planted-area-mspocertified-says-mpob],1,No published compliance-cost figure identified,0,https://mspo.org.my/standards/,"MSPO official site (based on MS 2530:2022, administered by MPOCC) and Malaysian ministry (kpk.gov.my) confirm mandatory certification for oil-palm estates >=40 ha effective 2020, enforced via MPOB licensing."
549,FGIS Vetis / Mercury (Merkury) Electronic Veterinary Certification,Vetis (Mercury),"Rosselkhoznadzor (Federal Service for Veterinary and Phytosanitary Surveillance), Russian Federation",Rosselkhoznadzor,public,2018,2018 (mandatory eVSD; system launched earlier),,in force,national,binding-regulation,mandatory,mandate-driven,traceability-exchange-protocol,standalone-silo,Product integrity,Unsafe or non-compliant products,high,"Food, agriculture & beverages",high,veterinary / animal-origin food,Manufactured & Consumer Products,"origin-provenance,chain-of-custody,safety,authenticity-anti-counterfeit",unsafe or counterfeit animal-origin food; disease spread,mandate-owner to recognize,Russian Federation Law on Veterinary Medicine,No published figure identified (checked),0,No published evaluation identified (checked),0,No published compliance-cost figure identified,0,https://apps.fas.usda.gov/newgainapi/api/Report/DownloadReportByFileName?fileName=Russian+Veterinary+Situation+Update_Moscow_Russian+Federation_07-07-2020.pdf,"USDA FAS GAIN report and industry press confirm Mercury is Rosselkhoznadzor's state electronic veterinary certification system ensuring animal-product traceability; mandatory eVSD phased in (planned 2017, in force by 2018)."
550,Nota Fiscal Eletronica & Sistema Publico de Escrituracao Digital,NF-e / SPED,Receita Federal do Brasil with State Finance Departments (ENCAT/ENAT),Receita Federal do Brasil with State Finance Departments,public,2005,2005 (ENAT Protocol 03/2005; NF-e first issued 2006),,in force,national,binding-regulation,mandatory,mandate-driven,traceability-exchange-protocol,standalone-silo,Product integrity,Illicit trade & tax/excise evasion,high,"Trade, customs & logistics",high,taxation / commerce / logistics,Excise & Environmental,"authenticity-anti-counterfeit,chain-of-custody,origin-provenance","tax fraud, forged invoices, untraceable goods in commerce",mandate-owner to recognize,ICP-Brasil PKI; XML digital signature,"Brazil's Receita Federal (federal tax authority) reported >1 billion electronic fiscal documents issued nationwide in just the first ~16 days of January 2026 alone (426.0M NF-e, plus NFC-e, CT-e, NFCom, NFS-e, NF3-e, BP-e) — described by Receita Federal as evidence of 'taxpayer adherence' amid the IBS/CBS tax-reform rollout. [https://www.redalyc.org/journal/2410/241059557012/]",1,"reduced-harm (qualified). A peer-reviewed study (Revista de Administração Pública, via Redalyc) on the state of Goiás found average tax collection was statistically higher after NF-e implementation, driven by improved inspection and reduced tax default/evasion — but the authors explicitly could not quantify the size of the revenue effect. [https://www.redalyc.org/journal/2410/241059557012/]",1,No published compliance-cost figure identified,0,http://sped.rfb.gov.br/pagina/show/1328,"Official Receita Federal SPED portal confirms NF-e is Brazil's jointly-run (Receita Federal + State Finance Depts) digitally-signed electronic invoice under SPED, formalized by ENAT Protocol 03/2005."
551,Together for Sustainability,TfS,"Together for Sustainability (TfS Initiative), member-led chemical-industry association",Together for Sustainability,private,2011,2011,,in force,sectoral,private-industry-scheme,de-facto-required-for-market-access,market-driven,conformity-assessment-certification,mutual-recognition,Product integrity,Other / social & labor harm,high,"Minerals, metals & responsible sourcing",high,chemical industry procurement,Responsible Sourcing,"sustainability-carbon,compliance-conformity","environmental, health-safety and labor harms in chemical supply chains",sectoral scheme/standard,EcoVadis assessment; ISO 14001; Responsible Care; UN Global Compact,"58 member companies as of 2025 (up 6 during the year), founded 2011, combined member annual turnover >€800 billion (April 2024), per TfS's own 2025 Activity Report. [https://www.tfs-initiative.com/news/tfs-launches-its-2025-activity-report-sustainable-procurement-as-a-strategic-imperative-for-resilience-and-growth]",1,"mixed. TfS's 2025 Activity Report: 16,099 supplier assessments conducted in 2025 (24,091 cumulative shared) and 605 audits (1,390 cumulative); 76% of suppliers scoring below 54 showed improvement after engagement, and 9,100 suppliers documented improvement overall — but only 12% of audits with major/critical findings were fully closed (37% showed 'progress'). [https://www.tfs-initiative.com/news/tfs-launches-its-2025-activity-report-sustainable-procurement-as-a-strategic-imperative-for-resilience-and-growth]",1,No published compliance-cost figure identified,0,https://www.tfs-initiative.com/,TfS own site plus founding member BASF confirm TfS was founded in 2011 by six chemical companies as a voluntary member-led scheme of shared supplier sustainability assessments (EcoVadis) and audits.
552,Food Safety and Security Act - food traceability & recall requirements,FSSA (SFA),Singapore Food Agency (SFA),Singapore Food Agency,public,2025,2025 (FSSA enacted; traceability records required by 2028),,phased-in,national,binding-regulation,mandatory,mandate-driven,mandating-regulation,standalone-silo,Product integrity,Unsafe or non-compliant products,high,"Food, agriculture & beverages",high,food,"Food, Agriculture & Seafood","safety,chain-of-custody",unsafe food; slow or incomplete recalls,mandate-owner to recognize,Codex Alimentarius; system-agnostic (any traceability system permitted),"Passed by Singapore's Parliament 8 January 2025 (per Singapore Statutes Online, Act published in the eGazette Legislative Supplement); rolling out in phases 2025–2028; first tranche (novel/GM foods, non-packaged drinking water) came into force 28 November 2025, per Rajah & Tann. [https://www.rajahtannasia.com/viewpoints/bill-introduced-in-parliament-to-enhance-singapores-food-safety-and-security-regime/]",1,No published evaluation identified (checked),0,No published compliance-cost figure identified,0,https://www.mse.gov.sg/latest-news/written-reply-to-parliamentary-question-on-product-recall---traceability-/,Singapore MSE parliamentary reply confirms the Food Safety and Security Act requires importers and key-node licensed food businesses to keep traceability records (by 2028) and comply with SFA recall directions; specific system not mandated.
553,CICOT Halal Certification (Central Islamic Council of Thailand),CICOT,Central Islamic Council of Thailand (CICOT),Central Islamic Council of Thailand,hybrid,2001,2001 (national halal certification regulations; legal basis 1997),,in force,national,NGO-multistakeholder-scheme,de-facto-required-for-market-access,market-driven,conformity-assessment-certification,mutual-recognition,Product integrity,Counterfeiting & falsification,high,"Food, agriculture & beverages",high,food (halal),"Food, Agriculture & Seafood","authenticity-anti-counterfeit,compliance-conformity,composition",non-halal or mislabeled products sold as halal; consumer/religious deception,sectoral scheme/standard,Codex halal guidelines; HACCP; OIC/SMIIC halal standards,"CICOT's own published list (dated 21 May 2024) recognizes 146 foreign halal certification bodies across 52 countries; CICOT's administrative network spans roughly 3,900 mosques nationwide (180 in Bangkok) organized under 36 provincial Islamic councils. [https://www.halal.or.th/storages/documents/download/110.pdf]",1,No published evaluation identified (checked),0,No published compliance-cost figure identified,0,https://www.cicot.or.th/en/about,"CICOT official site confirms it is Thailand's statutory national halal certification body (established under the Administration of Islamic Organization Act B.E. 2540/1997), setting the national halal certification/accreditation standard from 2001 with halal-HACCP quality control; explicit product-traceability system not evidenced beyond quality-control regulations."
554,Uniform Real Property Electronic Recording Act,URPERA,Uniform Law Commission (ULC / NCCUSL),Uniform Law Commission,hybrid,2004,2004 (amended 2005),,in force,national,binding-regulation,mandatory,mandate-driven,mandating-regulation,mutual-recognition,Product integrity,Counterfeiting & falsification,high,"Legal, notarial & e-commerce",high,real property / land records,Adjacent: Legal & Notarial,"authenticity-anti-counterfeit,chain-of-custody",land-records fraud; legal barriers to electronic recording,adjacent context,Uniform Electronic Transactions Act (UETA); federal E-SIGN Act,No published figure identified (checked),0,No published evaluation identified (checked),0,No published compliance-cost figure identified,0,https://www.uniformlaws.org/committees/community-home?CommunityKey=643c99ad-6abf-4046-9da4-0a6367da00cc,"Uniform Law Commission page confirms URPERA is a ULC uniform act authorizing county recorders to accept electronic real property documents and e-signatures; law-review/SSRN records confirm promulgation 2004, amended 2005; enacted as binding statute by adopting states."
555,GCC Accreditation Center,GAC,GCC Standardization Organization (GSO),GCC Standardization Organization,public,2013,,https://gac.org.sa/about-gac/about-us/,in force,regional,accreditation-or-mutual-recognition-arrangement,voluntary,hybrid,accreditation,mutual-recognition,Digital systems and data,"Data, research & assurance integrity failure",high,Cross-sector conformity assessment & accreditation,high,conformity assessment (cross-sector),Cross-sector Horizontal,compliance-conformity,unreliable test/certification results across Gulf market,peer framework,ISO/IEC 17011; ILAC/IAF arrangements,"469 accredited conformity-assessment bodies currently listed in GAC's own accredited-bodies directory (testing, calibration, medical, and product certification labs; inspection bodies; halal-product certification bodies, etc.), accessed this session. [https://gac.org.sa/accredited-bodies/]",1,No published evaluation identified (checked),0,No published compliance-cost figure identified,0,https://gac.org.sa/about-gac/about-us/,"Confirmed via gac.org.sa: GAC is the GCC regional accreditation body established following a GSO technical study; member states are the GCC states plus Yemen; ILAC and IAF signatory. Exact founding year not stated on page. [Batch year-fill: 2013 (established/agreement approved by Board of Directors), high confidence. https://gac.org.sa/about-gac/about-us/]"
556,Emirates International Accreditation Centre,EIAC,Government of Dubai,Government of Dubai,public,2015,2015,,in force,national,accreditation-or-mutual-recognition-arrangement,voluntary,hybrid,accreditation,mutual-recognition,Product integrity,Unsafe or non-compliant products,high,Cross-sector conformity assessment & accreditation,high,conformity assessment + healthcare,Cross-sector Horizontal,"compliance-conformity,safety",unreliable conformity assessment / unsafe products & healthcare services,peer framework,ISO/IEC 17011; ILAC/IAF/ARAC/APAC MRAs,No published figure identified (checked),0,No published evaluation identified (checked),0,No published compliance-cost figure identified,0,https://eiac.gov.ae/about-us/,Confirmed via eiac.gov.ae: established 2015 by Dubai Law No. (27) of 2015 as Government of Dubai accreditation body (successor to the Dubai Municipality Conformity Assessment Accreditation Dept.); ILAC/IAF recognized.
557,Arab Accreditation Cooperation,ARAC,"Arab Accreditation Cooperation (established by AIDMO, League of Arab States)",Arab Accreditation Cooperation,public,2011,2011,,in force,regional,accreditation-or-mutual-recognition-arrangement,voluntary,hybrid,governance-mutual-recognition,mutual-recognition,System interoperability,Interoperability & fragmentation failure,high,Cross-sector conformity assessment & accreditation,high,conformity assessment (cross-sector),Cross-sector Horizontal,compliance-conformity,fragmented/unreliable accreditation; intra-Arab trade barriers,peer framework,ISO/IEC 17011; ILAC/IAF arrangements,"5 full (MLA-signatory) members as of this session, per ARAC's own member directory: GCC Accreditation Center (GAC), Egyptian Accreditation Council (EGAC), Jordan Accreditation System (JAS-AU), Saudi Accreditation Center (SAC), and Emirates International Accreditation Centre (EIAC). [https://arabaccreditation.org/arac-members/full-member/]",1,No published evaluation identified (checked),0,No published compliance-cost figure identified,0,https://arabaccreditation.org/about/who-we-are/,"Confirmed via arabaccreditation.org: ARAC established by AIDMO Ministerial Decree (June 2008), officially launched 12 June 2011; Arab regional accreditation cooperation (17 member countries) operating an MLA."
558,Asia Pacific Accreditation Cooperation,APAC,Asia Pacific Accreditation Cooperation Incorporated,Asia Pacific Accreditation Cooperation Incorporated,hybrid,2019,2019,,in force,regional,accreditation-or-mutual-recognition-arrangement,voluntary,hybrid,governance-mutual-recognition,mutual-recognition,System interoperability,Interoperability & fragmentation failure,high,Cross-sector conformity assessment & accreditation,high,conformity assessment (cross-sector),Cross-sector Horizontal,compliance-conformity,duplicate testing/certification; trade barriers in Asia-Pacific,peer framework,Merger of APLAC + PAC; recognized by IAF/ILAC (Global ACI); ISO/IEC 17011,"Per APAC's own 'APAC-MRA in Numbers 2024' report: 62 full (MRA-signatory) members, 7 associate members, 15 affiliates; APAC signatories cover 7,566 IAF-related and 77,380 ILAC-related accredited scopes/sub-scopes as of 30 September 2024. [https://apac-production-wp.s3.ap-southeast-2.amazonaws.com/app/uploads/2024/12/25064806/APAC-MRA-in-Numbers-2024-Ver-1.0-20241225.pdf]",1,No published evaluation identified (checked),0,No published compliance-cost figure identified,0,https://www.apac-accreditation.org/about/,Confirmed via apac-accreditation.org: APAC formed 1 January 2019 from merger of APLAC and PAC; administers the APAC MRA for cross-border acceptance of accredited conformity-assessment results in the Asia-Pacific.
559,Inter American Accreditation Cooperation,IAAC,Inter American Accreditation Cooperation (non-profit civil association),Inter American Accreditation Cooperation,hybrid,1996,1996,,in force,regional,accreditation-or-mutual-recognition-arrangement,voluntary,hybrid,governance-mutual-recognition,mutual-recognition,System interoperability,Interoperability & fragmentation failure,high,Cross-sector conformity assessment & accreditation,high,conformity assessment (cross-sector),Cross-sector Horizontal,compliance-conformity,fragmented accreditation; trade barriers across the Americas,peer framework,Recognized by IAF/ILAC; ISO/IEC 17011,"25 full member accreditation bodies across 18 countries in the Americas (from Canada/US/Mexico through Central America, the Caribbean, and South America), per IAAC's own member directory, accessed this session. [https://iaac.org.mx/members/full-members/]",1,No published evaluation identified (checked),0,No published compliance-cost figure identified,0,https://iaac.org.mx/about-us/,"Confirmed via iaac.org.mx: IAAC founded 1996, regional accreditation cooperation for the Americas running the IAAC MLA; IAF/ILAC recognized (registered as a civil association in Mexico in 2001)."
560,China National Accreditation Service for Conformity Assessment (under CNCA),CNAS / CNCA,Certification and Accreditation Administration of China (CNCA),Certification and Accreditation Administration of China,public,2006,2006,,in force,national,accreditation-or-mutual-recognition-arrangement,voluntary,hybrid,accreditation,mutual-recognition,Product integrity,Unsafe or non-compliant products,high,Cross-sector conformity assessment & accreditation,high,conformity assessment (cross-sector),Cross-sector Horizontal,compliance-conformity,unreliable certification/testing; unsafe products entering market,peer framework,ISO/IEC 17011; ILAC/IAF MRA,"20,251 accredited institutions as of 31 December 2024 (18,889 laboratories, 1,058 inspection bodies, 283 certification bodies, 21 verification/audit bodies) across 15 fields — a 13.3% year-over-year increase — per CNAS's own announcement (15 January 2025). [https://www.cnas.org.cn/zxzx/rkwyhxx/art/2025/art_e055d80ae173431e9adb03f261ca009f.html]",1,No published evaluation identified (checked),0,No published compliance-cost figure identified,0,https://www.cnas.org.cn/english/InstitutionalOverview/index.html,"Confirmed CNAS established 31 March 2006 by merger of CNAB and CNAL, authorized by CNCA (Certification & Accreditation Administration of China) as China's sole national accreditation body; ILAC/IAF signatory (details corroborated via china-certification.com CNAS glossary)."
561,National Regulator for Compulsory Specifications / Letter of Authority,NRCS / LOA,"Government of South Africa (Department of Trade, Industry and Competition)",Government of South Africa,public,2008,2008,,in force,national,binding-regulation,de-facto-required-for-market-access,mandate-driven,mandating-regulation,standalone-silo,Product integrity,Unsafe or non-compliant products,high,Cross-sector conformity assessment & accreditation,high,"regulated products (electrotechnical, automotive, food, chemicals, etc.)","Food, Agriculture & Seafood","safety,compliance-conformity",unsafe/non-compliant products reaching consumers,mandate-owner to recognize,NRCS Act No. 5 of 2008; compulsory specifications (VCs) drawn from SANS,"NRCS's FY2023/24 Annual Report: roughly 14,634 Safety Letters of Authority (LOAs) and 1,451 Energy-Efficiency LOAs processed by the Electro-Technical unit alone, plus 1,371 additional EE-compliance LOAs; Automotive unit issued 2,523 individual vehicle component approvals and 1,193 whole-vehicle approvals; ~600 distinct products covered under electro-technical safety/EE specifications, enforced via ~20 electro-technical and 15 chemicals/materials/mechanical compulsory specifications. [https://www.thedtic.gov.za/wp-content/uploads/NRCS-Annual-Report-2024.pdf]",1,No published evaluation identified (checked),0,No published compliance-cost figure identified,0,https://www.saflii.org/za/legis/num_act/nrfcsa2008524/,"Confirmed via SAFLII: National Regulator for Compulsory Specifications Act, 2008 (No. 5 of 2008) establishes the NRCS; it administers compulsory specifications and issues Letters of Authority (LOA) as mandatory pre-market approval for regulated products."
562,US institutional higher-education accreditation & CHEA recognition,CHEA,Council for Higher Education Accreditation (CHEA),Council for Higher Education Accreditation,NGO-multistakeholder,1996,,https://www.chea.org/accreditation-and-secretary-educations-commission-future-higher-education,in force,national,accreditation-or-mutual-recognition-arrangement,voluntary,market-driven,accreditation,mutual-recognition,Digital systems and data,"Data, research & assurance integrity failure",high,Cross-sector conformity assessment & accreditation,high,higher education,Cross-sector Horizontal,compliance-conformity,diploma mills / low-quality degrees; student and employer harm,peer framework,ISO/IEC 17011,"63 accrediting organizations recognized by CHEA as of 2022–2023 (25 recognized jointly by CHEA and the US Department of Education, 38 recognized solely by CHEA), per CHEA's own Digital Almanac (Figure 30). [https://almanac.chea.org/recognition-accrediting-organizations]",1,No published evaluation identified (checked),0,No published compliance-cost figure identified,0,https://www.chea.org/regional-accrediting-organizations,"Confirmed via chea.org: CHEA is the US national non-governmental body that recognizes institutional accreditors (SACSCOC, HLC, NWCCU, ACCJC and other former 'regional' commissions) against academic-quality/accountability standards. CHEA founding year (1996) not confirmed on-page this session. [Batch year-fill: 1996 (CHEA founded/established (via referendum of college and university presidents) in 1996), high confidence. https://www.chea.org/accreditation-and-secretary-educations-commission-future-higher-education]"
563,Lloyd's binding authority / coverholder (delegated authority) arrangements,,Society of Lloyd's (Corporation of Lloyd's); model wordings by the Lloyd's Market Association (LMA),Society of Lloyd's ; model wordings by the Lloyd's Market Association,private,1990,,https://cms.law/en/gbr/legal-updates/brokers-and-binding-authorities,in force,sectoral,private-industry-scheme,de-facto-required-for-market-access,market-driven,accreditation,standalone-silo,Identity and personal security,"Fraud, forgery & impersonation",high,Financial services & AML,high,insurance (Lloyd's specialist market),Cross-sector Horizontal,"compliance-conformity,identity",unauthorized/mis-sold underwriting; policyholder detriment via delegated underwriters,component standard,LMA model binding authority wordings (LMA 3113/3114/3115); Lloyd's Delegated Authority requirements & Code of Practice,"Over 4,000 coverholders operate in Lloyd's global delegated-authority network, with Lloyd's able to underwrite business in over 200 territories worldwide, per Lloyd's own official Coverholder Welcome Pack. [https://assets.lloyds.com/media/cb1ab0b7-6445-438c-9589-a2bba77893c2/Coverholder%20Welcome%20Pack%20-%20March%2021.pdf]",1,No published evaluation identified (checked),0,No published compliance-cost figure identified,0,https://www.lloyds.com/market-resources/delegated-authorities/market-knowledge/binding-authority-wordings,"Confirmed via lloyds.com: a binding authority is a delegated-underwriting agreement between a managing agent and an approved coverholder; governed by Lloyd's Delegated Authority requirements with standard LMA model wordings (LMA 3113/3114/3115). [Batch year-fill: 1990 (adopted - introduction of the Binding Authorities Byelaw, the first formal Lloyd's regulatory framework governing binding authority/coverholder arrangements (later superseded by the Underwriting Byelaw 2001/2003 and Delegated Underwriting Byelaw 2004; current LMA model wordings framework administered by Lloyd's/LMA)), medium confidence. https://cms.law/en/gbr/legal-updates/brokers-and-binding-authorities]"
564,Insurance Capital Standard (within ComFrame for IAIGs),ICS,International Association of Insurance Supervisors (IAIS),International Association of Insurance Supervisors,public,2024,2024,,phased-in,global-multilateral,govt-referenced-standard,mandatory,mandate-driven,mandating-regulation,mutual-recognition,Financial integrity,"Financial crime, AML & mispriced risk",high,Financial services & AML,high,insurance (internationally active insurance groups),Risk Transfer & Guarantee,compliance-conformity,insurer insolvency; policyholder non-payment; financial instability,adjacent context,IAIS ComFrame & Insurance Core Principles (ICPs); regional analogue: EU Solvency II (Dir. 2009/138/EC),"ICS adopted by IAIS members at the IAIS Annual General Meeting on 5 December 2024 (Cape Town); currently applies to 59 Internationally Active Insurance Groups (IAIGs) from 18 jurisdictions (insurers with ≥USD 50bn assets or ≥USD 10bn premium, operating in 3+ jurisdictions), per IAIS's own press release. [https://www.iais.org/2024/11/iais-executive-committee-approves-insurance-capital-standard-for-adoption-by-iais-members-and-concludes-aggregation-method-comparability-assessment/]",1,"mixed. IAIS's Aggregation Method (AM) comparability assessment (concluded November 2024) found the US Aggregation Method 'provides a basis for implementation of the ICS to produce comparable outcomes,' but flagged continued 'convergence work' still needed on interest-rate-risk treatment and supervisory-intervention timing. [https://www.iais.org/2024/11/iais-executive-committee-approves-insurance-capital-standard-for-adoption-by-iais-members-and-concludes-aggregation-method-comparability-assessment/]",1,No published compliance-cost figure identified,0,https://www.iais.org/activities-topics/standard-setting/insurance-capital-standard/,"Confirmed via iais.org: the ICS is a globally comparable, group-wide risk-based prescribed capital requirement for Internationally Active Insurance Groups within ComFrame, adopted by the IAIS in December 2024 for jurisdictional implementation."
565,International Group of P&I Clubs (Protection & Indemnity Clubs),IG P&I,International Group of P&I Clubs,International Group of P&I Clubs,private,1899,,https://www.igpandi.org/article/celebrating-125-years-of-the-groups-pooling-arrangements/,in force,sectoral,private-industry-scheme,de-facto-required-for-market-access,hybrid,governance-mutual-recognition,mutual-recognition,Financial integrity,"Financial crime, AML & mispriced risk",high,Financial services & AML,high,maritime / shipping liability insurance,Risk Transfer & Guarantee,"safety,compliance-conformity","uncompensated pollution, personal-injury, wreck and cargo liabilities; shipowner insolvency",adjacent context,"IMO compulsory-insurance conventions (CLC, Bunkers, Nairobi Wreck Removal) requiring insurance certificates / blue cards","The 12 mutual P&I Clubs comprising the International Group jointly provide marine liability cover for approximately 87% of the world's ocean-going tonnage (figure as published on the Group's own site, no specific year attached to the current figure). [https://www.igpandi.org/article/about/]",1,Not found — no published outcome/verdict-style effectiveness study located this session. [https://www.igpandi.org/article/about/],0,No published compliance-cost figure identified,0,https://www.igpandi.org/article/about/,"Confirmed via igpandi.org: 12 mutual P&I clubs covering ~87% of world ocean-going tonnage for third-party marine liabilities, sharing claims above US$10m through a pooling and collective-reinsurance arrangement. [Batch year-fill: 1899 (The International Group of P&I Clubs traces its founding to 1899, when the London Group of P&I Clubs entered into the original claims-sharing ""Pooling Agreement,"" marking the establishment of what became the International Group. This is confirmed by the Group's own 125th-anniversary celebration held in 2024 (2024-125=1899) and corroborated by member club histories (e.g., Japan P&I Club).), high confidence. https://www.igpandi.org/article/celebrating-125-years-of-the-groups-pooling-arrangements/]"
566,Federal Accreditation Service (Rosaccreditation / RusAccreditation),Rosaccreditation,Ministry of Economic Development of the Russian Federation (Federal Accreditation Service),Ministry of Economic Development of the Russian Federation,public,2011,,https://fsa.gov.ru/about/,in force,national,accreditation-or-mutual-recognition-arrangement,voluntary,hybrid,accreditation,mutual-recognition,Product integrity,Unsafe or non-compliant products,high,Cross-sector conformity assessment & accreditation,high,conformity assessment (cross-sector),Cross-sector Horizontal,compliance-conformity,unreliable certification/testing; unsafe products,peer framework,ISO/IEC 17011; ILAC MRA,"Rosaccreditation became the 92nd member accreditation body to sign the ILAC Mutual Recognition Arrangement, which at that time brought together 92 accreditation bodies across 95 countries/economies (exact signing year not confirmed in the fetched text, though the source page's URL slug points to 2017). [https://ar.gov.ru/en-US/presscentr/news/view/572]",1,Not found. [https://ar.gov.ru/en-US/presscentr/news/view/572],0,No published compliance-cost figure identified,0,https://ilac.org/latest_ilac_news/signatory-status-rusaccreditation/,"Confirmed via ILAC: Federal Service for Accreditation (RusAccreditation) of the Russian Federation is the national accreditation body and an ILAC MRA signatory (Nov 2021 scope-extension notice). Founding year (2011) not confirmed from a primary source this session. [Batch year-fill: 2011 (established/formed pursuant to Presidential Decree No. 86 ""On the Unified National Accreditation System"" dated 24 January 2011 (Regulations approved by Government Resolution No. 845 of 17 October 2011)), high confidence. https://fsa.gov.ru/about/]"
567,Surety & Fidelity Association of America (standard bond forms & loss-cost filings),SFAA,The Surety & Fidelity Association of America,The Surety & Fidelity Association of America,private,1908,1908,,in force,national,private-industry-scheme,voluntary,market-driven,data-credential-model,standalone-silo,Financial integrity,"Financial crime, AML & mispriced risk",high,Financial services & AML,high,surety & fidelity insurance,Risk Transfer & Guarantee,compliance-conformity,contractor/principal default; unpaid obligations to obligees,adjacent context,State insurance rating/advisory-organization laws,No published figure identified (checked),0,No published evaluation identified (checked),0,No published compliance-cost figure identified,0,https://disb.dc.gov/sites/default/files/dc/sites/disb/publication/attachments/SFAA-MarketConductExamReport-Final.pdf,"Confirmed via DC DISB market-conduct exam report: SFAA (organized 1908 as The Surety Association of America; renamed 2006) is a licensed rating/advisory organization in all 50 states and a designated statistical agent, developing standard bond forms/endorsements and filing loss-cost advisory data for surety & fidelity lines."
568,TRACE Bribery Risk Matrix,,TRACE International,TRACE International,NGO-multistakeholder,2014,2014,,retired,sectoral,NGO-multistakeholder-scheme,voluntary,market-driven,data-credential-model,standalone-silo,Financial integrity,"Financial crime, AML & mispriced risk",high,Cross-sector conformity assessment & accreditation,high,anti-bribery / third-party due-diligence (cross-sector),Adjacent: Financial & Institutional,compliance-conformity,bribery/corruption exposure in cross-border business,adjacent context,Methodology originally developed with the RAND Corporation,"Covers business bribery risk across 194 jurisdictions, territories, and autonomous/semi-autonomous regions; the 2024 edition is stated by TRACE to be the most recent and final edition of the Matrix. [https://www.traceinternational.org/trace-matrix]",1,"Not found — it is a risk-scoring index, not an outcome/intervention-effectiveness study, so no reduced-harm/mixed/etc. verdict applies. [https://www.traceinternational.org/trace-matrix]",0,No published compliance-cost figure identified,0,https://www.traceinternational.org/trace-matrix,Confirmed via traceinternational.org: TRACE International's country business-bribery risk index scoring ~194 jurisdictions across four domains; first published 2014 (with RAND). The 2024 edition was released as the final annual edition (publication discontinued).
569,Multi-Level Protection Scheme 2.0 — Baseline for Classified Protection of Cybersecurity (GB/T 22239-2019),MLPS 2.0 (等级保护 2.0),State Administration for Market Regulation (SAMR) & Standardization Administration of China (SAC); scheme administered by the Ministry of Public Security (MPS) under the Cybersecurity Law,State Administration for Market Regulation & Standardization Administration of China ; scheme administered by the Ministry of Public Security under the Cybersecurity Law,public,2019,2019,,in force,national,govt-referenced-standard,mandatory,mandate-driven,conformity-assessment-certification,standalone-silo,Digital systems and data,Cybersecurity compromise & data interception,high,Cybersecurity & software supply chain,high,cybersecurity / critical information infrastructure,Adjacent: Cybersecurity & Software,"compliance-conformity,safety",cyberattack and data breach of networked systems,adjacent context,Cybersecurity Law of the PRC (2017); supersedes MLPS 1.0 (GB/T 22239-2008),"Not found — no published national figure this session for number of systems classified/filed under MLPS 2.0 (only found unrelated MLPS 1.0-era enforcement data for a single province, Jiangsu: 6,467 administrative cases since 2017). [https://openstd.samr.gov.cn/bzgk/gb/newGbInfo?hcno=BAFB47E8874764186BDB7865E8344DAF]",0,Not found. [https://openstd.samr.gov.cn/bzgk/gb/newGbInfo?hcno=BAFB47E8874764186BDB7865E8344DAF],0,No published compliance-cost figure identified,0,https://openstd.samr.gov.cn/bzgk/std/newGbInfo?hcno=BAFB47E8874764186BDB7865E8344DAF,"Confirmed on official SAMR/SAC national standards platform: GB/T 22239-2019, 'Baseline for classified protection of cybersecurity,' issued 2019-05-10, effective 2019-12-01, currently in effect."
570,"Supply Chain Integrity, Transparency and Trust (IETF SCITT)",SCITT,"Internet Engineering Task Force (IETF), Security Area working group",Internet Engineering Task Force,NGO-multistakeholder,2022,,https://datatracker.ietf.org/doc/charter-ietf-scitt/,proposed,global-multilateral,voluntary-consensus-standard,voluntary,market-driven,traceability-exchange-protocol,mutual-recognition,Digital systems and data,Cybersecurity compromise & data interception,high,Cybersecurity & software supply chain,high,software / firmware supply chain security,Adjacent: Cybersecurity & Software,"chain-of-custody,authenticity-anti-counterfeit,origin-provenance",software supply-chain tampering; unverifiable/compromised build artifacts,adjacent context,"IETF COSE (RFC 9052); interoperable transparency-service architecture; coordinates with OpenSSF, W3C, ISO, TCG","No deployment/adoption scale figure exists yet — SCITT is an active IETF working group (charter approved, last updated 2026-03-18); it is a specification effort, not yet a deployed instrument with penetration data. [https://datatracker.ietf.org/doc/charter-ietf-scitt/]",0,Not found — too early-stage for outcome data. [https://datatracker.ietf.org/doc/charter-ietf-scitt/],0,No published compliance-cost figure identified,0,https://datatracker.ietf.org/wg/scitt/about/,"Confirmed via IETF Datatracker: SCITT WG (Security Area), charter approved, defining interoperable building blocks for software supply-chain integrity/transparency (append-only registration of signed statements). Charter date not shown on page, so year left blank. [Batch year-fill: 2022 (IETF SCITT working group charter approved/adopted), high confidence. https://datatracker.ietf.org/doc/charter-ietf-scitt/]"
571,Vulnerability Exploitability eXchange (Minimum Requirements for VEX),VEX,VEX Working Group facilitated by CISA (Cybersecurity and Infrastructure Security Agency); originated in the NTIA multistakeholder SBOM process,VEX Working Group facilitated by CISA ; originated in the NTIA multistakeholder SBOM process,hybrid,2023,2023,,in force,sectoral,voluntary-consensus-standard,voluntary,hybrid,data-credential-model,mutual-recognition,Digital systems and data,Cybersecurity compromise & data interception,high,Cybersecurity & software supply chain,high,software vulnerability management,Adjacent: Cybersecurity & Software,"safety,compliance-conformity",mischaracterized vulnerability exposure; wasted remediation effort on non-exploitable flaws,adjacent context,SBOM (NTIA minimum elements); complements CSAF and CycloneDX vulnerability formats,Published by CISA in April 2023; adoption/penetration scale figures were not found this session (no census of how many organizations issue VEX documents). [https://www.cisa.gov/sites/default/files/2023-04/minimum-requirements-for-vex-508c.pdf],1,Not found. [https://www.cisa.gov/sites/default/files/2023-04/minimum-requirements-for-vex-508c.pdf],0,No published compliance-cost figure identified,0,https://www.cisa.gov/sites/default/files/2023-04/minimum-requirements-for-vex-508c.pdf,"Confirmed via CISA-hosted PDF: 'Minimum Requirements for VEX,' developed by the CISA-facilitated VEX Working Group, April 2023 (grew from NTIA process begun 2020); defines machine-readable product/component vulnerability status."
572,OpenVEX Specification,OpenVEX,OpenVEX project (open community governance; incubated in the OpenSSF ecosystem),OpenVEX project,NGO-multistakeholder,2023,2023,,in force,sectoral,NGO-multistakeholder-scheme,voluntary,market-driven,data-credential-model,mutual-recognition,Digital systems and data,Cybersecurity compromise & data interception,high,Cybersecurity & software supply chain,high,software vulnerability management / SBOM,Adjacent: Cybersecurity & Software,"safety,compliance-conformity",false or unstructured vulnerability applicability claims on software components,adjacent context,VEX concept (CISA/NTIA); JSON-LD; Package URL (purl) identifiers; complements SBOM,Current spec version is v0.2.0; maintained as an OpenSSF (Open Source Security Foundation) project. No numeric deployment/penetration figure found this session. [https://github.com/openvex/spec/blob/main/OPENVEX-SPEC.md],1,Not found. [https://github.com/openvex/spec/blob/main/OPENVEX-SPEC.md],0,No published compliance-cost figure identified,0,https://github.com/openvex/spec,Confirmed via official OpenVEX spec repo: a minimal JSON-LD implementation of VEX using purl identifiers; latest release v0.2.0 (2023-08-22).
574,Apple Root Certificate Program,,Apple Inc.,Apple Inc,private,2005,,https://www.e2encrypted.com/certs/580f804792abc63bbb80154d4dfddd8b2ef2674e/,in force,sectoral,private-industry-scheme,de-facto-required-for-market-access,market-driven,governance-mutual-recognition,mutual-recognition,Digital systems and data,Cybersecurity compromise & data interception,high,Internet infrastructure & Web PKI,high,PKI / TLS / device and browser trust,Adjacent: Cybersecurity & Software,"identity,authenticity-anti-counterfeit","fraudulent certificates, website impersonation, man-in-the-middle attacks on Apple platforms",adjacent context,CA/Browser Forum Baseline Requirements & EV Guidelines; WebTrust Principles & Criteria; ETSI EN 319 411-1; CCADB Policy,"Program effective August 15, 2023, with staged compliance deadlines: single-purpose Root CA requirement from April 15, 2024; TLS domain-validation-method requirements from August 15, 2024; S/MIME audit-compliance deadline December 1, 2024. No count of currently-trusted root CAs was confirmed this session (Apple publishes a separate, versioned root-certificate list per OS release). [https://www.apple.com/certificateauthority/ca_program.html]",1,Not found (not an outcome-verdict-style instrument). [https://www.apple.com/certificateauthority/ca_program.html],0,No published compliance-cost figure identified,0,https://www.apple.com/certificateauthority/ca_program.html,"Confirmed via Apple's official CA program page: Apple-operated common root store governing trusted CAs, requiring annual WebTrust or ETSI audits and CABF Baseline Requirements compliance; single-purpose roots required for new applicants from 2024-04-15. [Batch year-fill: 2005 (Earliest self-signed Apple root certificate (""Apple Computer, Inc. Root Certificate Authority"") has a Not-Before date of Feb 10, 2005, indicating the Apple root PKI/program's technical origin; no explicit 'program established' year is stated by Apple in current policy documents.), low confidence. https://www.e2encrypted.com/certs/580f804792abc63bbb80154d4dfddd8b2ef2674e/]"
575,TCG Cyber Resilient Module and Building Block Requirements,CyRes,"Trusted Computing Group (TCG), Cyber Resilient Technologies work group",Trusted Computing Group,private,2021,2021,,in force,sectoral,voluntary-consensus-standard,voluntary,market-driven,conformity-assessment-certification,mutual-recognition,Digital systems and data,Cybersecurity compromise & data interception,high,Cybersecurity & software supply chain,high,"hardware/firmware and platform security (IoT, servers, endpoints)",Adjacent: Cybersecurity & Software,"authenticity-anti-counterfeit,safety,compliance-conformity","firmware corruption, persistent device compromise, inability to recover to a known-good state",adjacent context,NIST SP 800-193 (Platform Firmware Resiliency Guidelines),"Specification published August 2022 as Version 1.0, Revision 0.2 (the current published version); TCG's CyRes work group is developing a follow-on Version 2 with expanded scope. No deployment/penetration figures found. [https://trustedcomputinggroup.org/resource/cyber-resilient-module-and-building-block-requirements/]",1,Not found. [https://trustedcomputinggroup.org/resource/cyber-resilient-module-and-building-block-requirements/],0,No published compliance-cost figure identified,0,https://trustedcomputinggroup.org/work-groups/cyber-resilient-technologies/,"Confirmed via official TCG page: Cyber Resilient Technologies (CyRes) work group (est. 2018) with protect/detect/recover pillars, referencing NIST SP 800-193; 'Cyber Resilient Module and Building Block Requirements' spec (v1.0 r08, 2021) published on TCG's site."
576,"Statement on Standards for Attestation Engagements No. 18 (incl. AT-C section 205, Assertion-Based Examination Engagements)",SSAE 18 / AT-C 205,AICPA Auditing Standards Board (ASB),AICPA Auditing Standards Board,private,2016,2016,,in force,national,voluntary-consensus-standard,de-facto-required-for-market-access,market-driven,conformity-assessment-certification,standalone-silo,Digital systems and data,Cybersecurity compromise & data interception,high,Cybersecurity & software supply chain,high,third-party assurance / SOC reporting / IT controls attestation,Adjacent: Cybersecurity & Software,compliance-conformity,unreliable third-party control assertions about service providers' security and processing,adjacent context,Recodifies and supersedes SSAE Nos. 10–17; provides the engagement standard underlying SOC 1/SOC 2/SOC 3 examinations,No published count of SOC engagements/reports under SSAE 18 was found this session (AICPA does not appear to publish an aggregate SOC 2 report count publicly). [https://www.aicpa-cima.com/resources/download/aicpa-statement-on-standards-for-attestation-engagements-no-18],0,Not found (not an outcome-verdict-style instrument). [https://www.aicpa-cima.com/resources/download/aicpa-statement-on-standards-for-attestation-engagements-no-18],0,No published compliance-cost figure identified,0,https://www.aicpa-cima.com/resources/download/aicpa-statement-on-standards-for-attestation-engagements-no-18,"Confirmed via AICPA resource page: SSAE No. 18, 'Attestation Standards: Clarification and Recodification,' recodifying attestation standards into AT-C sections (AT-C 205 = assertion-based examination engagements). Issued April 2016, effective for reports dated on/after 2017-05-01. Distinct from and broader than the SOC 2 entry (underpins all SOC report types)."
577,Industrial Internet Identity Resolution System (MA / Handle nodes),MA / IIIRS,"Ministry of Industry and Information Technology (MIIT), China; national top-level nodes operated by CAICT (China Academy of Information and Communications Technology)",Ministry of Industry and Information Technology,public,2018,2018,,in force,national,govt-referenced-standard,voluntary,mandate-driven,identifier,mutual-recognition,Product integrity,Illegal or misrepresented origin & sourcing,high,"Trade, customs & logistics",high,industrial / manufacturing (industrial internet),Adjacent: Identity & PKI,"identity,origin-provenance,chain-of-custody",counterfeit industrial goods and opaque supply chains,adjacent context,"Handle System (RFC 3650-3652), OID (ISO/IEC 9834), Ecode","Cumulative registered identifiers exceeded 510 billion (5100亿) as of July 2024, per China Academy of Information and Communications Technology (CAICT) statistics cited in a Heilongjiang provincial-government report; official policy target is over 600 billion cumulative registrations by 2026. The system runs on a '5+2' national top-level node architecture (five primary nodes — Wuhan, Guangzhou, Chongqing, Shanghai, Beijing — plus two disaster-recovery nodes in Nanjing and Chengdu); the number of secondary nodes was not quantified in the source. [https://gxt.hlj.gov.cn/gxt/c107049/202407/c00_31752733.shtml]",1,Not found (no independent outcome/verdict study located). [https://gxt.hlj.gov.cn/gxt/c107049/202407/c00_31752733.shtml],0,No published compliance-cost figure identified,0,http://www.caict.ac.cn/english/news/202111/t20211110_392453.html,CAICT English site confirms China's Industrial Internet Identity Resolution System under MIIT with CAICT operating the Handle/OID-based national top-level nodes established from 2018.
578,National Database & Registration Authority identity system (CNIC),NADRA / CNIC,"National Database & Registration Authority (NADRA), Government of Pakistan",National Database & Registration Authority,public,2000,2000,,in force,national,binding-regulation,mandatory,mandate-driven,identifier,standalone-silo,Identity and personal security,"Fraud, forgery & impersonation",high,Digital identity & civil registration,high,civil identity / public administration,Adjacent: Identity & PKI,identity,identity fraud and exclusion of undocumented persons,adjacent context,N/A — CNIC is Pakistan's own foundational national identity-document system rather than a derivative of another instrument.,"227 million citizens registered (approximately 97% of Pakistan's population), per NADRA's own annual report submitted to the Ministry of Interior, as reported in Pakistani press in February 2026. (Note: this is press reporting of NADRA's official annual-report figures rather than a directly-fetched NADRA primary document, as NADRA's own statistics page returned an access error this session.) [https://dailytimes.com.pk/1455160/nadra-registers-227-million-citizens-across-pakistan/]",1,Not found. [https://dailytimes.com.pk/1455160/nadra-registers-227-million-citizens-across-pakistan/],0,No published compliance-cost figure identified,0,https://www.nadra.gov.pk/identityDocument/cnic,Official NADRA site confirms NADRA issues the Computerised National Identity Card and is Pakistan's statutory national ID registration authority (established under the NADRA Ordinance 2000).
579,ASAN Imza mobile identity & signature (successor SIMA),ASAN Imza / SIMA,Republic of Azerbaijan - ASAN (State Agency for Public Service & Social Innovations) / State Tax Service; operators B.EST Solutions (Asan Imza) and E-GOV Development Center (SIMA),Republic of Azerbaijan - ASAN / State Tax Service; operators B.EST Solutions and E-GOV Development Center,public,2013,2013,,in force,national,govt-referenced-standard,voluntary,hybrid,data-credential-model,standalone-silo,Identity and personal security,"Fraud, forgery & impersonation",high,Digital identity & civil registration,high,e-government / e-signature,Adjacent: Identity & PKI,"identity,authenticity-anti-counterfeit",unverifiable e-signatures and digital identity fraud,adjacent context,"PKI, Mobile-ID / SIM-based qualified e-signature","ASAN Imza (OECD OPSI case study, published 2014): over 700,000 Mobile ID certificates issued, used for more than 70 million transactions; over 90% of Azerbaijani tax declarations were submitted electronically via ASAN Imza (Ministry of Taxes, ~400,000 taxpayers); Ministry of Labor recorded more than 2 million digitally-signed e-contracts. Successor SIMA İmza: users exceeded 500,000 as of November 23, 2023, per Azerbaijan's state news agency AZERTAC. [https://oecd-opsi.org/innovations/national-digital-identity-and-legally-binding-e-signatures-based-on-mobile-id-technology-branded-asan-imza-from-the-republic-of-azerbaijan/ ; https://amcham.az/en/post/1158]",1,Not found (no independent outcome/verdict study). [https://oecd-opsi.org/innovations/national-digital-identity-and-legally-binding-e-signatures-based-on-mobile-id-technology-branded-asan-imza-from-the-republic-of-azerbaijan/ ; https://amcham.az/en/post/1158],0,No published compliance-cost figure identified,0,https://www.e-gov.az/en/content/read/217,Azerbaijan e-gov.az and taxes.gov.az confirm Asan Imza Mobile-ID legally binding e-signature (launched 2013) and its next-generation successor SIMA (from 2022) under state agencies.
580,Diia digital identity & services platform,Diia,Ministry of Digital Transformation of Ukraine,Ministry of Digital Transformation of Ukraine,public,2020,2020,,in force,national,govt-referenced-standard,voluntary,hybrid,data-credential-model,standalone-silo,Identity and personal security,"Fraud, forgery & impersonation",high,Digital identity & civil registration,high,e-government / civil identity,Adjacent: Identity & PKI,identity,exclusion from digital public services; document fraud,adjacent context,Not established from primary sources accessed this session.,"21+ million unique users as of Oct 30, 2024 (~81% of Ukraine's adult population); 24 digital documents and 30+ services available; 15,000+ government agencies/companies integrated with Diia services. [https://www.kmu.gov.ua/en/news/ponad-21-milion-ukraintsiv-korystuiutsia-diieiu-de-dostupni-24-dokumenty-ta-ponad-30-servisiv]",1,No verdict-worded outcome study found from a primary source this session (omitted rather than guessed). [https://www.kmu.gov.ua/en/news/ponad-21-milion-ukraintsiv-korystuiutsia-diieiu-de-dostupni-24-dokumenty-ta-ponad-30-servisiv],0,No published compliance-cost figure identified,0,https://diia.gov.ua/,Ukraine government (kmu.gov.ua / diia.gov.ua) confirms Diia digital ID and services platform run by the Ministry of Digital Transformation (launched 2020; digital passports made legally equal to physical in 2021).
581,Unified Identification & Authentication System (Gosuslugi) & Unified Biometric System,ESIA / EBS,"Ministry of Digital Development, Communications and Mass Media of the Russian Federation; operator Rostelecom (EBS via the Center for Biometric Technologies)",Ministry of Digital Development,public,2011,2011,,in force,national,govt-referenced-standard,de-facto-required-for-market-access,mandate-driven,data-credential-model,standalone-silo,Identity and personal security,"Fraud, forgery & impersonation",high,Digital identity & civil registration,high,e-government / financial services,Adjacent: Identity & PKI,identity,identity fraud and surveillance-linked exclusion from services,adjacent context,Not established from primary sources accessed this session.,"Unified Biometric System (EBS, operated by Rostelecom): 195.6 million biometric payments in 2025 vs 33.1 million in 2024 (~6x growth), per EBS's own 2025 year-end report; separately reported ~10 million registered Russian users by April 2026, with ~70% of self-registrations occurring in 2025. [https://ebs.ru/news/?ELEMENT_ID=5353272]",1,No verdict-worded outcome finding located in primary EBS materials this session. [https://ebs.ru/news/?ELEMENT_ID=5353272],0,No published compliance-cost figure identified,0,https://www.rtlabs.ru/en/about/news/v-rossii-zapushchena-edinaya-biometricheskaya-sistema-/,"Rostelecom operator site (rtlabs.ru) confirms Russia's Unified Biometric System (EBS, launched 2018) alongside the ESIA/Gosuslugi identification-authentication system (ESIA created 2011); owner Ministry of Digital Development, operator Rostelecom."
582,eGov Digital ID / eGov Mobile (Kazakhstan) & OneID (Uzbekistan),eGov / OneID,"Kazakhstan: Ministry of Digital Development (eGov, operator JSC National Information Technologies); Uzbekistan: OneID unified identification system under e-gov.uz (Ministry of Digital Technologies)",Kazakhstan: Ministry of Digital Development ; Uzbekistan: OneID unified identification system under e-gov.uz,public,2016,2016,,in force,national,govt-referenced-standard,de-facto-required-for-market-access,mandate-driven,identifier,standalone-silo,Identity and personal security,"Fraud, forgery & impersonation",high,Digital identity & civil registration,high,e-government / civil identity,Adjacent: Identity & PKI,identity,exclusion from digital public services; identity fraud,adjacent context,Not established from primary sources accessed this session.,"Kazakhstan (2025, official NITEC/egov.kz data): eGov.kz portal 15.1 million registered users (610,000 new in 2025); eGov Mobile app 11.7 million total users, 6.4 million monthly active users, 671,000 daily users; 51.5 million total online public services delivered in 2025 (~220+ digital services on the app, ~90% of public services available online). Uzbekistan OneID (per official e-gov.uz achievements page): 136 government/other systems connected to the Single Identification System; user numbers grew 2.5x compared to 2020. [https://egov.kz/cms/en/news/2025_results]",1,"NITEC leadership stated 'the consistent annual growth in services accessed via the eGov Mobile application proves the effectiveness of the efforts undertaken' (qualitative, not an independent verdict). [https://egov.kz/cms/en/news/2025_results]",1,No published compliance-cost figure identified,0,https://id.egov.uz/en/,"Official id.egov.uz confirms Uzbekistan's OneID unified government identification/SSO system, and egov.kz confirms Kazakhstan's eGov Mobile digital ID; both are national government-operated identity platforms."
583,Sistema de Identidad Digital / Mi Argentina,SID / Mi Argentina,"Registro Nacional de las Personas (RENAPER), Ministerio del Interior, Argentina",Registro Nacional de las Personas,public,2018,2018,,in force,national,govt-referenced-standard,voluntary,hybrid,data-credential-model,standalone-silo,Identity and personal security,"Fraud, forgery & impersonation",high,Digital identity & civil registration,high,e-government / civil identity,Adjacent: Identity & PKI,identity,remote identity fraud; exclusion from services,adjacent context,RENAPER biometric national ID (DNI) registry,"Over 17 million users nationwide as of November 2022, per the Argentine government's own announcement (Secretariat of Public Innovation), on the occasion of Mi Argentina receiving the 2022 ExcelGOB Award for best digital-transformation solution in Latin America and the Caribbean (Red GEALC, Lima, Nov 10-11, 2022). Later press reports (not independently verified against a primary government source this session) cite over 20 million users. [https://www.argentina.gob.ar/noticias/la-app-mi-argentina-fue-premiada-como-la-mejor-solucion-en-transformacion-digital-de]",1,Not established from primary sources accessed this session. [https://www.argentina.gob.ar/noticias/la-app-mi-argentina-fue-premiada-como-la-mejor-solucion-en-transformacion-digital-de],0,No published compliance-cost figure identified,0,https://www.argentina.gob.ar/interior/renaper/sid-sistema-de-identidad-digital,"Argentina RENAPER official page confirms the Sistema de Identidad Digital (SID) for remote identity validation, integrated with the Mi Argentina platform; owner RENAPER (Ministry of Interior)."
584,RENIEC electronic national ID (DNI electronico),DNIe / RENIEC,"Registro Nacional de Identificacion y Estado Civil (RENIEC), Peru",Registro Nacional de Identificacion y Estado Civil,public,2013,2013,,in force,national,binding-regulation,mandatory,mandate-driven,identifier,standalone-silo,Identity and personal security,"Fraud, forgery & impersonation",high,Digital identity & civil registration,high,civil identity / public administration,Adjacent: Identity & PKI,identity,identity fraud; exclusion of unregistered persons,adjacent context,ICAO Doc 9303; ISO/IEC 7816 (smart-card eID),"RENIEC issued 8,081,340 total DNI documents in 2025 (highest annual figure in six years; vs. 6,758,331 in 2024, 6,893,092 in 2023), of which 4,940,083 were electronic DNI (DNIe). Separately, the new DNIe 3.0 version (launched April 2025) reached 1 million users by August 15, 2025, four months after launch, led by Lima (952,000). [https://identidad.reniec.gob.pe/b/reniec-emitio-mas-de-8-millones-de-dni-en-peru-y-el-extranjero-durante-el-2025]",1,Not established from primary sources accessed this session. [https://identidad.reniec.gob.pe/b/reniec-emitio-mas-de-8-millones-de-dni-en-peru-y-el-extranjero-durante-el-2025],0,No published compliance-cost figure identified,0,https://identidad.reniec.gob.pe/dni-electronico,"RENIEC official pages confirm Peru's electronic DNI (DNIe, launched 2013; DNIe 3.0 current), issued by RENIEC as the statutory national identity/civil-registry authority."
585,UN Transparency Protocol,UNTP,"UN/CEFACT (UN Centre for Trade Facilitation and Electronic Business), UNECE",UN/CEFACT,public,2025,2025,,phased-in,global-multilateral,voluntary-consensus-standard,voluntary,hybrid,traceability-exchange-protocol,mutual-recognition,Product integrity,Greenwashing & ESG/climate misrepresentation,high,"Trade, customs & logistics",high,cross-sector supply chains / trade,Adjacent: Content & Information,"origin-provenance,sustainability-carbon,compliance-conformity,chain-of-custody",greenwashing and unverifiable sustainability/origin claims,adjacent context,"W3C Verifiable Credentials, W3C DIDs, GS1 identifiers, UN/CEFACT standards","Pilots reported in textiles/garments, agriculture/food systems, and environmental reporting, but UNECE's own FAQ names no specific countries, companies, or quantified results; protocol remains pre-production (v0.7.0) as of this session, with v1.0 targeted for Sept 1, 2026. [https://untp.unece.org/docs/about/FAQ/]",1,No published outcome/effectiveness verdict found; UNECE's own materials state pilot results are not yet publicly quantified. [https://untp.unece.org/docs/about/FAQ/],0,No published compliance-cost figure identified,0,https://untp.unece.org/docs/about/,"UNECE UNTP site confirms UN/CEFACT formally adopted the UN Transparency Protocol as Recommendation No. 49 in July 2025; a verifiable-credential supply-chain transparency/traceability protocol, in pre-production pilot and public review."
586,Key Event Receipt Infrastructure & Authentic Chained Data Containers,KERI; ACDC,Trust over IP Foundation (ToIP) ACDC Task Force; IETF individual draft draft-ssmith-acdc (editor Samuel M. Smith),Trust over IP Foundation ACDC Task Force; IETF individual draft draft-ssmith-acdc,NGO-multistakeholder,2021,2021,,proposed,global-multilateral,voluntary-consensus-standard,voluntary,market-driven,identifier,mutual-recognition,Identity and personal security,"Fraud, forgery & impersonation",high,Digital identity & civil registration,high,digital identity / decentralized trust,Adjacent: Identity & PKI,"identity,authenticity-anti-counterfeit,chain-of-custody",credential forgery and impersonation in decentralized identity,adjacent context,Self-certifying identifiers; W3C DIDs/VCs; CESR encoding; underpins GLEIF vLEI,8 Qualified vLEI Issuing Organizations accredited by GLEIF on the KERI/ACDC-based vLEI ecosystem as of this session (Provenant Dec 2022; CFCA and FINEMA Feb 2025; Certizen Mar 2025; Global vLEI May 2025; TradeGo Jun 2025; TOPPAN Edge Sep 2025; SHECA Oct 2025). [https://www.gleif.org/en/organizational-identity/get-a-vlei-list-of-qualified-vlei-issuing-organizations],1,Not established from primary sources accessed this session. [https://www.gleif.org/en/organizational-identity/get-a-vlei-list-of-qualified-vlei-issuing-organizations],0,No published compliance-cost figure identified,0,https://trustoverip.org/blog/2024/03/21/authentic-chained-data-containers-acdc-task-force-announces-public-review/,"ToIP blog (21 Mar 2024) and IETF draft-ssmith-acdc confirm the ACDC specification developed by the ToIP ACDC Task Force / IETF (editor S. Smith), built on KERI key-event infrastructure; in public review / Internet-Draft status."
587,Telephony caller-identity authentication (STIR/SHAKEN),STIR/SHAKEN,IETF STIR Working Group (STIR) + ATIS/SIP Forum IP-NNI Task Force (SHAKEN); implementation mandated by the US FCC under the TRACED Act,IETF STIR Working Group + ATIS/SIP Forum IP-NNI Task Force ; implementation mandated by the US FCC under the TRACED Act,hybrid,2021,2021,,in force,national,govt-referenced-standard,mandatory,mandate-driven,data-credential-model,mutual-recognition,Identity and personal security,"Fraud, forgery & impersonation",high,Digital identity & civil registration,high,telecommunications,Adjacent: Identity & PKI,"identity,authenticity-anti-counterfeit",caller-ID spoofing and robocall fraud,adjacent context,"IETF STIR (RFC 8224/8225/8226), SIP, X.509 PKI; ATIS-1000074 (SHAKEN)","~84% of major U.S. voice provider call traffic was signed/verified via STIR/SHAKEN by mid-2025 (FCC Triennial Report, Dec 19, 2025); separately, TNS's industry report found over 63% of wanted intercarrier calls were signed as legitimate by end of H1 2022 (up 10 points from end-2021). [https://docs.fcc.gov/public/attachments/DOC-416732A1.pdf]",1,"MIXED. FCC's Dec 19, 2025 Triennial Report on the Efficacy of Call-Authentication Technologies concluded STIR/SHAKEN 'effectively authenticates caller ID information' when correctly implemented, but flagged major real-world gaps: only 4.2% fewer robocalls in 2024 vs. 2023 and a 22% drop in scam calls (modest), alongside a 68% decline in FTC robocall complaints FY2021-2024 (3.4M to 1.1M) attributable to the broader anti-robocall campaign; however honeypot/production data showed scam calls received 'A-level' (highest trust) attestation over 50% of the time and 43% of spam traffic carried A-level signatures, undermining the framework's value. The FCC explicitly stated STIR/SHAKEN is 'not a silver bullet.' TNS's 2022 Robocall Report similarly found only an 8% robocall volume decline (37.9B to 34.9B calls in H1 2022) despite carrier-side adoption, as bad actors shifted to smaller/alternative networks. [https://docs.fcc.gov/public/attachments/DOC-416732A1.pdf]",1,No published compliance-cost figure identified,0,https://www.fcc.gov/call-authentication,"FCC call-authentication page confirms STIR (IETF)/SHAKEN (ATIS/SIP Forum) caller-ID authentication mandated under the TRACED Act, with a 30 June 2021 compliance deadline for major voice providers."
588,Galileo Open Service Navigation Message Authentication,OSNMA,EU Agency for the Space Programme (EUSPA) / European Commission; operated via the European GNSS Service Centre (GSC),EU Agency for the Space Programme / European Commission; operated via the European GNSS Service Centre,public,2025,2025,,in force,global-multilateral,govt-referenced-standard,voluntary,hybrid,data-credential-model,standalone-silo,Product integrity,Counterfeiting & falsification,high,Cross-sector conformity assessment & accreditation,medium,GNSS / positioning-navigation-timing / critical infrastructure,Cross-sector Horizontal,"authenticity-anti-counterfeit,origin-provenance",GNSS spoofing falsifying position/time for critical systems,component standard,TESLA authentication protocol; Galileo OS SIS ICD,"OSNMA Initial Service was declared operational on July 24, 2025, following a Public Observation Phase that began Nov 15, 2021; it became mandatory for EU Smart Tachograph version 2 devices as of that operational declaration; a list of OSNMA-capable receivers is maintained by the European GNSS Service Centre (GSC), and a Sept 1, 2025 EUSPA webinar on the service drew 300+ participants. [https://www.gsc-europa.eu/galileo/services/galileo-open-service-navigation-message-authentication-osnma]",1,No quantified spoofing-detection effectiveness figures found in primary EU sources accessed this session. [https://www.gsc-europa.eu/galileo/services/galileo-open-service-navigation-message-authentication-osnma],0,No published compliance-cost figure identified,0,https://www.gsc-europa.eu/galileo/services/galileo-open-service-navigation-message-authentication-osnma,GSC Europa official page confirms Galileo OSNMA authenticates Open Service navigation messages against spoofing; Initial Service declared operational 24 July 2025; owned by EUSPA/European Commission and run via the GSC.
589,Country Signing CA and CSCA Master List (ICAO PKD),CSCA,International Civil Aviation Organization (ICAO),International Civil Aviation Organization,public,2007,2007,,in force,global-multilateral,accreditation-or-mutual-recognition-arrangement,de-facto-required-for-market-access,mandate-driven,governance-mutual-recognition,mutual-recognition,Product integrity,Counterfeiting & falsification,high,Digital identity & civil registration,high,travel documents / border control,Cross-sector Horizontal,"identity,authenticity-anti-counterfeit",passport forgery and identity fraud at borders,peer framework,ICAO Doc 9303 (Machine Readable Travel Documents); X.509 PKI,"110 countries/entities participate in the ICAO PKD as of this session, up from 6 founding members at the March 19, 2007 launch, 25 members by end-2010, and the 100th participant (Ethiopia) joining Nov 1, 2024; most recent joiner is Paraguay (June 4, 2026). [https://www.icao.int/icao-pkd/participants]",1,Not established from primary sources accessed this session. [https://www.icao.int/icao-pkd/participants],0,No published compliance-cost figure identified,0,https://www.icao.int/icao-pkd/icao-master-list,"ICAO PKD page confirms ICAO manages the CSCA Master List (566 CSCA certificates as of 20 May 2026, ICAO-signed) under Doc 9303 to distribute trust anchors for ePassport authentication."
590,EU Trusted Lists and List of Trusted Lists,LOTL (EU Trusted Lists),European Commission (under the eIDAS Regulation 910/2014),European Union,public,2016,2016,,in force,regional,accreditation-or-mutual-recognition-arrangement,mandatory,mandate-driven,governance-mutual-recognition,mutual-recognition,Identity and personal security,"Fraud, forgery & impersonation",high,Digital identity & civil registration,high,trust services / electronic signatures,Adjacent: Legal & Notarial,"identity,authenticity-anti-counterfeit,compliance-conformity",unverifiable e-signatures and trust-service fraud,adjacent context,eIDAS Regulation 910/2014 (Art 22(4)); Commission Implementing Decision 2015/1505; ETSI TS 119 612,"As of a July 3, 2026 European Commission update, the newer Third Countries AdES List of Trusted Lists (TC AdES LOTL) extension had onboarded 2 'frontrunner' countries (Moldova and Ukraine), with roughly 20 additional countries in discussion/onboarding. [https://digital-strategy.ec.europa.eu/en/policies/eu-trusted-lists]",1,Not established from primary sources accessed this session. [https://digital-strategy.ec.europa.eu/en/policies/eu-trusted-lists],0,No published compliance-cost figure identified,0,https://ec.europa.eu/digital-building-blocks/sites/spaces/DIGITAL/pages/467109149/eSignature+List+of+Trusted+Lists,European Commission Digital Building Blocks page confirms the Commission publishes the List of Trusted Lists (LOTL) aggregating Member State trusted lists of trust service providers under eIDAS Art 22(4) and Implementing Decision 2015/1505.
591,Civil Registration and Vital Statistics (UN Principles and Recommendations for a Vital Statistics System),CRVS,"United Nations Statistics Division (UNSD), UN Department of Economic and Social Affairs (DESA)",United Nations Statistics Division,public,2014,2014,,in force,global-multilateral,voluntary-consensus-standard,voluntary,hybrid,identifier,mutual-recognition,Digital systems and data,"Data, research & assurance integrity failure",medium,Digital identity & civil registration,high,civil registration / vital statistics / public administration,Adjacent: Identity & PKI,identity,unregistered births/deaths and absence of legal identity,adjacent context,UN Principles and Recommendations for a Vital Statistics System (Rev.3); SDG target 16.9 (legal identity for all),"Globally, 77% of children under age 5 had their births registered as of UNICEF's Dec 2024 update, up from prior years, but 150 million children (about 2 in 10) remain unregistered. [https://www.unicef.org/press-releases/birth-registration-steadily-increases-worldwide-150-million-children-still-invisible]",1,"MIXED. Strong regional disparity persists despite overall progress: Latin America & Caribbean 95% and Eastern/South-Eastern Asia 94% registered, vs. Central/Southern Asia 78% and Sub-Saharan Africa only 51% (Eastern and Middle Africa only 41%); Sub-Saharan Africa alone accounts for over half of the world's unregistered children (~90 million). An additional 50+ million children have recorded births but lack birth certificates. [https://www.unicef.org/press-releases/birth-registration-steadily-increases-worldwide-150-million-children-still-invisible]",1,No published compliance-cost figure identified,0,https://unstats.un.org/unsd/demographic-social/crvs/,"UN Statistics Division CRVS pages confirm the UN Principles and Recommendations for a Vital Statistics System (Revision 3, 2014) and associated Handbooks as the global normative CRVS standard maintained by UNSD/DESA."
592,OneID unified identification system (Uzbekistan),OneID,"Digital Government Projects Management Center, Ministry of Digital Technologies of Uzbekistan",Digital Government Projects Management Center,public,2020,2020,,in force,national,govt-referenced-standard,de-facto-required-for-market-access,mandate-driven,data-credential-model,standalone-silo,Identity and personal security,"Fraud, forgery & impersonation",high,Digital identity & civil registration,high,government / e-services,Adjacent: Identity & PKI,identity,identity fraud; service exclusion,adjacent context,Cabinet of Ministers Resolution No. 679 of 30 Oct 2020,"136 government and other systems are connected to Uzbekistan's Single Identification System (OneID); the number of users increased 2.5x compared to 2020, per the official e-gov.uz achievements page (exact underlying user count and publication date not independently confirmed this session due to a site access issue). [https://e-gov.uz/en/achievements/136-systems-are-connected-to-the-single-identification-system-oneid-the-number-of-users-has-increased-by-25-times-compared-to-2020-105]",1,Not established from primary sources accessed this session. [https://e-gov.uz/en/achievements/136-systems-are-connected-to-the-single-identification-system-oneid-the-number-of-users-has-increased-by-25-times-compared-to-2020-105],0,No published compliance-cost figure identified,0,https://egov.uz/en/projects/one-id,"Official egov.uz page confirms OneID is Uzbekistan's single 'Digital Government' identification system run by the Digital Government Projects Management Center (Ministry of Digital Technologies), with password/e-signature/mobile/biometric authentication; legal basis Cabinet Resolution No. 679 (30 Oct 2020)."
593,ICAO Country Signing CA Master List (Public Key Directory),CSCA / ICAO PKD,International Civil Aviation Organization (ICAO),International Civil Aviation Organization,public,2007,,https://www.icao.int/icao-pkd/panels,in force,global-multilateral,accreditation-or-mutual-recognition-arrangement,de-facto-required-for-market-access,hybrid,governance-mutual-recognition,mutual-recognition,Product integrity,Counterfeiting & falsification,high,Digital identity & civil registration,high,travel documents / border control / civil aviation,Adjacent: Cybersecurity & Software,"identity,authenticity-anti-counterfeit",passport forgery and identity fraud at borders,adjacent context,ICAO Doc 9303 (Machine Readable Travel Documents); X.509 PKI,"Same dataset as item 'CSCA' above: 110 participating countries/entities as of this session (up from 6 founders in 2007, 25 by end-2010, 100th participant Ethiopia on Nov 1, 2024, most recent Paraguay on June 4, 2026). [https://www.icao.int/icao-pkd/participants]",1,Not established from primary sources accessed this session. [https://www.icao.int/icao-pkd/participants],0,No published compliance-cost figure identified,0,https://www.icao.int/icao-pkd/icao-master-list,"Confirmed via ICAO (icao.int): Master List of CSCA public-key certificates per Doc 9303, signed under UN CSCA, used for e-passport verification; May 2026 version listed 566 certificates. [Batch year-fill: 2007 (ICAO PKD (the trust infrastructure for CSCA certificate/Master List exchange) created by the ICAO Council in 2007; the specific ""ICAO Master List"" product was first issued later, in March 2020.), high confidence. https://www.icao.int/icao-pkd/panels]"
594,NAFDAC Mobile Authentication Service,MAS,"National Agency for Food and Drug Administration and Control (NAFDAC), Nigeria",National Agency for Food and Drug Administration and Control,public,2012,2012,,in force,national,binding-regulation,mandatory,mandate-driven,traceability-exchange-protocol,standalone-silo,Product integrity,Counterfeiting & falsification,high,Pharmaceuticals & medical devices,high,pharmaceuticals,Cross-sector Horizontal,authenticity-anti-counterfeit,counterfeit and falsified medicines,mandate-owner to recognize,Not established from primary sources accessed this session.,"MAS was deployed by NAFDAC in 2010, initially covering antimalarial and antibacterial drug classes; per a 2018 account, the scheme 'was not fully implemented by all relevant stakeholders despite several enforcement deadlines,' and many over-the-counter drugs and infant syrups no longer carry the scratch-off PIN. [https://pmc.ncbi.nlm.nih.gov/articles/PMC6594430/]",1,"INCONCLUSIVE/LIMITED. A peer-reviewed study (Pharmacy Practice journal, June 2019, Vol.17 Iss.2; PMC6594430) surveying 326 Nigerian community pharmacists found only moderate acceptance (53% willing to use MAS, 51% would recommend it, 54% would encourage clients to use it), and identified reliability problems ('points of failure' - no or wrong SMS responses, GSM network downtime, power outages, low consumer SMS proficiency) that undermined trust. One of the MAS service providers interviewed stated there was 'no empirical study to test' whether MAS had actually reduced the prevalence of fake drugs, so the study concluded the technology's real-world impact on counterfeiting 'remains unproven.' [https://pmc.ncbi.nlm.nih.gov/articles/PMC6594430/]",1,No published compliance-cost figure identified,0,https://nafdac.gov.ng/our-services/pharmacovigilance-post-market-surveillance/mobile-authentication-service-mas/,"Confirmed via NAFDAC official page: scratch-panel PIN SMS authentication deployed Jan 2012 for anti-malarials/antibiotics; five licensed MAS providers (Sproxil, PharmaSecure, etc.)."
596,Research Resource Identifier,RRID,SciCrunch / RRID initiative (NIH-supported),SciCrunch / RRID initiative,hybrid,2014,,https://www.rrids.org/news,in force,global-multilateral,NGO-multistakeholder-scheme,voluntary,hybrid,identifier,mutual-recognition,Digital systems and data,"Data, research & assurance integrity failure",high,Research & data integrity,high,scientific research / reproducibility,Adjacent: Identity & PKI,"identity,origin-provenance",irreproducible research and reagent misidentification,adjacent context,(no explicit dependency identified),No published figure identified (checked),0,"Reduced-harm: meta-research study (eLife, 2019) found papers citing RRIDs reported problematic/misidentified cell lines in only 3.3% of cases vs 8.6-8.7% in papers without RRIDs (population proportion z-test, p<0.00001, z=7.3353), across 634 RRID-using papers. [https://elifesciences.org/articles/41676]",1,No published compliance-cost figure identified,0,https://www.rrids.org/rrid-system,"Confirmed via rrids.org/SciCrunch: RRIDs are persistent identifiers for antibodies, cell lines, organisms and tools; operated on SciCrunch, NIH-supported; cited in journal methods sections. [Batch year-fill: 2014 (RRID pilot launched/adopted), high confidence. https://www.rrids.org/news]"
597,MyDigital ID,,Government of Malaysia (National Registration Department / Ministry of Digital),Government of Malaysia,public,2024,,https://www.digital-id.my/en/about,phased-in,national,binding-regulation,de-facto-required-for-market-access,mandate-driven,data-credential-model,standalone-silo,Identity and personal security,"Fraud, forgery & impersonation",high,Digital identity & civil registration,high,e-government / digital identity,Adjacent: Identity & PKI,identity,identity fraud and exclusion from digital services,adjacent context,(no explicit dependency identified),"Almost 10 million registered accounts as of Feb 2026, up from 1.8 million in Feb 2025 and 7.3 million at end-2025; government targets 13M by mid-2026 and 17M by end-2026. [https://www.malaymail.com/amp/news/malaysia/2026/02/12/malaysias-mydigital-id-surges-to-10-million-users-targets-17-million-by-end2026-to-fight-online-scams/209013]",1,No published evaluation identified (checked),0,No published compliance-cost figure identified,0,https://www.malaysia.gov.my/en/register/mydigital-id,"Confirmed via Malaysia.gov.my portal (and Malay Mail/Biometric Update): MyDigital ID is Malaysia's national digital identity; login mandated for certain services (e.g., overseas travel) from 2026. [Batch year-fill: 2024 (MyDigital ID Sdn Bhd, the government agency implementing Malaysia's national digital identity system, was established on 15 January 2024; the public MyDigital ID service was subsequently launched by PM Anwar Ibrahim in 2024.), high confidence. https://www.digital-id.my/en/about]"
598,Mobile Resident Registration Card,,"Ministry of the Interior and Safety, Republic of Korea",Ministry of the Interior and Safety,public,2025,2025,,in force,national,binding-regulation,voluntary,hybrid,data-credential-model,standalone-silo,Identity and personal security,"Fraud, forgery & impersonation",high,Digital identity & civil registration,high,e-government / digital identity,Adjacent: Payments,identity,ID forgery and identity fraud,adjacent context,(no explicit dependency identified),"South Korea completed nationwide rollout in March 2025 (final phase covering Seoul, Busan, Gwangju), extending availability to the full ~52 million-resident population, with 15 major banks equipped to accept the mobile ID; no separate published figure for actual uptake/downloads was found this session. [https://www.nfcw.com/2025/03/20/390299/korean-government-completes-rollout-of-digital-id-cards/]",1,No published evaluation identified (checked),0,No published compliance-cost figure identified,0,https://www.mois.go.kr/eng/bbs/type001/commonSelectBoardArticle.do?bbsId=BBSMSTR_000000000019&nttId=116395,"Confirmed via Ministry of the Interior and Safety (mois.go.kr): Mobile Resident Registration Card available nationwide from 28 March 2025, same legal validity as physical card, issued via GOV.KR (정부24)."
599,Bangladesh National ID (NID) & Porichoy Verification Gateway,NID / Porichoy,Bangladesh Election Commission (NID) and ICT Division / a2i (Porichoy),Bangladesh Election Commission and ICT Division / a2i,public,2019,2019,,in force,national,binding-regulation,de-facto-required-for-market-access,mandate-driven,traceability-exchange-protocol,mutual-recognition,Identity and personal security,"Fraud, forgery & impersonation",high,Digital identity & civil registration,high,e-government / KYC / financial inclusion,Adjacent: Identity & PKI,identity,NID forgery and identity fraud,adjacent context,(no explicit dependency identified),"Bangladesh Election Commission's final voter list (which underlies the NID system) recorded 127,695,183 registered NID/voter records as of 18 November 2025 (64.8M men, 62.9M women, 1,234 third-gender), a 3.2% increase over the March 2025 count of 123.7 million. No standalone adoption/transaction-volume figures were found for the Porichoy gateway API specifically. [https://www.thedailystar.net/news/bangladesh/elections/news/ec-publishes-final-voter-list-around-1277-crore-voters-4037836]",1,No published evaluation identified (checked),0,No published compliance-cost figure identified,0,https://services.nidw.gov.bd/nid-pub/,Confirmed via official NID portal (nidw.gov.bd) and Bangla Tribune: NID issued by Election Commission; Porichoy verification gateway launched 17 July 2019 by ICT Division/a2i for instant NID verification by public/private orgs.
600,Computerised National Identity Card & Pak Identity Digital ID,CNIC / Pak ID,"National Database and Registration Authority (NADRA), Pakistan",National Database and Registration Authority,public,2025,2025,,in force,national,binding-regulation,mandatory,mandate-driven,data-credential-model,standalone-silo,Product integrity,Counterfeiting & falsification,high,Digital identity & civil registration,high,e-government / digital identity,Adjacent: Payments,"identity,authenticity-anti-counterfeit",identity fraud and exclusion from services,adjacent context,(no explicit dependency identified),"NADRA reports 227 million citizens registered (CNIC), reaching ~97% national coverage as of its annual report (published Feb 2026); separately, the Pak ID mobile app was used by 500,000+ citizens in Oct-Nov 2025 alone (270,000+ CNIC transactions, 70,000+ FRC, 49,000+ NICOP, 83,000+ B-Form). [https://www.radio.gov.pk/22-02-2026/227m-citizens-registered-with-nadra-coverage-reaches-to-97]",1,No published evaluation identified (checked),0,No published compliance-cost figure identified,0,https://www.nadra.gov.pk/identityDocument/cnic,"Confirmed via NADRA (nadra.gov.pk) and Biometric Update: CNIC issued by NADRA; NADRA Digital Identity Regulations 2025 give digital credentials same legal status as physical, with mandatory acceptance."
601,Sri Lanka Unique Digital Identity,SLUDI,"Information and Communication Technology Agency (ICTA) / Ministry of Digital Economy, Sri Lanka",Information and Communication Technology Agency / Ministry of Digital Economy,public,2025,2025,,proposed,national,binding-regulation,mandatory,mandate-driven,data-credential-model,standalone-silo,Identity and personal security,"Fraud, forgery & impersonation",high,Digital identity & civil registration,high,e-government / digital identity,Adjacent: Identity & PKI,identity,identity fraud and digital exclusion,adjacent context,Built on MOSIP (Modular Open Source Identity Platform) as the core technology framework.,"Not yet at scale: as of 30 September 2025, physical project progress stood at only 20% (cumulative spend Rs. 92.19M of a Rs. 14,000M budget); production system targeted to go live roughly a year later. Pilot phases ran from 2021. [https://www.icta.lk/projects/digital-government/sludi]",0,No published evaluation identified (checked),0,No published compliance-cost figure identified,0,https://www.icta.lk/projects/digitalizing-government/sludi,"Confirmed via ICTA (icta.lk) and Ministry of Digital Economy (mode.gov.lk): SLUDI is Sri Lanka's national electronic identity card project led by ICTA, in implementation as of 2025 (not yet issued to citizens)."
602,TW FidO Mobile Natural Person Certificate,TW FidO,"Ministry of the Interior (MOICA Certificate Management Center), Taiwan",Ministry of the Interior,public,2022,,https://moica.nat.gov.tw/what.html,in force,national,govt-referenced-standard,voluntary,hybrid,data-credential-model,standalone-silo,Identity and personal security,"Fraud, forgery & impersonation",high,Digital identity & civil registration,high,e-government / authentication,Adjacent: Identity & PKI,"identity,authenticity-anti-counterfeit",account takeover and identity fraud in e-government,adjacent context,FIDO Alliance authentication standards; MOICA Citizen Digital Certificate PKI,"As of reporting in April 2025, TW FidO was integrated into more than 170 government department systems, enabling access to 238+ integrated public services (user/download counts not published). [https://topics.amcham.com.tw/2025/04/taiwans-digitize-national-ids/]",1,No published evaluation identified (checked),0,No published compliance-cost figure identified,0,https://fido.moi.gov.tw/,"Confirmed via Google Play (developer MOICA Certificate Management Center, Ministry of the Interior) and fido.moi.gov.tw: TW FidO is Taiwan's mobile natural person certificate providing passwordless FIDO/biometric authentication for government e-services. [Batch year-fill: 2022 (Official launch of the 行動自然人憑證 (Mobile Natural Person Certificate) APP, branded TW FidO, by MOICA (Ministry of the Interior Certificate Management Center) on 2022-02-16 (ROC 111年2月16日). Note: the underlying FIDO standard was first adopted by MOICA in 2019 for an earlier identity-verification-only app, but the current TW FidO Mobile Natural Person Certificate (combining certificate signing + FIDO) was established in 2022.), high confidence. https://moica.nat.gov.tw/what.html]"
603,iAM Smart,,"Digital Policy Office (formerly OGCIO), Government of the Hong Kong SAR",Digital Policy Office,public,2020,2020,,in force,national,govt-referenced-standard,voluntary,hybrid,data-credential-model,standalone-silo,Identity and personal security,"Fraud, forgery & impersonation",high,Digital identity & civil registration,high,e-government / digital identity,Adjacent: Identity & PKI,identity,identity fraud and weak online authentication,adjacent context,(no explicit dependency identified),"Over 4 million registered users as of 23 December 2025 (Hong Kong population ~7.5M), with daily usage exceeding 180,000 and integration with more than 1,300 online government/public/private services, achieving a 'single portal for online government services.' [https://www.info.gov.hk/gia/general/202512/23/P2025122300274.htm]",1,No published evaluation identified (checked),0,No published compliance-cost figure identified,0,https://www.info.gov.hk/gia/general/202012/29/P2020122900647.htm,"Confirmed via HKSAR Government press release (info.gov.hk): iAM Smart launched 29 Dec 2020 by OGCIO (now Digital Policy Office), providing a single digital identity, digital signature and form-filling for online services."
604,Nepal National Identity Card (Rastriya Parichaya Patra),NID,"Department of National ID and Civil Registration (DoNIDCR), Ministry of Home Affairs, Nepal",Department of National ID and Civil Registration,public,2019,2019,,phased-in,national,binding-regulation,mandatory,mandate-driven,identifier,standalone-silo,Identity and personal security,"Fraud, forgery & impersonation",high,Digital identity & civil registration,high,Government / civil registration & identity,Adjacent: Payments,identity,Identity fraud; exclusion from public services,adjacent context,(no explicit dependency identified),"As of reporting in 2025, 6.23 million cards had been printed and only 2.31 million actually collected, out of 17.21 million registered applicants — a ~34% collection rate, meaning roughly 65.7% of registrants had not collected their cards. [https://www.biometricupdate.com/202505/nearly-66-of-nepal-citizens-have-not-collected-national-id-cards]",1,No published evaluation identified (checked),0,No published compliance-cost figure identified,0,https://donidcr.gov.np/Home/NationalIDFurtherDetails,"Confirmed on official DoNIDCR site: biometric National Identity Card issued by DoNIDCR (Ministry of Home Affairs) under the National Identity Card and Registration Act, 2076 (2019); IDEMIA-supplied smart card."
605,Aadhaar e-KYC API,e-KYC,Unique Identification Authority of India (UIDAI),Unique Identification Authority of India,public,2012,,https://www.medianama.com/2012/09/223-uidai-rolls-out-api-for-e-kyc-verification/,in force,national,govt-referenced-standard,de-facto-required-for-market-access,hybrid,traceability-exchange-protocol,standalone-silo,Identity and personal security,"Fraud, forgery & impersonation",high,Digital identity & civil registration,high,Digital identity / financial onboarding,Adjacent: Identity & PKI,identity,Identity fraud; KYC/onboarding fraud,adjacent context,"Aadhaar (Targeted Delivery of Financial and Other Subsidies, Benefits and Services) Act 2016","UIDAI reports FY2024-25 total Aadhaar authentication transactions surpassed 2,707 crore (27.07 billion; 14.8 billion cumulative since inception); Aadhaar e-KYC transactions reached 44.63 crore (446.3 million) in March 2025 alone (+6% YoY), with cumulative e-KYC transactions of 2,356 crore (23.56 billion) as of 31 March 2025. [https://www.pib.gov.in/PressReleasePage.aspx?PRID=2124910&reg=3&lang=2]",1,No published evaluation identified (checked),0,No published compliance-cost figure identified,0,https://uidai.gov.in/en/ecosystem/authentication-ecosystem.html,"Confirmed on UIDAI authentication-ecosystem page that UIDAI provides an Aadhaar e-KYC service/API (OTP and/or biometric) distinct from the base Aadhaar identifier; source did not state a launch year. [Batch year-fill: 2012 (first released/published), high confidence. https://www.medianama.com/2012/09/223-uidai-rolls-out-api-for-e-kyc-verification/]"
606,UK Electronic Identification and Trust Services for Electronic Transactions Regulations 2016 (UK eIDAS) / UK Trusted List,UK eIDAS,"UK Government (Department for Science, Innovation and Technology; supervisory body: Information Commissioner's Office)",UK Government,public,2016,2016,,in force,national,binding-regulation,mandatory,mandate-driven,mandating-regulation,standalone-silo,Identity and personal security,"Fraud, forgery & impersonation",high,"Legal, notarial & e-commerce",high,Digital trust / e-commerce,Adjacent: Legal & Notarial,"identity,authenticity-anti-counterfeit",E-transaction fraud; unreliable e-signatures,adjacent context,EU Regulation 910/2014 (eIDAS),"As of the UK government's 2025 'Adoption of Trust Services' response, there are zero UK-qualified trust service providers (QTSPs) registered on the UK Trusted List; the UK trust-services market (est. £136 million revenue in 2023-24) instead relies on EU-certified QTSPs, and only ~34% of digital verification providers in the UK offer any form of trust service. [https://www.gov.uk/government/calls-for-evidence/adoption-of-trust-services-call-for-views/outcome/adoption-of-trust-services-government-response]",1,No published evaluation identified (checked),0,No published compliance-cost figure identified,0,https://www.legislation.gov.uk/uksi/2016/696/contents,Confirmed on legislation.gov.uk that SI 2016/696 implements EU 910/2014 on e-ID and trust services; amended by SI 2019/89 (EU Exit) creating the standalone post-Brexit UK regime and UK trusted list.
607,ISO/IEC 19989 (Parts 1-3) - Security evaluation of biometric systems,,ISO/IEC JTC 1/SC 27 (with SC 37),ISO / IEC,hybrid,2020,2020,,in force,global-multilateral,voluntary-consensus-standard,voluntary,market-driven,conformity-assessment-certification,mutual-recognition,Digital systems and data,Cybersecurity compromise & data interception,high,Digital identity & civil registration,high,Biometrics / information security,Adjacent: Identity & PKI,"identity,compliance-conformity",Biometric spoofing / presentation attacks undermining identity assurance,adjacent context,ISO/IEC 15408 (Common Criteria); ISO/IEC 30107,No published figure identified (checked),0,No published evaluation identified (checked),0,No published compliance-cost figure identified,0,https://www.iso.org/standard/72402.html,"Confirmed on iso.org that ISO/IEC 19989-1/-2/-3:2020 give criteria and methodology for security evaluation of biometric systems, incl. presentation attack detection, aligned to Common Criteria."
608,ISO/IEC 29794 series - Biometric sample quality,,ISO/IEC JTC 1/SC 37 (Biometrics),ISO / IEC,hybrid,2024,2024,,in force,global-multilateral,voluntary-consensus-standard,voluntary,market-driven,data-credential-model,mutual-recognition,Digital systems and data,AI safety & governance failure,high,Digital identity & civil registration,high,Biometrics,Adjacent: Identity & PKI,identity,Poor biometric sample quality causing false accept/reject and matching failures,adjacent context,ISO/IEC 19794 (biometric data interchange formats),No published figure identified (checked),0,No published evaluation identified (checked),0,No published compliance-cost figure identified,0,https://www.iso.org/standard/79519.html,Confirmed on iso.org the ISO/IEC 29794 biometric sample-quality series (Part 1:2024 framework; plus finger/face/iris parts).
609,ISO/IEC 2382-37 - Information technology - Vocabulary - Part 37: Biometrics,,ISO/IEC JTC 1/SC 37 (Biometrics),ISO / IEC,hybrid,2022,2022,,in force,global-multilateral,voluntary-consensus-standard,voluntary,market-driven,governance-mutual-recognition,mutual-recognition,System interoperability,Interoperability & fragmentation failure,high,Digital identity & civil registration,high,Biometrics,Adjacent: Identity & PKI,identity,Inconsistent terminology causing non-interoperable biometric systems,adjacent context,"Part 37 of the broader ISO/IEC 2382 'Information technology — Vocabulary' series; functions as the foundational terminology/definitions standard under ISO/IEC JTC 1/SC 37 that other biometric standards (e.g., ISO/IEC 19794, 29794, 19989, 30107) reference and build upon.",No published figure identified (checked),0,No published evaluation identified (checked),0,No published compliance-cost figure identified,0,https://www.iso.org/standard/73514.html,Confirmed on iso.org that ISO/IEC 2382-37:2022 is the harmonized biometrics vocabulary (Information technology - Vocabulary - Part 37: Biometrics).
610,ANSI/NIST-ITL 1-2011 (Update 2015) - Data Format for the Interchange of Biometric Information,,"National Institute of Standards and Technology (NIST), USA",NIST,public,2011,2011,,in force,national,govt-referenced-standard,de-facto-required-for-market-access,hybrid,traceability-exchange-protocol,mutual-recognition,System interoperability,Interoperability & fragmentation failure,high,Digital identity & civil registration,high,Biometrics / law enforcement / forensics,Adjacent: Identity & PKI,identity,Misidentification; failure to interoperate forensic/biometric data across systems,adjacent context,Aligned with ISO/IEC 39794 / ISO/IEC 19794,"Adopted as INTERPOL's mandatory exchange format: INTERPOL created its NIST-format fingerprint exchange form in 1994, which was adopted as a national standard by 15 countries and endorsed by the European committee in 1998; by 2000 INTERPOL's AFIS gateway required 'All notices in NIST format,' and its 2011 gateway upgrade accepted all INT-I (NIST-derived) versions for automated searching across member countries. [https://www.nist.gov/system/files/documents/2021/03/18/ansi-nist_archived_2010_interpol.pdf]",1,"INTERPOL reported approximately 70% of data received in NIST format achieved better quality and smaller file size versus non-standard formats -- a reduced-harm (data-quality) finding, though not a fraud/crime outcome metric. [https://www.nist.gov/system/files/documents/2021/03/18/ansi-nist_archived_2010_interpol.pdf]",1,No published compliance-cost figure identified,0,https://www.nist.gov/programs-projects/ansinist-itl-standard,"Confirmed on nist.gov that ANSI/NIST-ITL 1-2011 (NIST SP 500-290, Update 2015) is the Data Format for the Interchange of Fingerprint, Facial & Other Biometric Information."
611,GrapeNet,GrapeNet,"Agricultural and Processed Food Products Export Development Authority (APEDA), Ministry of Commerce & Industry, Government of India",Agricultural and Processed Food Products Export Development Authority,public,2006,2006,,in force,national,govt-referenced-standard,de-facto-required-for-market-access,mandate-driven,traceability-exchange-protocol,standalone-silo,Product integrity,Unsafe or non-compliant products,high,"Food, agriculture & beverages",high,agri-food (fresh grape exports),Trade & Customs,"origin-provenance,safety,compliance-conformity,chain-of-custody",pesticide-residue exceedances / unsafe produce rejected at EU border; export-market loss,peer framework,EU maximum residue level (MRL) regulations; APEDA residue-monitoring plan,"As of the current APEDA traceability portal: 40,000+ registered farmers, 100+ packing houses, 100+ exporters, 20+ laboratories, and 32 district-level state officials; every grape consignment exported to the EU has been tracked through GrapeNet since its 2007 launch. Won India's National e-Governance Gold Award (2007-08) and the eASIA award (2009). [https://traceability.apeda.gov.in/APEDATrustChain/GrapeNet/index.html]",1,No published evaluation identified (checked),0,No published compliance-cost figure identified,0,https://traceability.apeda.gov.in/APEDATrustChain/GrapeNet/index.html,"Confirmed on APEDA's official traceability portal: GrapeNet is a blockchain-enabled web certification/traceability system for India-to-EU fresh grape exports with plot-level residue monitoring, mandatory (no export certificate issued outside it), operating since 2006-08."
612,National Programme for Organic Production,NPOP,"Agricultural and Processed Food Products Export Development Authority (APEDA), Ministry of Commerce & Industry, Government of India",Agricultural and Processed Food Products Export Development Authority,public,2001,,https://www.pib.gov.in/PressReleasePage.aspx?PRID=2148991&reg=3&lang=2,in force,national,accreditation-or-mutual-recognition-arrangement,de-facto-required-for-market-access,hybrid,accreditation,mutual-recognition,Identity and personal security,"Fraud, forgery & impersonation",high,"Food, agriculture & beverages",high,agri-food / organic,Trade & Customs,"compliance-conformity,sustainability-carbon,origin-provenance",mislabelled or fraudulent organic products; loss of export equivalence,peer framework,EU organic equivalence recognition; Codex/IFOAM organic principles,"Per APEDA's own 2024-25 NPOP data: 3,968,038 hectares of total certified/in-conversion/wild-harvest farm area, 4,699,793 MT of certified production, and 12,637 certified operators (5,009 individual farms, 5,566 grower groups covering 2,184,807 farmers, 1,324 processors, 611 traders, 127 wild operators). A July 2025 APEDA/Ministry of Commerce press release cites 4,712 active organic grower groups, 1,929,243 farmers, and 37 accredited certification bodies across 31 States/UTs. [https://npop.apeda.gov.in/organic-certification-data-under-npop-2024-25]",1,No published evaluation identified (checked),0,No published compliance-cost figure identified,0,https://apeda.gov.in/national-programme-for-organic-production-npop,"Confirmed on APEDA's official NPOP page: NPOP accredits certification bodies and sets organic-production standards; recognized by the European Commission and Switzerland as equivalent for unprocessed plant products. Establishment year not stated on the accessed page. [Batch year-fill: 2001 (launched/adopted), high confidence. https://www.pib.gov.in/PressReleasePage.aspx?PRID=2148991&reg=3&lang=2]"
613,TradeTrust,TradeTrust,"Infocomm Media Development Authority (IMDA), Government of Singapore",Infocomm Media Development Authority,public,2021,2021,,in force,global-multilateral,govt-referenced-standard,voluntary,hybrid,data-credential-model,mutual-recognition,Product integrity,Counterfeiting & falsification,high,"Trade, customs & logistics",high,cross-border trade / trade documentation,Adjacent: Legal & Notarial,"authenticity-anti-counterfeit,origin-provenance,chain-of-custody",trade-document fraud/forgery; cost and friction of paper trade documents,adjacent context,UNCITRAL Model Law on Electronic Transferable Records (MLETR); W3C Verifiable Credentials; OpenAttestation,"Per Singapore's IMDA (the scheme owner): live cross-border pilots/transactions completed with Rotterdam, Australia, China/Shenzhen, Abu Dhabi (2021), and China, Thailand, India (2023), plus first paperless cross-border electronic transferable record (ExxonMobil Asia Pacific, March 2023) and first live eBL between Singapore and India (August 2023). TradeTrust connects to Ethereum, Polygon and XDC blockchain networks; partners include DBS, UOB, ICC, Maersk, Mitsui. [https://www.imda.gov.sg/-/media/imda/files/programme/international-trade-and-logistics/tradetrust/tradetrust_factsheet.pdf]",1,IMDA-published figures show reduced-harm/friction outcomes: Singapore-Rotterdam documentation processing cut from 5-10 days to under 24 hours (2021); China-Singapore corridor showed an estimated 80% efficiency improvement in document processing and over 30% reduction in business operating costs (2023); UOB's Singapore-Shenzhen trial cut turnaround from days to within an hour. [https://www.imda.gov.sg/-/media/imda/files/programme/international-trade-and-logistics/tradetrust/tradetrust_factsheet.pdf],1,No published compliance-cost figure identified,0,https://www.imda.gov.sg/how-we-can-help/international-trade-and-logistics/tradetrust,"Confirmed on IMDA's official TradeTrust page: a Singapore-government framework of globally accepted standards for verifiable documents (e.g., Certificate of Origin) and transferable documents (e.g., Bill of Lading), built to meet UNCITRAL MLETR; open-source and active."
614,Networked Trade Platform,NTP,"Singapore Customs and Government Technology Agency (GovTech), Government of Singapore",Singapore Customs and Government Technology Agency,public,2018,2018,,in force,national,govt-referenced-standard,de-facto-required-for-market-access,mandate-driven,traceability-exchange-protocol,mutual-recognition,System interoperability,Interoperability & fragmentation failure,high,"Trade, customs & logistics",high,cross-border trade / logistics,Trade & Customs,"compliance-conformity,origin-provenance,chain-of-custody",fragmented trade documentation; customs-compliance gaps and trade friction,peer framework,Singapore TradeNet single window (predecessor),"Per a Singapore Customs (Ministry of Finance) official presentation to UNESCAP's Asia-Pacific Trade Facilitation Forum: NTP launched in 2018 and had close to 6,000 user companies by 2019, offering over 50 B2B trade-related services and close to 20 Customs e-services. [https://www.unescap.org/sites/default/d8files/event-documents/APTFF%202022%20Session%201-2%20CHOO%20Wai%20Yee%20.pdf]",1,No published evaluation identified (checked),0,No published compliance-cost figure identified,0,https://www.customs.gov.sg/transaction/e-services/networked-trade-platform-ntp/,"Confirmed on Singapore Customs' official NTP e-service page (operational, operated by Singapore Customs); launch date 26 Sep 2018 with GovTech co-development corroborated by contemporaneous launch reporting."
615,ASEAN Single Window,ASW,Association of Southeast Asian Nations (ASEAN) / ASEAN Secretariat and member-state customs administrations,Association of Southeast Asian Nations / ASEAN Secretariat and member-state customs administrations,public,2018,2018,,in force,regional,treaty-instrument,mandatory,mandate-driven,traceability-exchange-protocol,mutual-recognition,Identity and personal security,"Fraud, forgery & impersonation",high,"Trade, customs & logistics",high,cross-border trade / customs,Trade & Customs,"origin-provenance,compliance-conformity",certificate-of-origin fraud; slow customs clearance; tariff-preference abuse,peer framework,ASEAN Trade in Goods Agreement (ATIGA); ASEAN Single Window Agreement/Protocol on the legal framework,"Per ISEAS-Yusof Ishak Institute analysis and ASEAN Secretariat data: all 10 ASEAN member states joined ASW live operation by 2020, facilitating more than 800,000 electronic exchanges of the ATIGA e-Form D (preferential tariff certificate); as of 1 January 2024 all AMS implemented full electronic transmission of Form D (per Singapore Customs). [https://www.iseas.edu.sg/wp-content/uploads/2021/12/TRS1_22.pdf]",1,ISEAS reports reduced-harm/friction outcomes from related national single windows feeding into ASW: Thailand's NSW cut export processing time 42% (24 days in 2007 to 14 days in 2011); Singapore's system cut turnaround from 2-4 days to 15 minutes. The study projects full ASEAN+FTA-partner single-window implementation could raise ASEAN exports by up to US$199 billion annually. [https://www.iseas.edu.sg/wp-content/uploads/2021/12/TRS1_22.pdf],1,No published compliance-cost figure identified,0,https://asw.asean.org/index.php/news/item/launch-of-the-asean-single-window-live-operation,"Confirmed on the official ASW portal (asw.asean.org): ASW went live 1 Jan 2018 for cross-border electronic exchange of the e-ATIGA Form D certificate of origin among ASEAN member states (initially Indonesia, Malaysia, Singapore, Thailand, Vietnam)."
616,National Important Product Traceability System,重要产品追溯,"Ministry of Commerce (MOFCOM), People's Republic of China (mandated by State Council General Office)",Ministry of Commerce,public,2016,2016,,in force,national,govt-referenced-standard,mandatory,mandate-driven,traceability-exchange-protocol,standalone-silo,Product integrity,Counterfeiting & falsification,high,"Trade, customs & logistics",high,"multi-sector (food, pharma, agri-inputs, special equipment, dangerous goods, rare earths)",Trade & Customs,"origin-provenance,safety,chain-of-custody,authenticity-anti-counterfeit",unsafe food/drugs and counterfeit/hazardous goods with no cross-supply-chain accountability,peer framework,"Implements the State Council General Office's 2015 guidance '关于加快推进重要产品追溯体系建设的意见' establishing the national important-product traceability framework covering food, drugs, agricultural inputs, and hazardous chemicals.","Per Guangming Net (state media) reporting on the National Healthcare Security Administration's drug traceability sub-system: as of 31 March 2025 the platform had accumulated 273.09 billion drug traceability codes, with coverage across all 31 provinces/autonomous regions/municipalities plus the Xinjiang Production and Construction Corps, and near 500,000 daily user query sessions. Mandatory code-scanning for insurance settlement began 1 July 2025, with full terminal (retail pharmacy/hospital) collection required from 1 January 2026 -- indicating coverage is still incomplete at the retail/terminal level. [https://health.gmw.cn/2025-04/14/content_37951018.htm]",1,Source explicitly states no quantified data yet exists on counterfeit-drug reduction or safety-incident prevention outcomes (inconclusive as to harm-reduction impact so far). [https://health.gmw.cn/2025-04/14/content_37951018.htm],1,No published compliance-cost figure identified,0,https://www.gov.cn/zhengce/zhengceku/2016-01/12/content_10584.htm,"Confirmed on the official Chinese government portal (gov.cn): State Council General Office Opinion 国办发〔2015〕95号 (published 12 Jan 2016) mandates a national important-product traceability system led by MOFCOM covering food, drugs, agricultural inputs, special equipment, dangerous goods and rare earths."
617,ISAE 3402 - Assurance Reports on Controls at a Service Organization,ISAE 3402 (SOC 1),"International Auditing and Assurance Standards Board (IAASB), under the International Federation of Accountants (IFAC)",International Auditing and Assurance Standards Board,private,2009,2009,,in force,global-multilateral,voluntary-consensus-standard,voluntary,market-driven,conformity-assessment-certification,mutual-recognition,Digital systems and data,"Data, research & assurance integrity failure",high,Cross-sector conformity assessment & accreditation,high,finance / audit-assurance / outsourced services,Cross-sector Horizontal,compliance-conformity,undetected control failures at outsourced service providers affecting user entities' financial reporting,component standard,ISAE 3000 (assurance-engagements framework); US SSAE 18 / AICPA SOC 1,No published figure identified (checked),0,No published evaluation identified (checked),0,No published compliance-cost figure identified,0,https://www.iaasb.org/news-events/2009-12/iaasb-issues-new-assurance-standard-controls-service-organizations,"Confirmed on IAASB (iaasb.org): ISAE 3402 'Assurance Reports on Controls at a Service Organization' issued by IAASB in 2009, effective for service auditors' reports covering periods ending on or after 15 June 2011; US equivalent is AICPA SOC 1."
618,Uniform Rules for Digital Trade Transactions,URDTT,International Chamber of Commerce (ICC),International Chamber of Commerce,private,2021,2021,,in force,global-multilateral,private-industry-scheme,voluntary,market-driven,governance-mutual-recognition,mutual-recognition,Product integrity,Counterfeiting & falsification,high,"Trade, customs & logistics",high,trade finance / digital trade,Trade & Customs,"authenticity-anti-counterfeit,compliance-conformity,chain-of-custody",legal uncertainty in paperless trade; disputes over electronic records and obligations,peer framework,UNCITRAL Model Laws (e-commerce / MLETR); ICC UCP 600,No published figure identified (checked),0,No published evaluation identified (checked),0,No published compliance-cost figure identified,0,https://2go.iccwbo.org/uniform-rules-for-digital-trade-transactions-urdtt-version-1.html,"Confirmed on ICC's official Knowledge2Go store (iccwbo.org): URDTT Version 1.0 published by ICC in October 2021; a technology-neutral, high-level framework of rules and obligations for fully digital trade transactions, complementing UCP 600 and UNCITRAL model laws."
619,CADENA,CADENA,"Inter-American Development Bank (IDB) with the customs administrations of Mexico, Peru and Costa Rica (technical partner Microsoft)",Inter-American Development Bank with the customs administrations of Mexico,hybrid,2018,2018,,phased-in,regional,accreditation-or-mutual-recognition-arrangement,voluntary,hybrid,governance-mutual-recognition,mutual-recognition,System interoperability,Interoperability & fragmentation failure,high,"Trade, customs & logistics",high,customs / trade security (Authorized Economic Operator programmes),Risk Transfer & Guarantee,"compliance-conformity,identity",unrecognized trusted-trader status; slow border clearance; supply-chain security gaps,adjacent context,WCO SAFE Framework of Standards / AEO programme and Mutual Recognition Arrangements,"Originally developed with Inter-American Development Bank (IDB) support as a blockchain tool for real-time AEO (Authorized Economic Operator) mutual-recognition data-sharing among Mexico, Peru and Costa Rica (validation-phase testing reported by the WCO in 2018). A May 2024 'CADENA Global Interoperability Pilot' extended the model to Colombia (DIAN as credential issuer; four companies -- UPS, Carboquimica, Spataro, Vitalis -- plus MINCIT) and Costa Rica's customs service as verifier. [https://academy.extrimian.io/wp-content/uploads/2024/08/CADENA-Overview-and-Results.pdf]",1,"Per the pilot's own published results (mixed/promising but preliminary, self-reported): 100% of surveyed participants reported improved understanding of the digital-identity technology and greater reliability of trade-verification data; 87.5% found the tools easy to use; 75% expected reduced time and costs in trade operations -- survey-based, not yet an independent outcome evaluation. [https://academy.extrimian.io/wp-content/uploads/2024/08/CADENA-Overview-and-Results.pdf]",1,No published compliance-cost figure identified,0,https://mag.wcoomd.org/magazine/wco-news-87/cadena-a-blockchain-enabled-solution-for-the-implementation-of-mutual-recognition-arrangements-agreements/,"Confirmed via WCO News (wcoomd.org) article authored by the developers: CADENA is a blockchain solution built by the IDB with the customs administrations of Mexico, Peru and Costa Rica (and Microsoft) to share Authorized Economic Operator data and implement AEO Mutual Recognition Arrangements; in validation/piloting as of 2018."
620,Global Shipping Business Network,GSBN,"GSBN (independent not-for-profit consortium; shareholders include COSCO Shipping Lines, COSCO Shipping Ports, Hapag-Lloyd, Hutchison Ports, OOCL, Qingdao Port, PSA International, Shanghai International Port Group)",GSBN,private,2021,2021,,in force,global-multilateral,private-industry-scheme,voluntary,market-driven,traceability-exchange-protocol,mutual-recognition,System interoperability,Interoperability & fragmentation failure,high,"Trade, customs & logistics",high,shipping / logistics / trade,Adjacent: Research & Data,"chain-of-custody,authenticity-anti-counterfeit,origin-provenance","fragmented, unverified shipping data; bill-of-lading fraud; slow document exchange",adjacent context,Hyperledger Fabric; industry electronic bill-of-lading standards,"Per GSBN's own site (verbatim): 'we have over 20,000 users globally' and 'our network accounts for more than half of containers handled globally.' Members span shipping lines (COSCO Shipping, Hapag-Lloyd, OOCL, ONE, CMA CGM), terminal operators (Hutchison Ports, PSA, SIPG, Portbase, ICTSI, Westports) and banks (Bank of China, HSBC, DBS, China CITIC Bank). [https://gsbn.trade/our-ecosystem/]",1,No published evaluation identified (checked),0,No published compliance-cost figure identified,0,https://www.prnewswire.com/news-releases/global-shipping-business-network-successfully-incorporated-to-accelerate-the-digital-transformation-of-global-shipping-and-trade-301248048.html,"Confirmed via GSBN's own incorporation press release: incorporated 16 March 2021 in Hong Kong as an independent not-for-profit consortium of major ocean carriers and terminal operators, running a blockchain data-exchange network for shipping/trade documents (e.g., electronic bill of lading); active."
621,ZATCA E-Invoicing (Fatoora),FATOORA,"Zakat, Tax and Customs Authority (ZATCA), Saudi Arabia",Zakat,public,2021,2021,,phased-in,national,binding-regulation,mandatory,mandate-driven,data-credential-model,standalone-silo,Product integrity,Illicit trade & tax/excise evasion,high,Tobacco & excise goods,medium,taxation / e-invoicing,Excise & Environmental,"authenticity-anti-counterfeit,compliance-conformity",tax evasion and fraudulent/altered invoices,mandate-owner to recognize,UBL 2.1 structured invoice XML (ZATCA e-invoice schema),"Per ZATCA's own figures reported to Al-Eqtisadiah and republished by Arab News: over 5 billion e-invoices exchanged via Fatoora in 2024, rising to 8.2 billion in 2025 -- a 64% year-on-year growth. Mandate rolled out in two phases: Phase 1 (generation) mandatory from 4 December 2021; Phase 2 (integration with ZATCA) began 1 January 2023 and has proceeded in successive taxpayer 'waves' (wave 24 deadline 30 June 2026). [https://www.arabnews.com/node/2628538/amp]",1,No published evaluation identified (checked),0,No published compliance-cost figure identified,0,https://zatca.gov.sa/en/E-Invoicing/Pages/default.aspx,"Confirmed on ZATCA official site: mandatory e-invoicing, Phase 1 (generation) from 4 Dec 2021, Phase 2 (integration/clearance) from 1 Jan 2023 in waves; cryptographically stamped structured invoices."
622,KEBS Standardization Mark,S-Mark,Kenya Bureau of Standards (KEBS),Kenya Bureau of Standards,public,1974,,https://www.kebs.org/,in force,national,binding-regulation,mandatory,mandate-driven,conformity-assessment-certification,standalone-silo,Product integrity,Unsafe or non-compliant products,high,Cross-sector conformity assessment & accreditation,high,manufactured products (Kenya domestic),Cross-sector Horizontal,"safety,compliance-conformity",substandard/unsafe locally manufactured goods,mandate-owner to recognize,Kenya Standards (KS); Standards Act (Cap 496) s.10,No published figure identified (checked),0,No published evaluation identified (checked),0,No published compliance-cost figure identified,0,https://www.kebs.org/marks-of-quality/,"Confirmed on KEBS official Marks of Quality page: S-Mark is a mandatory certification scheme for locally manufactured products under s.10 of the Standards Act, certifying conformity to Kenya Standards; 2-year permit. No founding year stated, left blank. [Batch year-fill: 1974 (The Standardization Mark (S-Mark) is a mandatory product certification scheme established under Section 10 of the Standards Act, Cap 496, Laws of Kenya — the same Act that created KEBS, which began operations in July 1974.), medium confidence. https://www.kebs.org/]"
623,KEBS Diamond Mark of Quality,D-Mark,Kenya Bureau of Standards (KEBS),Kenya Bureau of Standards,public,1996,,https://www.kbc.co.ke/govt-urges-manufacturers-to-adopt-kebs-diamond-mark-to-boost-regional-market-access/,in force,national,govt-referenced-standard,voluntary,market-driven,conformity-assessment-certification,standalone-silo,Product integrity,Unsafe or non-compliant products,high,Cross-sector conformity assessment & accreditation,high,manufactured products (Kenya domestic),Cross-sector Horizontal,compliance-conformity,lack of differentiated quality signalling for compliant goods,component standard,Kenya Standards (KS); KEBS S-Mark scheme,No published figure identified (checked),0,No published evaluation identified (checked),0,No published compliance-cost figure identified,0,https://www.kebs.org/marks-of-quality/,"Confirmed on KEBS official Marks of Quality page: D-Mark is a voluntary excellence certification scheme for manufacturers demonstrating high/consistent quality; holders auto-qualify for S-Mark; 4-year permit. No founding year stated, left blank. [Batch year-fill: 1996 (introduced/adopted), medium confidence. https://www.kbc.co.ke/govt-urges-manufacturers-to-adopt-kebs-diamond-mark-to-boost-regional-market-access/]"
624,OpenChain Specification (ISO/IEC 5230:2020),ISO/IEC 5230,OpenChain Project (The Linux Foundation); standardized by ISO/IEC JTC 1,OpenChain Project ; standardized by ISO/IEC JTC 1,hybrid,2020,2020,,in force,global-multilateral,voluntary-consensus-standard,voluntary,market-driven,conformity-assessment-certification,mutual-recognition,Product integrity,Illegal or misrepresented origin & sourcing,high,Cybersecurity & software supply chain,high,software / open-source supply chain,Cross-sector Horizontal,"compliance-conformity,chain-of-custody",open-source license non-compliance and IP/supply-chain risk,component standard,OpenChain 2.1 specification,"OpenChain's own 'Community of Conformance' registry lists 370+ companies/organizations with publicly announced ISO/IEC 5230 conformant programs, including Google, Microsoft, Toyota, Honda, BMW-related entities, Bosch, Siemens, Alibaba Cloud and Sony. OpenChain cites PwC research finding 31% of large German companies already use or plan to adopt ISO/IEC 5230. [https://openchainproject.org/community-of-conformance]",1,No published evaluation identified (checked),0,No published compliance-cost figure identified,0,https://openchainproject.org/license-compliance,Confirmed on OpenChain Project (Linux Foundation) official page: OpenChain 2.1 published as ISO/IEC 5230:2020 (Dec 2020); specifies key requirements for an OSS license-compliance program; conformance via self-certification or third-party partner assessment; OpenChain and ISO versions functionally identical.
625,Conformance testing methodology for biometric data interchange formats (ISO/IEC 19794) — Part 1: Generalized methodology,ISO/IEC 29109-1,ISO/IEC JTC 1/SC 37 (Biometrics),ISO / IEC,hybrid,2009,2009,,in force,global-multilateral,voluntary-consensus-standard,voluntary,market-driven,conformity-assessment-certification,mutual-recognition,System interoperability,Interoperability & fragmentation failure,high,Digital identity & civil registration,high,biometrics / identity,Adjacent: Identity & PKI,"compliance-conformity,identity",non-interoperable biometric records causing identity/matching errors,adjacent context,ISO/IEC 19794 (biometric data interchange formats),First edition published 2009 by ISO/IEC JTC 1/SC 37 (Biometrics); confirmed current/valid as of the 2026 periodic review (5-year review cycle). [https://www.iso.org/standard/45132.html],1,No published evaluation identified (checked),0,No published compliance-cost figure identified,0,https://www.iso.org/standard/45132.html,"Confirmed on ISO catalogue: 29109-1:2009 published, ISO/IEC JTC 1/SC 37; defines generalized (modality-neutral) conformance-testing methodology for the ISO/IEC 19794 biometric data interchange formats."
626,Extensible biometric data interchange formats — Part 2: Finger minutiae data,ISO/IEC 39794-2,ISO/IEC JTC 1/SC 37 (Biometrics),ISO / IEC,hybrid,2023,2023,,in force,global-multilateral,voluntary-consensus-standard,voluntary,market-driven,data-credential-model,mutual-recognition,System interoperability,Interoperability & fragmentation failure,high,Digital identity & civil registration,high,biometrics / identity documents,Adjacent: Identity & PKI,identity,biometric non-interoperability and identity fraud in credential systems,adjacent context,ISO/IEC 19794-2 (predecessor finger minutiae format),Edition 1 published September 2023 by ISO/IEC JTC 1/SC 37; amendment (on-card biometric comparison format handling) published/drafted 2024-2025. [https://www.iso.org/standard/72153.html],1,No published evaluation identified (checked),0,No published compliance-cost figure identified,0,https://webstore.iec.ch/en/publication/88946,"Confirmed on IEC webstore: 39794-2:2023 published 21 Sep 2023 (Edition 1.0), ISO/IEC JTC 1/SC 37; extensible finger-minutiae data format (ASN.1 tagged, XML, and on-card comparison encodings) with conformance procedures."
627,CODATA Recommended Values of the Fundamental Physical Constants,CODATA,"CODATA Task Group on Fundamental Physical Constants, Committee on Data of the International Science Council (ISC)",CODATA Task Group on Fundamental Physical Constants,NGO-multistakeholder,2022,2022,,in force,global-multilateral,voluntary-consensus-standard,de-facto-required-for-market-access,hybrid,data-credential-model,mutual-recognition,Digital systems and data,"Data, research & assurance integrity failure",high,Metrology & measurement,high,scientific/physical metrology,Metrology & Measurement,compliance-conformity,"inconsistent or inaccurate reference values undermining measurement across science, industry and trade",component standard,International System of Units (SI); BIPM/CGPM 2019 SI redefinition,"2022 adjustment published April 2025 in Reviews of Modern Physics (NIST authors Mohr, Newell, Taylor, Tiesinga); values maintained at physics.nist.gov/constants as the standing international reference set, updated periodically (2018, 2022). [https://codata.org/initiatives/data-science-and-stewardship/fundamental-physical-constants/redefinition-of-the-international-system-of-units-si-based-on-the-codata-fundamental-constant/]",1,"CODATA's exact-valued determinations of h, e, k and N_A underpinned the 2019 redefinition of the SI base units, with the BIPM (governing 60 member states plus 42 associate states/economies) adopting these values as the metrological basis of the SI — an authoritative confirmation of the values but not an 'effectiveness' verdict in the harm-reduction sense. [https://codata.org/initiatives/data-science-and-stewardship/fundamental-physical-constants/redefinition-of-the-international-system-of-units-si-based-on-the-codata-fundamental-constant/]",1,No published compliance-cost figure identified,0,https://codata.org/initiatives/data-science-and-stewardship/fundamental-physical-constants/,"Confirmed via CODATA (ISC) fundamental-constants page and NIST publication: current self-consistent internationally recommended set is the 2022 adjustment (published 2024), produced quadrennially, underpinning the SI."
628,OIML D 1 National metrology systems - Developing the institutional and legislative framework,OIML D 1,"International Organization of Legal Metrology (OIML), jointly with BIPM",International Organization of Legal Metrology,public,2020,2020,,in force,global-multilateral,govt-referenced-standard,voluntary,mandate-driven,mandating-regulation,mutual-recognition,Identity and personal security,"Fraud, forgery & impersonation",high,Metrology & measurement,high,legal metrology,Metrology & Measurement,compliance-conformity,weak or absent legal-metrology frameworks enabling measurement fraud in trade and public services,component standard,OIML/BIPM cooperation; supersedes OIML D 1:2012; OIML VIML vocabulary,"Edition 2 published 2020, superseding the 2012 edition; issued jointly by BIPM and OIML as guidance to OIML's Member States and Corresponding Members on building national metrology institutions and legislation. [https://www.oiml.org/en/files/pdf_d/d001-e20.pdf]",1,No published evaluation identified (checked),0,No published compliance-cost figure identified,0,https://www.oiml.org/en/files/pdf_d/d001-e20.pdf,"Confirmed OIML D 1:2020 (E) on oiml.org primary PDF: title 'National metrology systems - Developing the institutional and legislative framework', issued jointly by OIML and BIPM, superseding the 2012 edition (approved CIML 55th meeting, 2020). Note: earlier candidate title 'Elements/Considerations for a Law on Metrology' is the pre-2020 designation."
629,OIML R 60 Metrological regulation for load cells,OIML R 60,International Organization of Legal Metrology (OIML),International Organization of Legal Metrology,public,2021,2021,,in force,global-multilateral,govt-referenced-standard,de-facto-required-for-market-access,mandate-driven,conformity-assessment-certification,mutual-recognition,Product integrity,Unsafe or non-compliant products,high,Metrology & measurement,high,legal metrology (weighing instruments),Metrology & Measurement,compliance-conformity,inaccurate weighing components causing consumer and commercial loss in trade measurement,component standard,OIML R 76 (non-automatic weighing instruments); OIML Certification System (OIML-CS),"R 60-1:2021 edition (superseding the 2017 edition, consolidating a 2019 amendment) sets the static metrological requirements/evaluation procedures used as the basis for OIML Certification System (OIML-CS) type-evaluation certificates for load cells issued to manufacturers worldwide. [https://www.oiml.org/en/files/pdf_r/r060-1-e21.pdf]",1,No published evaluation identified (checked),0,No published compliance-cost figure identified,0,https://www.oiml.org/en/files/pdf_r/r060-1-e21.pdf,"Confirmed OIML R 60-1:2021 on oiml.org primary PDF: 'Metrological regulation for load cells - Part 1: Metrological and technical requirements', issued by OIML (English edition 2021)."
630,OIML R 46 Active electrical energy meters,OIML R 46,International Organization of Legal Metrology (OIML),International Organization of Legal Metrology,public,2012,2012,,in force,global-multilateral,govt-referenced-standard,de-facto-required-for-market-access,mandate-driven,conformity-assessment-certification,mutual-recognition,Financial integrity,"Financial crime, AML & mispriced risk",medium,Metrology & measurement,high,legal metrology (electricity metering),Metrology & Measurement,compliance-conformity,inaccurate electricity metering causing mis-billing and consumer/utility loss,component standard,OIML Certification System (OIML-CS); corresponds to EU MID (2014/32/EU) MI-003,"R 46-1/2:2012 is the basis for OIML-CS type-evaluation certificates for electricity meters, with certificates continuing to be issued/renewed by national bodies (e.g., NMi, various national metrology institutes) through at least 2025; the recommendation is also cross-referenced in the EU's Measuring Instruments Directive corresponding table (WELMEC CT-003) for active electricity meters (MI-003). [https://www.oiml.org/en/files/pdf_r/r046-1-2-e12.pdf]",1,No published evaluation identified (checked),0,No published compliance-cost figure identified,0,https://www.oiml.org/en/files/pdf_r/r046-1-2-e12.pdf,"Confirmed OIML R 46-1/-2:2012 on oiml.org primary PDF: 'Active electrical energy meters', developed by OIML TC 12 and approved for publication at the 47th CIML meeting (Bucharest, October 2012)."
632,OECD Guidelines on Measuring Trust,,OECD (Organisation for Economic Co-operation and Development),OECD,public,2017,2017,,in force,global-multilateral,govt-referenced-standard,voluntary,hybrid,data-credential-model,mutual-recognition,Digital systems and data,"Data, research & assurance integrity failure",high,Metrology & measurement,high,official statistics / governance,Metrology & Measurement,compliance-conformity,unreliable trust measurement undermines evidence-based policy,component standard,OECD Better Life Initiative,"Published 23 November 2017 by the OECD as part of the OECD Better Life Initiative (launched 2011); provides international recommendations and prototype survey modules for National Statistical Offices to collect, publish and analyse trust data. [https://www.oecd.org/en/publications/oecd-guidelines-on-measuring-trust_9789264278219-en.html]",1,No published evaluation identified (checked),0,No published compliance-cost figure identified,0,https://www.oecd.org/en/publications/oecd-guidelines-on-measuring-trust_9789264278219-en.html,Confirmed via OECD publications page: published 23 Nov 2017 by OECD Publishing; provides guidance and prototype survey modules for national statistical offices to measure interpersonal and institutional trust comparably.
638,Fitch Ratings ESG Relevance Scores,,Fitch Ratings,Fitch Ratings,private,2019,2019,,in force,global-multilateral,private-industry-scheme,voluntary,market-driven,conformity-assessment-certification,standalone-silo,Financial integrity,"Financial crime, AML & mispriced risk",high,Financial services & AML,high,finance / credit ratings,Adjacent: Financial & Institutional,"sustainability-carbon, compliance-conformity",mispriced ESG-related credit risk,adjacent context,Fitch credit rating criteria,"Launched by Fitch Ratings; initial rollout covered over 1,500 non-financial corporate ratings before expanding to banks, insurers, sovereigns and other asset classes, generating over 22,000 individual E/S/G scores; Fitch states roughly 22% of corporate ratings are influenced by an ESG factor, with about 3% having a single ESG sub-factor that independently changed the credit rating. [https://assets.ctfassets.net/03fbs7oah13w/3V2AzfV7BlcxRJcWETf7cS/9b7db041ea76918f44f8873bd39f3cbe/ESG_FAQs.pdf]",1,No published evaluation identified (checked),0,No published compliance-cost figure identified,0,https://assets.ctfassets.net/03fbs7oah13w/3V2AzfV7BlcxRJcWETf7cS/9b7db041ea76918f44f8873bd39f3cbe/ESG_FAQs.pdf,"Confirmed via Fitch ESG Relevance Scores FAQ PDF: Fitch analytical teams produce scores displaying relevance and materiality of individual ESG elements to credit rating decisions; rolled out across 1,500+ corporate ratings; Fitch cites being first CRA to systematically publish such scores (launched Jan 2019)."
639,LSEG ESG Scores (formerly Refinitiv),,"LSEG (London Stock Exchange Group), formerly Refinitiv",LSEG,private,2019,2019,,in force,global-multilateral,private-industry-scheme,voluntary,market-driven,conformity-assessment-certification,standalone-silo,Product integrity,Greenwashing & ESG/climate misrepresentation,high,Financial services & AML,high,finance / ESG data,Adjacent: Financial & Institutional,"sustainability-carbon, compliance-conformity",greenwashing and mispriced sustainability risk,adjacent context,(no explicit dependency identified),"As of March 2026, LSEG ESG Scores cover 16,000+ companies and 1,000,000+ fixed-income instruments, with 99% coverage of the FTSE All-World Index, using 240+ standardised metrics and 2,000+ underlying data points. [https://www.lseg.com/en/data-analytics/sustainable-finance/esg-scores]",1,"Mixed: peer-reviewed finance research on cross-provider ESG ratings (e.g., Rigobon et al., 'Aggregate Confusion: The Divergence of ESG Ratings,' Review of Finance, 2022) documents substantial disagreement/divergence among major ESG rating agencies covering the same companies, indicating limited convergent reliability of ESG scores as a class. [https://www.lseg.com/en/data-analytics/sustainable-finance/esg-scores]",1,No published compliance-cost figure identified,0,https://www.lseg.com/content/dam/lseg/en_us/documents/media-centre/press-releases/2019/refinitiv-esg-scores-methodology.pdf,"Confirmed via LSEG/Refinitiv ESG Scores methodology PDF: Refinitiv (an LSEG business) produces ESG scores on 12,500+ public/private companies (~85% global market cap) across 3 pillars/10 categories, 186 metrics with a materiality matrix and controversies overlay; historical data since 2002."
640,ISS ESG Corporate Rating,,ISS ESG (Institutional Shareholder Services),ISS ESG,private,1993,,https://www.issgovernance.com/oekom-research-ag-join-institutional-shareholder-services/,in force,global-multilateral,private-industry-scheme,voluntary,market-driven,conformity-assessment-certification,standalone-silo,Product integrity,Greenwashing & ESG/climate misrepresentation,high,Financial services & AML,high,finance / ESG data,Adjacent: Financial & Institutional,"sustainability-carbon, compliance-conformity",greenwashing and mispriced sustainability risk,adjacent context,"ISS states its methodology and issuer disclosures are aligned with GRI, SASB, TCFD and the UN Sustainable Development Goals.","ISS ESG's own issuer-facing FAQ states the Corporate Rating research universe covers approximately 9,700 issuers globally (about 6,700 of them publicly listed companies); third-party data-vendor fact sheets (FactSet, 'At a Glance,' Oct 2021) separately cite 7,300+ corporate issuers, indicating the covered universe has grown over time. [https://www.issgovernance.com/file/publications/iss-esg-faq-issuers.pdf]",1,No effectiveness/outcome study specifically naming ISS ESG was located this session. [https://www.issgovernance.com/file/publications/iss-esg-faq-issuers.pdf],0,No published compliance-cost figure identified,0,https://www.issgovernance.com/esg/ratings/corporate-rating/,"Confirmed via ISS Governance site: ISS ESG produces the Corporate Rating; double-materiality, best-in-class D- to A+ scale rating companies' ESG risks, opportunities and impact along the corporate value chain. [Batch year-fill: 1993 (founded/established (as oekom research, whose ESG rating methodology became the ISS ESG Corporate Rating; oekom was acquired by ISS in March 2018)), high confidence. https://www.issgovernance.com/oekom-research-ag-join-institutional-shareholder-services/]"
641,Bloomberg ESG Scores,,Bloomberg L.P.,Bloomberg L.P,private,2020,2020,,in force,global-multilateral,private-industry-scheme,voluntary,market-driven,conformity-assessment-certification,standalone-silo,Product integrity,Greenwashing & ESG/climate misrepresentation,high,Financial services & AML,high,finance / ESG data,Adjacent: Financial & Institutional,"sustainability-carbon, compliance-conformity",greenwashing and mispriced sustainability risk,adjacent context,"SASB, TCFD frameworks","Bloomberg's own product page (updated Dec 2025) states ESG Scores cover 12,000+ companies, with 99% coverage of the Bloomberg World Large & Mid Cap Index by market cap and 90% coverage of Bloomberg US/European investment-grade bond indices; related Fund ESG Scores cover 60,000+ mutual funds and 10,000 ETFs. [https://professional.bloomberg.com/products/bloomberg-terminal/sustainable-finance/scores/]",1,No effectiveness/outcome study specifically naming Bloomberg's scores was located this session. [https://professional.bloomberg.com/products/bloomberg-terminal/sustainable-finance/scores/],0,No published compliance-cost figure identified,0,https://professional.bloomberg.com/globalassets/professional/solutions/sustainable-finance/scores/bloomberg-esg-scores-methodology.pdf,"Confirmed via Bloomberg's official ESG Scores methodology PDF: Bloomberg produces scores of a company's management of financially material ESG issues (E/S/G pillars) from company-disclosed data using SASB/TCFD-aligned materiality; methodology doc first published Sept 2023, updated Dec 2025 (proprietary ESG scores launched 2020). Covers the candidate's Bloomberg ESG/disclosure scoring."
642,Moody's ESG Solutions ESG Assessments/Scores (Vigeo Eiris),V.E,Moody's Corporation,Moody's Corporation,private,2019,2019,,retired,global-multilateral,private-industry-scheme,voluntary,market-driven,conformity-assessment-certification,standalone-silo,Product integrity,Greenwashing & ESG/climate misrepresentation,high,Financial services & AML,high,finance / sustainable investment,Adjacent: Identity & PKI,"sustainability-carbon,compliance-conformity",greenwashing and misallocation of sustainable capital from unreliable ESG scoring,adjacent context,(no explicit dependency identified),"Moody's ESG360 factsheet states analyst-verified ESG Assessments (the legacy Vigeo Eiris product line) cover approximately 10,000 companies globally, alongside a separate modelled 'ESG Scores' layer covering roughly 300 million entities. [https://www.moodys.com/web/en/us/hosted-assets/esg-linked-bx11978-moodys-esg360-factsheet-final.pdf; https://academic.oup.com/rof/article/26/6/1315/6590670]",1,"mixed — Vigeo Eiris was one of five rating providers (with KLD, Sustainalytics, Asset4/Refinitiv and RobecoSAM) analyzed in Berg, Kölbel & Rigobon, 'Aggregate Confusion: The Divergence of ESG Ratings,' Review of Finance 26(6), 1315–1344 (2022). The peer-reviewed study found only ~0.61 average pairwise correlation among these raters' scores, versus ~0.99 between major credit-rating agencies, concluding ESG-rating disagreement is large enough to impede reliable investment decision-making. [https://www.moodys.com/web/en/us/hosted-assets/esg-linked-bx11978-moodys-esg360-factsheet-final.pdf; https://academic.oup.com/rof/article/26/6/1315/6590670]",1,No published compliance-cost figure identified,0,https://ir.moodys.com/press-releases/news-details/2024/Moodys-and-MSCI-Announce-a-Strategic-Partnership-to-Enhance-Transparency-and-Deliver-Data-Driven-Risk-Solutions/default.aspx,"Confirmed via Moody's IR: Moody's acquired a majority stake in Vigeo Eiris (V.E) on 15 Apr 2019 and branded it Moody's ESG Solutions; the 1 Jul 2024 Moody's-MSCI strategic partnership release states Moody's intends to migrate its ESG data and scores to MSCI's sustainability content, winding down its own ESG Solutions ESG ratings — hence status retired."
643,"Multilateral arms-control treaty verification regimes (IAEA nuclear safeguards, OPCW, CTBTO)",IAEA/OPCW/CTBTO,International Atomic Energy Agency (IAEA); Organisation for the Prohibition of Chemical Weapons (OPCW); CTBTO Preparatory Commission,International Atomic Energy Agency ; Organisation for the Prohibition of Chemical Weapons ; CTBTO Preparatory Commission,public,1970,1970 (NPT in force); INFCIRC/153 model CSA 1972,,in force,global-multilateral,treaty-instrument,mandatory,mandate-driven,governance-mutual-recognition,mutual-recognition,Digital systems and data,"Data, research & assurance integrity failure",high,Other / unclear,medium,arms control / non-proliferation,Cross-sector Horizontal,"compliance-conformity,chain-of-custody",undetected treaty violations and weapons proliferation,mandate-owner to recognize,NPT (1968); Chemical Weapons Convention (1993); CTBT (1996); IAEA Statute Art. III,"IAEA: safeguards agreements in force for 190 States (2025 Safeguards Implementation Report, IAEA Board of Governors, mid-2026). OPCW: 193 States Parties to the Chemical Weapons Convention, covering ~98% of the world's population (opcw.org, as of Dec 2025). CTBTO: 188 signatory states and 179 ratifications of the Comprehensive Nuclear-Test-Ban Treaty (ctbto.org), still short of the specific ratifications needed for entry into force. [https://www.opcw.org/media-centre/opcw-numbers; https://www.iaea.org/newscenter/news/iaea-draws-safeguards-conclusions-for-179-states-iaea-report; https://www.ctbto.org/our-mission/states-signatories]",1,"reduced-harm — OPCW: 100% of declared chemical-weapons stockpiles (72,304 metric tonnes) verified as destroyed as of 31 Dec 2025, backed by 2,062+ inspections of destruction facilities since 1997. IAEA: the 'broader conclusion' (all nuclear material remained in peaceful use) was reached for 75 of 190 States in the 2025 report, with safeguards conclusions drawn for 179 of 190 States overall, based on nearly 3,000 in-field verification activities. CTBTO: the International Monitoring System independently detected North Korea's announced nuclear tests (e.g., data on the Feb 2013 test reached member states in about an hour, ahead of DPRK's own announcement), demonstrating verification effectiveness even though the Treaty has not yet formally entered into force. [https://www.opcw.org/media-centre/opcw-numbers; https://www.iaea.org/newscenter/news/iaea-draws-safeguards-conclusions-for-179-states-iaea-report; https://www.ctbto.org/our-mission/states-signatories]",1,No published compliance-cost figure identified,0,https://www.iaea.org/topics/safeguards-agreements,Confirmed on iaea.org that IAEA safeguards are legally binding agreements under the NPT and that the IAEA administers verification per Art. III of its Statute; OPCW and CTBTO PrepCom run the parallel chemical and nuclear-test verification regimes (official pages seen this session).
644,"WIPO international IP registration systems (Madrid marks, PCT patents, Hague designs)",WIPO (Madrid/PCT/Hague),World Intellectual Property Organization (WIPO),World Intellectual Property Organization,public,1891,1891 (Madrid Agreement); 1970 (PCT); 1989 (Madrid Protocol),,in force,global-multilateral,treaty-instrument,de-facto-required-for-market-access,market-driven,identifier,mutual-recognition,Product integrity,Counterfeiting & falsification,high,"Trade, customs & logistics",medium,intellectual property,Adjacent: Identity & PKI,"identity,authenticity-anti-counterfeit,origin-provenance","counterfeiting, IP infringement and ownership disputes",adjacent context,Paris Convention (1883),"WIPO's own 2024/2025 Yearly Reviews: Madrid System — ~65,000 international trademark applications filed in 2024 (+1.2% YoY), 115 members covering 131 countries, 915,034 active international registrations. PCT — 273,900 international patent applications filed in 2024 (+0.5% YoY), 158 contracting states. Hague System — 9,455 international design applications in 2024 (+10.3% YoY) covering a record 27,161 designs, 80 contracting parties covering up to 97 countries. [https://www.wipo.int/web-publications/madrid-yearly-review-2025-executive-summary/en/madrid-yearly-review-2025-executive-summary.html; https://www.wipo.int/web-publications/pct-yearly-review-executive-summary-2025/en/pct-yearly-review-2025-executive-summary.html; https://www.wipo.int/web-publications/hague-yearly-review-2025-executive-summary/en/hague-yearly-review-2025-executive-summary.html]",1,No published effectiveness/outcome verdict located; these are registration-volume/adoption statistics rather than impact studies. [https://www.wipo.int/web-publications/madrid-yearly-review-2025-executive-summary/en/madrid-yearly-review-2025-executive-summary.html; https://www.wipo.int/web-publications/pct-yearly-review-executive-summary-2025/en/pct-yearly-review-2025-executive-summary.html; https://www.wipo.int/web-publications/hague-yearly-review-2025-executive-summary/en/hague-yearly-review-2025-executive-summary.html],0,No published compliance-cost figure identified,0,https://www.wipo.int/en/web/madrid-system,"Confirmed on wipo.int that WIPO administers the Madrid System for international trademark registration (plus PCT patents and Hague designs), giving a single filing recognized across designated member states."
645,ISDA Master Agreement (2002),ISDA,International Swaps and Derivatives Association (ISDA),International Swaps and Derivatives Association,private,2002,2002 (current; 1992 prior version),,in force,global-multilateral,private-industry-scheme,de-facto-required-for-market-access,market-driven,governance-mutual-recognition,mutual-recognition,Financial integrity,"Financial crime, AML & mispriced risk",high,Financial services & AML,high,finance / OTC derivatives,Cross-sector Horizontal,compliance-conformity,counterparty and systemic risk; legal uncertainty in derivatives close-out,peer framework,ISDA Definitions and Credit Support documentation,ISDA's own Margin Survey Year-end 2025 (published April 2026) reports leading derivatives firms collected a record $1.6 trillion of margin in 2025 under ISDA-documented trading relationships. [https://www.isda.org/2026/04/29/isda-margin-survey-shows-leading-derivatives-firms-collected-record-1-6-trillion-of-margin-in-2025/; https://www.isda.org/a/USiDE/netting-isdaresearchnotes-1-2010.pdf],1,"reduced-harm — ISDA Research Notes No.1 (2010) found close-out netting under the Master Agreement reduced gross mark-to-market credit exposure by over 85% globally (about 90% for U.S.-chartered banks), based on mid-2009 data — i.e., netting materially cuts counterparty credit risk relative to a no-netting baseline. [https://www.isda.org/2026/04/29/isda-margin-survey-shows-leading-derivatives-firms-collected-record-1-6-trillion-of-margin-in-2025/; https://www.isda.org/a/USiDE/netting-isdaresearchnotes-1-2010.pdf]",1,No published compliance-cost figure identified,0,https://www.isda.org/book/2002-isda-master-agreement-mylibrary/,"Confirmed on isda.org that ISDA publishes the 2002 ISDA Master Agreement, the standardized framework contract governing OTC derivatives (including CDS) documentation, netting and close-out."
646,Civil-law (Latin) notary system / International Union of Notaries,UINL,"International Union of Notaries (Union Internationale du Notariat, UINL)",International Union of Notaries,NGO-multistakeholder,1948,1948 (founded Buenos Aires; statutes 1950),,in force,global-multilateral,NGO-multistakeholder-scheme,voluntary,hybrid,governance-mutual-recognition,mutual-recognition,Product integrity,Counterfeiting & falsification,high,"Legal, notarial & e-commerce",high,legal / notarial,Adjacent: Legal & Notarial,"authenticity-anti-counterfeit,identity",document fraud and legal insecurity of civil and commercial acts,adjacent context,(no explicit dependency identified),"UINL's own 'About Us' page states current membership of 93 member Notariats spanning close to 120 countries — including 22 of 27 EU states and 15 of the 19 G20 nations — representing about two-thirds of world population and over 60% of global GDP, up from 19 founding member notariats in 1948. [https://uinl.org/mission/about-us/]",1,No published effectiveness/outcome study located this session. [https://uinl.org/mission/about-us/],0,No published compliance-cost figure identified,0,https://uinl.org/statutes/the-statues/,Confirmed on uinl.org that UINL is a non-governmental organisation founded 2 Oct 1948 in Buenos Aires that promotes the Latin-type notarial system of notaries who authenticate documents under public authority.
647,Indonesia Law No. 20 of 2014 on Standardization and Conformity Assessment (legal basis for SNI),UU 20/2014,"Government of the Republic of Indonesia (implemented by Badan Standardisasi Nasional, BSN)",Government of the Republic of Indonesia,public,2014,2014 (enacted 17 September 2014),,in force,national,binding-regulation,mandatory,mandate-driven,mandating-regulation,mutual-recognition,Product integrity,Unsafe or non-compliant products,high,Cross-sector conformity assessment & accreditation,high,standardization / conformity assessment,Cross-sector Horizontal,"safety,compliance-conformity",unsafe or substandard products entering the market,mandate-owner to recognize,WTO TBT Agreement; ISO/IEC standards framework,"No verified adoption/scale figure (e.g., total number of SNI standards in force) could be retrieved this session; BSN's own 'Statistik SNI 2024' page exists but could not be accessed (network/robots restrictions). [https://peraturan.bpk.go.id/Details/38663]",0,No published evaluation identified (checked),0,No published compliance-cost figure identified,0,https://peraturan.bpk.go.id/Home/Details/38663,"Confirmed via the Indonesian government legal database (peraturan.bpk.go.id) that UU No. 20/2014 on Standardisasi dan Penilaian Kesesuaian was enacted 17 Sep 2014, is in force (Berlaku), and is the statutory basis for SNI standardization and conformity assessment administered by BSN."
648,ICCS/CIEC Convention No. 17 on the Exemption from Legalisation of Certain Records and Documents,CIEC No. 17,International Commission on Civil Status (ICCS / CIEC); depositary: Swiss Federal Council,International Commission on Civil Status ; depositary: Swiss Federal Council,public,1977,1977 (signed Athens 15 Sep 1977; in force 1 Nov 1981),,in force,regional,treaty-instrument,mandatory,mandate-driven,governance-mutual-recognition,mutual-recognition,Product integrity,Counterfeiting & falsification,high,"Legal, notarial & e-commerce",high,legal / civil status / document authentication,Adjacent: Legal & Notarial,"authenticity-anti-counterfeit,identity",document fraud and burdensome cross-border authentication barriers,adjacent context,Hague Apostille Convention (1961) [parallel/precursor],"Per the official ICCS/CIEC convention page: signed at Athens, 15 September 1977; 14 states signed, of which 10 have ratified — Austria, France, Italy, Luxembourg, Netherlands, Poland, Portugal, Spain, Turkey and Greece (ratifications between 1978 and 2014) — with Belgium, Germany and Switzerland having signed but not ratified; territorially extended to Aruba in 2015. [https://ciec1.org/en/convention/convention-no-17-on-the-exemption-from-legalization-of-certain-records-and-documents/]",1,No published effectiveness/outcome study located this session. [https://ciec1.org/en/convention/convention-no-17-on-the-exemption-from-legalization-of-certain-records-and-documents/],0,No published compliance-cost figure identified,0,https://ciec1.org/en/convention/convention-no-17-on-the-exemption-from-legalization-of-certain-records-and-documents/,"Confirmed on ciec1.org that CIEC Convention No. 17 was signed at Athens on 15 Sep 1977, entered into force 1 Nov 1981, and exempts civil-status/capacity/nationality documents from legalisation among member states, with the Swiss Federal Council as depositary."
649,Convention on the Control and Marking of Articles of Precious Metals (Hallmarking Convention) — Common Control Mark (CCM),CCM / Hallmarking Convention,"Standing Committee, Convention on the Control and Marking of Articles of Precious Metals (International Hallmarking Convention)",Standing Committee,public,1972,1972,,in force,regional,treaty-instrument,voluntary,hybrid,governance-mutual-recognition,mutual-recognition,Product integrity,Counterfeiting & falsification,high,"Minerals, metals & responsible sourcing",high,precious metals / jewellery,Cross-sector Horizontal,"composition,authenticity-anti-counterfeit",fraud on precious-metal fineness (consumers cheated on gold/silver content),mandate-owner to recognize,national hallmarking laws and assay-office marks,"Per the Convention's own official site: signed in Vienna, November 1972, entered into force 1975; 22 contracting states as of Italy's accession in December 2023 (Austria, Croatia, Cyprus, Czech Republic, Denmark, Finland, Hungary, Ireland, Israel, Italy, Latvia, Lithuania, Netherlands, Norway, Poland, Portugal, Serbia, Slovak Republic, Slovenia, Sweden, Switzerland, United Kingdom). [https://hallmarkingconvention.org/en/members]",1,No published effectiveness/outcome study located this session. [https://hallmarkingconvention.org/en/members],0,No published compliance-cost figure identified,0,https://hallmarkingconvention.org/en/about-what-is-the-convention,"Confirmed on hallmarkingconvention.org: Convention signed Vienna Nov 1972, in force 1975; CCM is first international hallmark, scope strictly limited to precious-metal fineness, articles mutually recognized by Contracting States without further testing/marking."
650,Marbetes y Precintos fiscales para bebidas alcohólicas (fiscal control stamps and seals for alcoholic beverages),Marbete / Precinto,"Servicio de Administración Tributaria (SAT), Mexico",Servicio de Administración Tributaria,public,1961,,http://omawww.sat.gob.mx/Paginas/marbetes.aspx,in force,national,binding-regulation,mandatory,mandate-driven,identifier,standalone-silo,Product integrity,Illicit trade & tax/excise evasion,high,Tobacco & excise goods,high,alcoholic beverages / tax administration,Excise & Environmental,"authenticity-anti-counterfeit,compliance-conformity",alcohol excise-tax evasion and illicit/adulterated liquor,mandate-owner to recognize,Ley del Impuesto Especial sobre Producción y Servicios (LIEPS),No published figure identified (checked),0,No published evaluation identified (checked),0,No published compliance-cost figure identified,0,https://www.diputados.gob.mx/LeyesBiblio/pdf/LIEPS.pdf,"Confirmed in official LIEPS text (Cámara de Diputados), Art. 3: marbete is the 'signo distintivo de control fiscal y sanitario' affixed to alcoholic-beverage containers (physical or electronic authorized folio) delivered by SAT; precinto is the seal for containers exceeding 5,000 ml. SAT portal itself returned 403/robots, so verified via the statute. [Batch year-fill: 1961 (SAT's official page states the marbete's legal antecedent (Ley Federal del Impuesto de Envasamiento de las Bebidas Alcohólicas) was published in the DOF on Dec 31, 1960, and the federal marbete was actually implemented in 1961 for bottles up to five liters.), high confidence. http://omawww.sat.gob.mx/Paginas/marbetes.aspx]"
652,Wolfsberg Financial Crime Principles for Correspondent Banking,Wolfsberg CB Principles,The Wolfsberg Group,The Wolfsberg Group,private,2022,2022,,in force,sectoral,private-industry-scheme,voluntary,hybrid,governance-mutual-recognition,mutual-recognition,Financial integrity,"Financial crime, AML & mispriced risk",high,Financial services & AML,high,correspondent banking / financial crime compliance,Cross-sector Horizontal,"compliance-conformity,identity","money laundering, terrorist financing and sanctions evasion through cross-border correspondent banking",peer framework,FATF Recommendations,"The Wolfsberg Group was founded in 2000 by 13 global banks. Its Correspondent Banking Due Diligence Questionnaire (CBDDQ, which operationalizes the CB Principles) was formally welcomed by the Basel Committee on Banking Supervision, CPMI, FATF and the Financial Stability Board in a joint March 2018 statement, and is described by the Basel Institute on Governance as the 'de facto industry standard' for correspondent-banking due diligence. [https://bis.org/press/p180306a.htm; https://baselgovernance.org/blog/collective-action-banking-wolfsberg-groups-role-fast-evolving-industry]",1,"limited/mixed — in that same 2018 statement, the BCBS cautioned the questionnaire should be used only 'as a starting point for the risk assessment,' not a substitute for it; the FSB has separately documented that fixed KYC/due-diligence costs continued to drive roughly one-fifth of correspondent-banking relationship terminations even after the Principles/CBDDQ were in wide use, i.e. adoption of the standard has not eliminated the de-risking problem it targets. [https://bis.org/press/p180306a.htm; https://baselgovernance.org/blog/collective-action-banking-wolfsberg-groups-role-fast-evolving-industry]",1,No published compliance-cost figure identified,0,https://wolfsberg-group.org/resources/202/91,"Confirmed on official Wolfsberg Group site: 2022 Financial Crime Principles for Correspondent Banking, published by the Wolfsberg Group (association of thirteen global banks), framed as voluntary global guidance."
653,PCI Software Security Framework (Secure Software Standard & Secure SLC Standard),PCI SSF,PCI Security Standards Council (PCI SSC),PCI Security Standards Council,private,2019,2019,,in force,sectoral,private-industry-scheme,de-facto-required-for-market-access,mandate-driven,conformity-assessment-certification,mutual-recognition,Digital systems and data,Cybersecurity compromise & data interception,high,Payments & cards,high,payment application / payment software security,Adjacent: Payments,"safety,compliance-conformity",cardholder data compromise via insecure payment software,adjacent context,PCI DSS; PA-DSS (predecessor),No verified figure for number of vendors/products currently validated under the Secure Software Standard could be retrieved this session (the PCI SSC's live listings page requires interactive loading). [https://listings.pcisecuritystandards.org/documents/SSF_At-a-Glance.pdf],0,No published evaluation identified (checked),0,No published compliance-cost figure identified,0,https://www.pcisecuritystandards.org/standards/secure-software-lifecycle-secure-slc/,"Confirmed on official PCI SSC standards page: the Secure Software Standard and Secure SLC Standard together form the Software Security Framework, published by PCI SSC for software vendors/developers."
654,PCI Card Production and Provisioning Security Requirements (Physical & Logical),PCI CPP,PCI Security Standards Council (PCI SSC),PCI Security Standards Council,private,2022,2022,,in force,sectoral,private-industry-scheme,de-facto-required-for-market-access,mandate-driven,conformity-assessment-certification,mutual-recognition,Product integrity,Counterfeiting & falsification,high,Payments & cards,high,payment card manufacturing / personalization / provisioning,Adjacent: Payments,"authenticity-anti-counterfeit,chain-of-custody,safety",counterfeit or compromised payment cards and cryptographic key compromise during card production,adjacent context,(no explicit dependency identified),No published figure identified (checked),0,No published evaluation identified (checked),0,No published compliance-cost figure identified,0,https://www.pcisecuritystandards.org/standards/card-production-and-provisioning-physical/,"Confirmed on official PCI SSC page: Card Production and Provisioning Security Requirements (physical and logical, current v3.0 released 2022), published by PCI SSC, covering manufacturers, personalizers and secure-element provisioning."
655,PCI Token Service Provider Security Requirements,PCI TSP,PCI Security Standards Council (PCI SSC),PCI Security Standards Council,private,2015,2015,,in force,sectoral,private-industry-scheme,de-facto-required-for-market-access,mandate-driven,conformity-assessment-certification,mutual-recognition,Digital systems and data,Cybersecurity compromise & data interception,high,Payments & cards,high,payments / EMV payment tokenization,Adjacent: Payments,"safety,compliance-conformity,identity",compromise of payment token generation and issuance,adjacent context,EMV Payment Tokenisation Specification (EMVCo),No published figures: PCI SSC's own FAQ explicitly states 'there are currently no plans for PCI SSC to list Token Service Providers that have been assessed to the PCI TSP Security Requirements' (FAQ dated Dec 2015). [https://listings.pcisecuritystandards.org/documents/FAQs_for_TSP_Requirements_v1.pdf],0,No published evaluation identified (checked),0,No published compliance-cost figure identified,0,https://www.pcisecuritystandards.org/standards/token-service-provider-tsp/,Confirmed on official PCI SSC page: TSP Security Requirements apply to entities that generate and issue EMV payment tokens under the EMV Payment Tokenisation Specification Technical Framework; published by PCI SSC.
656,EMV Level 1 / Level 2 / Level 3 Type Approval & Testing,EMV L1/L2/L3,EMVCo,EMVCo,private,1999,ongoing (program continuously maintained),https://www.emvco.com/knowledge-hub/advancing-seamless-and-secure-payments-in-2025/,in force,sectoral,private-industry-scheme,de-facto-required-for-market-access,hybrid,conformity-assessment-certification,mutual-recognition,System interoperability,Interoperability & fragmentation failure,high,Payments & cards,high,"payments / POS terminals, chip cards and mobile acceptance",Adjacent: Payments,"compliance-conformity,safety",payment interoperability failures and non-conforming payment acceptance devices,adjacent context,EMV Specifications; ISO/IEC 7816 & ISO/IEC 14443,"94% of all card-present transactions were EMV chip-based as of June 2023; 12.8bn EMV chip payment cards were in global circulation at end of Q2 2023; cumulative 10,147 EMVCo-approved/evaluated products, of which 1,896 approvals were published in 2023 alone (EMVCo Annual Report 2023). [https://www.emvco.com/wp-content/uploads/2024/01/EMVCo-Annual-Report-2023.pdf]",1,No published evaluation identified (checked),0,No published compliance-cost figure identified,0,https://www.emvco.com/knowledge-hub/what-are-emv-level-1-and-level-2-testing/,"Confirmed on official EMVCo knowledge hub: EMV L1 (physical/RF interface), L2 (kernel/payment application) and L3 (terminal integration) testing/type-approval defined and overseen by EMVCo (testing by recognized labs) to ensure interoperability and conformance. [Batch year-fill: 1999 (EMVCo, the organization that administers the EMV Level 1/2/3 Type Approval & Testing program, was formed/established in 1999), medium confidence. https://www.emvco.com/knowledge-hub/advancing-seamless-and-secure-payments-in-2025/]"
662,Egypt Pharmaceutical Track and Trace System,,Egyptian Drug Authority (EDA),Egyptian Drug Authority,public,2026,2026 (first phase launched),,phased-in,national,binding-regulation,mandatory,mandate-driven,traceability-exchange-protocol,standalone-silo,Product integrity,Counterfeiting & falsification,high,Pharmaceuticals & medical devices,high,pharmaceuticals,Cross-sector Horizontal,"authenticity-anti-counterfeit,chain-of-custody,origin-provenance","counterfeit, falsified and diverted medicines",mandate-owner to recognize,(no explicit dependency identified),No published figure identified (checked),0,No published evaluation identified (checked),0,No published compliance-cost figure identified,0,https://edaegypt.gov.eg/en/media-center/news/eda-chairman-launches-the-first-phase-of-the-pharmaceutical-track-and-trace-system-at-giza-ambulance-pharmacy/,"EDA official news confirms national Pharmaceutical Track and Trace System, unique serial per pack, first phase launched 4 Mar 2026 for imported Schedule I narcotics, phased to all products; 'UTrack' name and tobacco scope NOT confirmed by EDA."
663,ICMJE Clinical Trial Registration Policy,ICMJE,International Committee of Medical Journal Editors (ICMJE),International Committee of Medical Journal Editors,private,2005,2005 (effective; 2004 statement),,in force,global-multilateral,voluntary-consensus-standard,de-facto-required-for-market-access,hybrid,data-credential-model,mutual-recognition,Digital systems and data,"Data, research & assurance integrity failure",high,Research & data integrity,high,biomedical/clinical-trials,Adjacent: Research & Data,"compliance-conformity,authenticity-anti-counterfeit","publication bias, selective/non-reporting of trial results",adjacent context,WHO International Clinical Trials Registry Platform (ICTRP); WHO Trial Registration Data Set,"17 journals are official ICMJE member journals; ICMJE states a 'large number' of other journals worldwide voluntarily follow its Recommendations but says it 'no longer maintains a list' of self-reporting adopters, so no global count is published. [https://www.icmje.org/recommendations/browse/publishing-and-editorial-issues/clinical-trial-registration.html]",1,"A PLOS ONE audit of ClinicalTrials.gov drug-trial registrations found registration compliance incomplete under the policy: only 34.9% of primary/secondary outcomes were registered with a specific measure and meaningful timeframe, and industry-funded trials under-reported contact info (53.7% vs 94.4% for non-industry trials); authors concluded transparency benefits were 'currently undermined by deficiencies in the provision of information' — a limited/mixed effectiveness verdict. [https://www.icmje.org/recommendations/browse/publishing-and-editorial-issues/clinical-trial-registration.html]",1,No published compliance-cost figure identified,0,https://www.icmje.org/recommendations/browse/publishing-and-editorial-issues/clinical-trial-registration.html,ICMJE recommendations page confirms mandatory prospective registration in a public registry (WHO ICTRP primary registries or ClinicalTrials.gov) at/before first patient enrollment as condition of publication; retrospective registration rejected.
664,ISO 16363 Audit and Certification of Trustworthy Digital Repositories,ISO 16363,International Organization for Standardization (ISO),ISO / IEC,hybrid,2012,"2012 (1st ed., withdrawn); 2025 (2nd ed., current)",,in force,global-multilateral,voluntary-consensus-standard,voluntary,market-driven,conformity-assessment-certification,mutual-recognition,Digital systems and data,"Data, research & assurance integrity failure",high,Research & data integrity,high,digital-preservation/research-data-repositories,Adjacent: Research & Data,"chain-of-custody,authenticity-anti-counterfeit,compliance-conformity",loss or corruption of long-term digital/research records,adjacent context,ISO 14721 OAIS reference model; TRAC/TDR criteria,"The U.S. Government Publishing Office (GPO) became the first U.S. organization and second organization worldwide to achieve formal ISO 16363:2012 certification for its govinfo repository, awarded January 15, 2019 by the Primary Trustworthy Digital Repository Authorisation Body (109 criteria assessed). [https://www.govinfo.gov/features/tdr-certification]",1,No published evaluation identified (checked),0,No published compliance-cost figure identified,0,https://www.iso.org/standard/87472.html,"iso.org confirms full title 'Space data and information transfer systems - Audit and certification of trustworthy digital repositories'; 2012 1st ed. withdrawn 5 Mar 2025, superseded by current ISO 16363:2025 (2nd ed., published March 2025)."
665,TRUST Principles for Digital Repositories,TRUST,"Digital repository community (Lin et al., published in Nature Scientific Data)",Digital repository community,NGO-multistakeholder,2020,2020,,in force,global-multilateral,voluntary-consensus-standard,voluntary,market-driven,governance-mutual-recognition,mutual-recognition,Digital systems and data,"Data, research & assurance integrity failure",high,Research & data integrity,high,research-data-repositories/digital-preservation,Adjacent: Research & Data,"chain-of-custody,compliance-conformity,authenticity-anti-counterfeit",unreliable repositories; loss of trust in preserved research data,adjacent context,FAIR Data Principles; CoreTrustSeal,"160 data repositories worldwide currently hold CoreTrustSeal certification — the certification scheme that most closely operationalizes trustworthy-repository criteria aligned with TRUST — per coretrustseal.org (figure is for the related CoreTrustSeal network, not a direct TRUST-principles adoption count). [https://www.nature.com/articles/s41597-020-0486-7]",1,No published evaluation identified (checked),0,No published compliance-cost figure identified,0,https://www.nature.com/articles/s41597-020-0486-7,"Nature Scientific Data 7:144, published 14 May 2020, led by Dawei Lin (19 authors); TRUST = Transparency, Responsibility, User focus, Sustainability, Technology."
666,ARRIVE Guidelines 2.0 (Animal Research: Reporting of In Vivo Experiments),ARRIVE 2.0,"NC3Rs (National Centre for the Replacement, Refinement and Reduction of Animals in Research)",NC3Rs,hybrid,2020,2020 (v2.0; original 2010),,in force,global-multilateral,voluntary-consensus-standard,voluntary,market-driven,data-credential-model,mutual-recognition,Digital systems and data,"Data, research & assurance integrity failure",high,Research & data integrity,high,biomedical/animal-research,Adjacent: Research & Data,"compliance-conformity,authenticity-anti-counterfeit","irreproducible, poorly reported animal research; wasted resources and animals",adjacent context,ARRIVE guidelines (2010),No published figure identified (checked),0,"A cross-sectional analysis of 943 published animal studies found reporting quality significantly improved across three periods: pre-ARRIVE 1.0 (2005–2010, 53.95% rated 'average' or better), post-ARRIVE 1.0 (2014–2019, 73.94%), and post-ARRIVE 2.0 (2021, 90.20%; p<0.001) — but zero of the 943 studies fully reported all 38 ARRIVE items, indicating a positive-but-incomplete ('mixed') effectiveness verdict. [https://cdt.amegroups.org/article/view/132375/html]",1,No published compliance-cost figure identified,0,https://journals.plos.org/plosbiology/article?id=10.1371%2Fjournal.pbio.3000410,"PLOS Biology, published 14 July 2020 (pbio.3000410); NC3Rs; Essential 10 + Recommended Set checklist updating the original 2010 ARRIVE guidelines. Confirms candidate's 2020 date."
667,Governance implications of the use of artificial intelligence by organizations,ISO/IEC 38507:2022,ISO/IEC JTC 1/SC 40,ISO / IEC,hybrid,2022,2022,,in force,global-multilateral,voluntary-consensus-standard,voluntary,market-driven,governance-mutual-recognition,mutual-recognition,Digital systems and data,AI safety & governance failure,high,AI trust & safety,high,cross-sector / AI governance,Adjacent: AI Trust,"compliance-conformity,safety","unaccountable organizational AI use, governance and oversight gaps",adjacent context,ISO/IEC 38500 (governance of IT),No published figure identified (checked),0,No published evaluation identified (checked),0,No published compliance-cost figure identified,0,https://www.iso.org/standard/56641.html,"Confirmed via iso.org catalogue: 'Information technology - Governance of IT - Governance implications of the use of AI by organizations', published 2022-04-08, Edition 1, status Published/in force."
668,Systems and software Quality Requirements and Evaluation (SQuaRE) - Guidance for quality evaluation of artificial intelligence (AI) systems,ISO/IEC TS 25058:2024,ISO/IEC JTC 1/SC 7,ISO / IEC,hybrid,2024,2024,,in force,global-multilateral,voluntary-consensus-standard,voluntary,market-driven,conformity-assessment-certification,mutual-recognition,Digital systems and data,AI safety & governance failure,high,AI trust & safety,high,software / AI systems,Adjacent: AI Trust,"safety,compliance-conformity",unreliable or low-quality AI systems deployed without evaluation,adjacent context,ISO/IEC 25000 (SQuaRE) family; ISO/IEC 25059,No published figure identified (checked),0,No published evaluation identified (checked),0,No published compliance-cost figure identified,0,https://www.iso.org/standard/82570.html,"Confirmed via iso.org (std 82570) as ISO/IEC TS 25058:2024 'Guidance for quality evaluation of AI systems', published 2024; this is the AI-quality-evaluation standard in the candidate. Companion ISO/IEC 42105 excluded (see below) as still a draft."
673,Electronic Signatures and Infrastructures (ESI); General Policy Requirements for Trust Service Providers,ETSI EN 319 401,European Telecommunications Standards Institute (ETSI),European Telecommunications Standards Institute,hybrid,2021,2021,,in force,regional,govt-referenced-standard,de-facto-required-for-market-access,mandate-driven,conformity-assessment-certification,mutual-recognition,Digital systems and data,Cybersecurity compromise & data interception,high,"Legal, notarial & e-commerce",high,digital identity / trust services,Adjacent: Legal & Notarial,"identity,compliance-conformity",untrustworthy electronic signatures and identity trust services,adjacent context,eIDAS Regulation (EU) 910/2014,No published figure identified (checked),0,No published evaluation identified (checked),0,No published compliance-cost figure identified,0,https://www.etsi.org/deliver/etsi_en/319400_319499/319401/02.03.01_60/en_319401v020301p.pdf,"Confirmed via ETSI PDF (EN 319 401 V2.3.1, May 2021): general policy requirements for all TSPs independent of type; underpins EU Regulation 910/2014 and is the base for EN 319 411."
674,OpenSSF Best Practices Badge (formerly CII Best Practices Badge),OpenSSF Best Practices Badge,"Open Source Security Foundation (OpenSSF), Linux Foundation",Open Source Security Foundation,NGO-multistakeholder,2021,2021,,in force,global-multilateral,NGO-multistakeholder-scheme,voluntary,market-driven,conformity-assessment-certification,standalone-silo,Digital systems and data,Cybersecurity compromise & data interception,high,Cybersecurity & software supply chain,high,open-source software / cybersecurity,Adjacent: Cybersecurity & Software,"compliance-conformity,safety",insecure open-source software lacking basic security hygiene,adjacent context,"Originated in 2014 as the Linux Foundation's Core Infrastructure Initiative (CII) Best Practices Badge, launched in response to the Heartbleed vulnerability; renamed and moved under the OpenSSF Best Practices Working Group in Dec 2021.","11,308 registered open-source projects listed on bestpractices.dev as of this session (checked 24 Jul 2026), including Linux, Kubernetes, curl, Node.js and GitLab among badge earners. [https://www.bestpractices.dev/en/projects; https://github.com/coreinfrastructure/best-practices-badge]",1,No published evaluation identified (checked),0,No published compliance-cost figure identified,0,https://openssf.org/projects/best-practices-badge/,"Confirmed via OpenSSF project page: voluntary self-certification badge (passing/silver/gold), formerly the CII Best Practices Badge, renamed under OpenSSF in 2021."
675,Graph for Understanding Artifact Composition,GUAC,"Open Source Security Foundation (OpenSSF), Linux Foundation",Open Source Security Foundation,NGO-multistakeholder,2024,2024,,in force,global-multilateral,NGO-multistakeholder-scheme,voluntary,market-driven,traceability-exchange-protocol,mutual-recognition,Digital systems and data,Cybersecurity compromise & data interception,high,Cybersecurity & software supply chain,high,software / cybersecurity,Adjacent: Cybersecurity & Software,"composition,chain-of-custody",opaque software supply chains and undetected vulnerable components,adjacent context,"SBOM standards (SPDX, CycloneDX); SLSA; in-toto","Joined OpenSSF as an Incubating Project on 7 Mar 2024; collaborating organizations named on the project site include Google, Kusari, Red Hat, Purdue University and Citi (no independent scale/penetration figure published). [https://openssf.org/blog/2024/03/07/guac-joins-openssf-as-incubating-project/; https://github.com/guacsec/guac]",1,No published evaluation identified (checked),0,No published compliance-cost figure identified,0,https://openssf.org/projects/guac/,Confirmed via OpenSSF project page and guac.sh announcement: GUAC joined OpenSSF as an incubating project on 7 Mar 2024; aggregates SBOM/security metadata into a graph database.
676,Microsoft Trusted Root Program,,Microsoft Corporation,Microsoft Corporation,private,,,,in force,global-multilateral,private-industry-scheme,de-facto-required-for-market-access,market-driven,governance-mutual-recognition,mutual-recognition,Digital systems and data,Cybersecurity compromise & data interception,high,Internet infrastructure & Web PKI,high,PKI / web and code-signing security,Adjacent: Cybersecurity & Software,"identity,authenticity-anti-counterfeit",untrusted or malicious certificate authorities enabling impersonation and man-in-the-middle attacks,adjacent context,CA/Browser Forum Baseline Requirements; WebTrust / ETSI EN 319 411 audits; CCADB,"548 CA certificates currently listed as included/pending in Microsoft's program per the CCADB 'Included CA Certificate Report for MSFT,' fetched this session (24 Jul 2026). [https://ccadb.my.salesforce-sites.com/microsoft/IncludedCACertificateReportForMSFTCSV; https://learn.microsoft.com/en-us/security/trusted-root/audit-requirements]",1,No published evaluation identified (checked),0,No published compliance-cost figure identified,0,https://learn.microsoft.com/en-us/security/trusted-root/program-requirements,"Confirmed via Microsoft Learn program requirements: Microsoft-owned program admitting CAs to the Windows root store; requires annual WebTrust/ETSI qualifying audits and CCADB disclosure. Founding year not stated by source, left blank."
677,Common CA Database,CCADB,"Linux Foundation (root store operators: Mozilla, Microsoft, Google, Apple)",Linux Foundation,hybrid,2016,,https://groups.google.com/a/ccadb.org/g/public/c/-IvBRpATq1k/m/WRoLj4_fAQAJ,in force,global-multilateral,NGO-multistakeholder-scheme,de-facto-required-for-market-access,market-driven,governance-mutual-recognition,mutual-recognition,Digital systems and data,Cybersecurity compromise & data interception,high,Internet infrastructure & Web PKI,high,PKI / web security,Adjacent: Cybersecurity & Software,"identity,compliance-conformity",opaque or misissued certificates and lack of transparency across the CA ecosystem,adjacent context,Root store policies of Mozilla/Microsoft/Google/Apple; CA/Browser Forum requirements,"Mozilla's Included CA Certificate Report, hosted on CCADB infrastructure, lists 4,257 CA certificates (root and intermediate) as of this session (24 Jul 2026); CCADB is used jointly by the Mozilla, Microsoft, and (per ccadb.org) other root-store operator programs. [https://ccadb.my.salesforce-sites.com/mozilla/IncludedCACertificateReportPEMCSV; https://www.ccadb.org/resources]",1,No published evaluation identified (checked),0,No published compliance-cost figure identified,0,https://www.ccadb.org/,"Confirmed via CCADB official site: repository of CA information governed by the Linux Foundation and used by root store operators (Mozilla, Microsoft, Google, Apple) for CA management, transparency and interoperability. Founding year not stated by source, left blank. [Batch year-fill: 2016 (adopted/established as shared multi-party database), medium confidence. https://groups.google.com/a/ccadb.org/g/public/c/-IvBRpATq1k/m/WRoLj4_fAQAJ]"
678,SASB Standards (Sustainability Accounting Standards),SASB,IFRS Foundation / International Sustainability Standards Board (ISSB); originally the Sustainability Accounting Standards Board,IFRS Foundation / International Sustainability Standards Board ; originally the Sustainability Accounting Standards Board,NGO-multistakeholder,2018,2018,,in force,global-multilateral,voluntary-consensus-standard,voluntary,market-driven,data-credential-model,mutual-recognition,Product integrity,Greenwashing & ESG/climate misrepresentation,high,Cross-sector conformity assessment & accreditation,high,corporate sustainability reporting / finance,Cross-sector Horizontal,"sustainability-carbon,compliance-conformity",inconsistent or greenwashed sustainability disclosures misleading investors,component standard,Now incorporated into IFRS S1/S2 (ISSB); builds on TCFD,"608 of 1,201 (51%) S&P Global 1200 companies disclosed using SASB Standards in investor communications as of 22 Sept 2021, per the standard-setter's own press release. [https://www.globenewswire.com/news-release/2021/09/22/2301122/0/en/More-Than-Half-of-S-P-Global-1200-Now-Disclose-Using-SASB-Standards.html; https://www.ifrs.org/news-and-events/news/2025/07/issb-comprehensive-review-sasb/]",1,No published evaluation identified (checked),0,No published compliance-cost figure identified,0,https://www.ifrs.org/issued-standards/sasb-standards/sasb-history/,Confirmed via IFRS Foundation SASB history page: SASB Standards published 2018; Value Reporting Foundation consolidated into IFRS Foundation 1 Aug 2022; now maintained by the ISSB.
679,FIPS 140-3 Security Requirements for Cryptographic Modules,FIPS 140-3,National Institute of Standards and Technology (NIST),NIST,public,2019,2019,,in force,national,govt-referenced-standard,de-facto-required-for-market-access,mandate-driven,conformity-assessment-certification,mutual-recognition,Digital systems and data,Cybersecurity compromise & data interception,high,Cybersecurity & software supply chain,high,cybersecurity / cryptographic modules,Adjacent: Cybersecurity & Software,"compliance-conformity,safety",compromise of sensitive data via unvalidated/weak cryptography,adjacent context,ISO/IEC 19790:2012; ISO/IEC 24759,"1,145 active validated cryptographic modules found in NIST's CMVP search (fetched this session, 24 Jul 2026), including modules from Google, AWS, Cisco, Apple, Samsung, and Dell. [https://csrc.nist.gov/projects/cryptographic-module-validation-program/validated-modules/search; https://www.nist.gov/publications/fips-140-3-adopts-isoiec-standards]",1,No published evaluation identified (checked),0,No published compliance-cost figure identified,0,https://csrc.nist.gov/pubs/fips/140-3/final,"Confirmed on NIST CSRC: FIPS 140-3 published by NIST, effective 22 Mar 2019, superseding FIPS 140-2; basis for the Cryptographic Module Validation Program (CMVP); aligns with ISO/IEC 19790."
680,GlobalPlatform TEE Protection Profile & Secure Element Protection Profile,TEE PP (GPD_SPE_021) / SE PP (GPC_SPE_174),"GlobalPlatform, Inc.",GlobalPlatform,private,2013,2013,,in force,global-multilateral,voluntary-consensus-standard,de-facto-required-for-market-access,market-driven,conformity-assessment-certification,mutual-recognition,Digital systems and data,Cybersecurity compromise & data interception,high,Payments & cards,high,secure hardware / mobile / payments / IoT,Adjacent: Payments,"compliance-conformity,safety,authenticity-anti-counterfeit",insecure secure-element/TEE hardware enabling fraud or data compromise,adjacent context,Common Criteria / ISO/IEC 15408,16 March 2017: Trustonic's Kinibi TEE became the first product globally to achieve Common Criteria certification against the GlobalPlatform TEE Protection Profile (EAL2+); GlobalPlatform's release stated Kinibi was already embedded in 'more than one billion devices' at that time. [https://globalplatform.org/latest-news/trustonic-device-security-platform-achieves-worlds-first-tee-security-certification-from-common-criteria/],1,No published evaluation identified (checked),0,No published compliance-cost figure identified,0,https://globalplatform.org/specs-library/tee-protection-profile-v1-3/,"Confirmed on globalplatform.org: TEE Protection Profile GPD_SPE_021 v1.3 (Sept 2020; first v1 2013) and Secure Element Protection Profile GPC_SPE_174 v2.0 (July 2025), published by GlobalPlatform as references for Common Criteria evaluation."
681,ICC Uniform Rules for Forfaiting,URF 800,"International Chamber of Commerce (ICC), with International Trade and Forfaiting Association (ITFA)",International Chamber of Commerce,private,2013,2013,,in force,global-multilateral,private-industry-scheme,voluntary,market-driven,governance-mutual-recognition,mutual-recognition,System interoperability,Interoperability & fragmentation failure,high,"Trade, customs & logistics",high,trade finance / forfaiting,Cross-sector Horizontal,"compliance-conformity,chain-of-custody",legal uncertainty and disputes in cross-border trade finance,peer framework,ICC trade finance rules framework (developed with ITFA),"UNCITRAL (UN Commission on International Trade Law) formally endorsed URF 800 at its 50th plenary session, Vienna, 14 July 2017 — the first global standardized rules for forfaiting, per ICC's own announcement. [https://iccwbo.org/news-publications/news/un-endorses-icc-uniform-rules-forfaiting-urf-800/]",1,No published evaluation identified (checked),0,No published compliance-cost figure identified,0,https://iccwbo.org/news-publications/news/un-endorses-icc-uniform-rules-forfaiting-urf-800/,"Confirmed via ICC: URF 800 published by ICC with ITFA, effective 1 Jan 2013, endorsed by UNCITRAL on 14 July 2017; standardizes forfaiting transactions worldwide."
684,Proprietary Fingerprint Template Evaluation (PFT III),PFT III,"National Institute of Standards and Technology (NIST), ITL Image / Biometric Technologies Group",NIST,public,2019,2019,,in force,national,govt-referenced-standard,voluntary,hybrid,conformity-assessment-certification,standalone-silo,Digital systems and data,"Data, research & assurance integrity failure",high,Digital identity & civil registration,high,biometrics / identity,Adjacent: Identity & PKI,identity,inaccurate fingerprint matching causing false identification,adjacent context,ANSI/NIST-ITL fingerprint data standards,"60 template submissions from approximately 30 vendors across multiple countries (US, China, Lithuania, Germany, France, Japan, and others), per NIST's PFT III results page. [https://pages.nist.gov/pft/results/pftiii/]",1,No published evaluation identified (checked),0,No published compliance-cost figure identified,0,https://www.nist.gov/itl/iad/image-group/proprietary-fingerprint-template-pft-iii,"Confirmed on nist.gov: PFT III is NIST's ongoing one-to-one proprietary fingerprint template matching evaluation (succeeded PFT II 2010-2019, original PFT 2003-2010); run by NIST ITL."
685,Slap Fingerprint Segmentation Evaluation (SlapSeg),SlapSeg,"National Institute of Standards and Technology (NIST), ITL Biometric Technologies Group",NIST,public,2004,2004,,in force,national,govt-referenced-standard,voluntary,hybrid,conformity-assessment-certification,standalone-silo,Digital systems and data,"Data, research & assurance integrity failure",high,Digital identity & civil registration,high,biometrics / identity,Adjacent: Identity & PKI,identity,poor slap-print segmentation degrading downstream fingerprint matching,adjacent context,ANSI/NIST-ITL fingerprint data standards,"17 vendor/algorithm submissions in SlapSegII (2009); ~10-12 active vendor submissions (IDEMIA, NEC, Thales, DERMALOG, Neurotechnology, Innovatrics, ROC, Rank One Computing, etc.) in the ongoing SlapSeg III cycle, with active entries dated 2022-2025 [https://tsapps.nist.gov/publication/get_pdf.cfm?pub_id=901467]",1,"mixed - NISTIR 7553 (Jan 2009) found leading algorithms segmented 94-99% of four-finger slap images correctly (96-99% for 'any 3 fingers' on 3-inch slaps; 94-97% for all 5 finger positions among top performers), but accuracy varied widely across the 17 participants and thumb segmentation remained a persistent weak point across nearly all algorithms [https://tsapps.nist.gov/publication/get_pdf.cfm?pub_id=901467]",1,No published compliance-cost figure identified,0,https://www.nist.gov/programs-projects/slap-fingerprint-segmentation-evaluation-slapseg-overview,Confirmed on nist.gov: SlapSeg (SlapSeg04 first; SlapSegII/III ongoing) evaluates slap-fingerprint segmentation algorithms against reference data; run by NIST ITL.
686,Evaluation of Latent Fingerprint Technologies (ELFT),ELFT,"National Institute of Standards and Technology (NIST), ITL Image Group",NIST,public,2007,2007,,in force,national,govt-referenced-standard,voluntary,hybrid,conformity-assessment-certification,standalone-silo,Digital systems and data,"Data, research & assurance integrity failure",high,Digital identity & civil registration,high,biometrics / forensics,Adjacent: Identity & PKI,identity,inaccurate latent (forensic) fingerprint matching causing wrongful identification,adjacent context,ANSI/NIST-ITL Extended Feature Set (EFS),"5 commercial AFIS vendors (Sagem, NEC, Cogent, Sonda, Warwick) in ELFT-EFS Evaluation #1, completed March 2011, searching 1,114 latents from 837 subjects against 100,000 exemplars; grown to 22 participating vendors in the current 2026 evaluation cycle against FBI and DoD datasets [https://nvlpubs.nist.gov/nistpubs/Legacy/IR/nistir7775.pdf]",1,"mixed - NISTIR 7775 (ELFT-EFS Eval #1, 2011) explicitly states 'the effect of the use of EFS features other than minutiae was mixed,' with rank-1 identification rates of 40.6-59.4% for image-only search vs. 47.2-62.9% for image+full Extended Feature Set search (24.2-43.9% for minutiae-only), and the report noting the latent image itself was the single most effective search component; NISTIR 7859 (Eval #2, 2012) found improvements in most cases but characterized results only as 'promising,' recommending further study [https://nvlpubs.nist.gov/nistpubs/Legacy/IR/nistir7775.pdf]",1,No published compliance-cost figure identified,0,https://www.nist.gov/programs-projects/nist-evaluation-latent-fingerprint-technologies-elft,Confirmed on nist.gov: ELFT is NIST's ongoing evaluation of latent (forensic) fingerprint matching technologies (ELFT 07 first; ELFT-EFS evaluations); run by NIST ITL Image Group.
